2025-12-23 00:18:19,698 [DEBUG] [MainThread] [qasync._windows._EventPoller/_windows.py:215]: Starting (proactor: <_IocpProactor overlapped#=0 result#=0>)...
2025-12-23 00:18:19,702 [DEBUG] [Dummy-5] [qasync._windows._EventWorker/_windows.py:195]: Thread started
2025-12-23 00:18:19,703 [DEBUG] [MainThread] [systray_widget/systray.py:526]: Loading state from C:\Users\ratta\AppData\Local\YASB\systray_state_INCG27Q30UMB6CBWL.json
2025-12-23 00:18:19,705 [DEBUG] [SystrayMonitor] [systray_widget/systray.py:57]: Systray thread is starting...
2025-12-23 00:18:19,707 [DEBUG] [MainThread] [systray_widget/systray.py:526]: Loading state from C:\Users\ratta\AppData\Local\YASB\systray_state_EKLTDLU28R55H4ZMB00043.json
2025-12-23 00:18:19,727 [DEBUG] [MainThread] [systray_widget/systray.py:277]: Systray thread started
2025-12-23 00:18:19,927 [DEBUG] [SystrayMonitor] [systray_widget/systray_monitor.py:164]: Adding TaskbandHWND prop to hwnd 790986
2025-12-23 00:18:19,928 [DEBUG] [SystrayMonitor] [systray_widget/systray_monitor.py:242]: Finding real tray hwnd
2025-12-23 00:18:19,934 [DEBUG] [MainThread] [systray_widget/systray_monitor.py:157]: Sending TaskbarCreated message: 49341
2025-12-23 00:20:06,054 [INFO] [MainThread] [root/controller.py:15]: Reloading Application because of config change.
2025-12-23 00:20:06,162 [INFO] [MainThread] [cli_server/cli_server.py:112]: Log pipe server stopped
2025-12-23 00:20:06,163 [DEBUG] [MainThread] [cli_server/cli_server.py:206]: CLI server stopped
2025-12-23 00:20:06,166 [INFO] [MainThread] [root/bar_manager.py:76]: Successfully loaded updated config and re-initialised all bars.
2025-12-23 00:20:06,440 [INFO] [MainThread] [root/log.py:69]: YASB v1.8.6
2025-12-23 00:20:06,440 [INFO] [Thread-1 (_run_server)] [cli_server/cli_server.py:212]: CLI server started v1.1.4
2025-12-23 00:20:06,440 [INFO] [MainThread] [cli_server/cli_server.py:104]: Log pipe server started
2025-12-23 00:20:06,440 [INFO] [MainThread] [root/main.py:45]: Waiting for previous YASB instance to exit...
2025-12-23 00:20:06,456 [INFO] [MainThread] [root/bar_manager.py:92]: Stopping SystemEventListener...
2025-12-23 00:20:06,456 [INFO] [MainThread] [root/bar_manager.py:92]: Stopping WindowsNotificationEventListener...
2025-12-23 00:20:06,457 [DEBUG] [MainThread] [systray_widget/systray.py:504]: Saving state to disk
2025-12-23 00:20:06,457 [DEBUG] [MainThread] [systray_widget/systray.py:508]: Saving state to C:\Users\ratta\AppData\Local\YASB\systray_state_INCG27Q30UMB6CBWL.json
2025-12-23 00:20:06,458 [DEBUG] [MainThread] [systray_widget/utils.py:96]: Destroying window 790986
2025-12-23 00:20:06,459 [DEBUG] [MainThread] [systray_widget/systray.py:504]: Saving state to disk
2025-12-23 00:20:06,459 [DEBUG] [MainThread] [systray_widget/systray.py:508]: Saving state to C:\Users\ratta\AppData\Local\YASB\systray_state_EKLTDLU28R55H4ZMB00043.json
2025-12-23 00:20:06,460 [DEBUG] [MainThread] [systray_widget/utils.py:96]: Destroying window 790986
2025-12-23 00:20:06,488 [DEBUG] [MainThread] [qasync._windows._EventPoller/_windows.py:220]: Stopping worker thread...
2025-12-23 00:20:06,489 [DEBUG] [Dummy-5] [qasync._windows._EventWorker/_windows.py:204]: Exiting thread
2025-12-23 00:20:06,496 [DEBUG] [MainThread] [qasync._windows._IocpProactor/_windows.py:78]: Closing
2025-12-23 00:20:06,574 [DEBUG] [MainThread] [systray_widget/utils.py:96]: Destroying window 790986
2025-12-23 00:20:06,691 [INFO] [MainThread] [root/main.py:71]: Previous instance exited, continuing startup.
2025-12-23 00:20:07,063 [ERROR] [MainThread] [root/weather.py:60]: API key or location is missing. Please provide a valid API key and location.
2025-12-23 00:20:07,163 [INFO] [MainThread] [root/service.py:48]: AudioOutputService starting...
2025-12-23 00:20:07,643 [WARNING] [MainThread] [root/widget_builder.py:37]: Ignoring construction of invalid widget 'taskbar'
2025-12-23 00:20:07,672 [ERROR] [MainThread] [root/weather.py:60]: API key or location is missing. Please provide a valid API key and location.
2025-12-23 00:20:08,015 [INFO] [MainThread] [root/bar_manager.py:85]: Starting SystemEventListener...
2025-12-23 00:20:08,015 [INFO] [MainThread] [root/bar_manager.py:85]: Starting WindowsNotificationEventListener...
2025-12-23 00:20:08,016 [ERROR] [MainThread] [root/widget_builder.py:100]: Failed to validate widget(s) due to invalid options  - taskbar
      classes:
      - unknown field
      
2025-12-23 00:20:08,030 [INFO] [MainThread] [root/watcher.py:54]: Created file watcher for path C:\Users\ratta\.config\yasb
2025-12-23 00:20:08,054 [INFO] [MainThread] [root/update_service.py:409]: Background update checker started
2025-12-23 00:20:08,054 [DEBUG] [MainThread] [qasync._windows._EventPoller/_windows.py:215]: Starting (proactor: <_IocpProactor overlapped#=0 result#=0>)...
2025-12-23 00:20:08,056 [DEBUG] [Dummy-5] [qasync._windows._EventWorker/_windows.py:195]: Thread started
2025-12-23 00:20:08,057 [DEBUG] [MainThread] [systray_widget/systray.py:526]: Loading state from C:\Users\ratta\AppData\Local\YASB\systray_state_INCG27Q30UMB6CBWL.json
2025-12-23 00:20:08,058 [DEBUG] [SystrayMonitor] [systray_widget/systray.py:57]: Systray thread is starting...
2025-12-23 00:20:08,060 [DEBUG] [MainThread] [systray_widget/systray.py:526]: Loading state from C:\Users\ratta\AppData\Local\YASB\systray_state_EKLTDLU28R55H4ZMB00043.json
2025-12-23 00:20:08,095 [DEBUG] [MainThread] [systray_widget/systray.py:277]: Systray thread started
2025-12-23 00:20:08,274 [DEBUG] [SystrayMonitor] [systray_widget/systray_monitor.py:242]: Finding real tray hwnd
2025-12-23 00:20:08,297 [DEBUG] [SystrayMonitor] [systray_widget/systray_monitor.py:164]: Adding TaskbandHWND prop to hwnd 397820
2025-12-23 00:20:08,302 [DEBUG] [MainThread] [systray_widget/systray_monitor.py:157]: Sending TaskbarCreated message: 49341
2025-12-23 00:20:36,779 [INFO] [MainThread] [root/controller.py:15]: Reloading Application from tray...
2025-12-23 00:20:36,893 [INFO] [MainThread] [cli_server/cli_server.py:112]: Log pipe server stopped
2025-12-23 00:20:36,893 [DEBUG] [MainThread] [cli_server/cli_server.py:206]: CLI server stopped
2025-12-23 00:20:37,217 [INFO] [MainThread] [root/bar_manager.py:92]: Stopping SystemEventListener...
2025-12-23 00:20:37,217 [INFO] [MainThread] [root/bar_manager.py:92]: Stopping WindowsNotificationEventListener...
2025-12-23 00:20:37,218 [DEBUG] [MainThread] [systray_widget/systray.py:504]: Saving state to disk
2025-12-23 00:20:37,218 [DEBUG] [MainThread] [systray_widget/systray.py:508]: Saving state to C:\Users\ratta\AppData\Local\YASB\systray_state_INCG27Q30UMB6CBWL.json
2025-12-23 00:20:37,219 [DEBUG] [MainThread] [systray_widget/utils.py:96]: Destroying window 397820
2025-12-23 00:20:37,219 [DEBUG] [MainThread] [systray_widget/systray.py:504]: Saving state to disk
2025-12-23 00:20:37,219 [DEBUG] [MainThread] [systray_widget/systray.py:508]: Saving state to C:\Users\ratta\AppData\Local\YASB\systray_state_EKLTDLU28R55H4ZMB00043.json
2025-12-23 00:20:37,219 [DEBUG] [MainThread] [systray_widget/utils.py:96]: Destroying window 397820
2025-12-23 00:20:37,223 [DEBUG] [MainThread] [qasync._windows._EventPoller/_windows.py:220]: Stopping worker thread...
2025-12-23 00:20:37,230 [INFO] [MainThread] [root/log.py:69]: YASB v1.8.6
2025-12-23 00:20:37,231 [INFO] [Thread-1 (_run_server)] [cli_server/cli_server.py:212]: CLI server started v1.1.4
2025-12-23 00:20:37,231 [INFO] [MainThread] [cli_server/cli_server.py:104]: Log pipe server started
2025-12-23 00:20:37,232 [INFO] [MainThread] [root/main.py:45]: Waiting for previous YASB instance to exit...
2025-12-23 00:20:37,237 [DEBUG] [Dummy-5] [qasync._windows._EventWorker/_windows.py:204]: Exiting thread
2025-12-23 00:20:37,262 [DEBUG] [MainThread] [qasync._windows._IocpProactor/_windows.py:78]: Closing
2025-12-23 00:20:37,323 [DEBUG] [MainThread] [systray_widget/utils.py:96]: Destroying window 397820
2025-12-23 00:20:37,482 [INFO] [MainThread] [root/main.py:71]: Previous instance exited, continuing startup.
2025-12-23 00:20:37,780 [ERROR] [MainThread] [root/weather.py:60]: API key or location is missing. Please provide a valid API key and location.
2025-12-23 00:20:37,852 [INFO] [MainThread] [root/service.py:48]: AudioOutputService starting...
2025-12-23 00:20:38,362 [WARNING] [MainThread] [root/widget_builder.py:37]: Ignoring construction of invalid widget 'taskbar'
2025-12-23 00:20:38,403 [ERROR] [MainThread] [root/weather.py:60]: API key or location is missing. Please provide a valid API key and location.
2025-12-23 00:20:38,761 [INFO] [MainThread] [root/bar_manager.py:85]: Starting WindowsNotificationEventListener...
2025-12-23 00:20:38,762 [INFO] [MainThread] [root/bar_manager.py:85]: Starting SystemEventListener...
2025-12-23 00:20:38,762 [ERROR] [MainThread] [root/widget_builder.py:100]: Failed to validate widget(s) due to invalid options  - taskbar
      classes:
      - unknown field
      
2025-12-23 00:20:38,775 [INFO] [MainThread] [root/watcher.py:54]: Created file watcher for path C:\Users\ratta\.config\yasb
2025-12-23 00:20:38,798 [INFO] [MainThread] [root/update_service.py:409]: Background update checker started
2025-12-23 00:20:38,799 [DEBUG] [MainThread] [qasync._windows._EventPoller/_windows.py:215]: Starting (proactor: <_IocpProactor overlapped#=0 result#=0>)...
2025-12-23 00:20:38,800 [DEBUG] [Dummy-5] [qasync._windows._EventWorker/_windows.py:195]: Thread started
2025-12-23 00:20:38,801 [DEBUG] [MainThread] [systray_widget/systray.py:526]: Loading state from C:\Users\ratta\AppData\Local\YASB\systray_state_INCG27Q30UMB6CBWL.json
2025-12-23 00:20:38,802 [DEBUG] [SystrayMonitor] [systray_widget/systray.py:57]: Systray thread is starting...
2025-12-23 00:20:38,803 [DEBUG] [MainThread] [systray_widget/systray.py:526]: Loading state from C:\Users\ratta\AppData\Local\YASB\systray_state_EKLTDLU28R55H4ZMB00043.json
2025-12-23 00:20:38,841 [DEBUG] [MainThread] [systray_widget/systray.py:277]: Systray thread started
2025-12-23 00:20:38,952 [DEBUG] [SystrayMonitor] [systray_widget/systray_monitor.py:242]: Finding real tray hwnd
2025-12-23 00:20:39,042 [DEBUG] [SystrayMonitor] [systray_widget/systray_monitor.py:164]: Adding TaskbandHWND prop to hwnd 461420
2025-12-23 00:20:39,048 [DEBUG] [MainThread] [systray_widget/systray_monitor.py:157]: Sending TaskbarCreated message: 49341
2025-12-23 00:21:18,391 [INFO] [MainThread] [root/controller.py:15]: Reloading Application because of config change.
2025-12-23 00:21:18,496 [INFO] [MainThread] [cli_server/cli_server.py:112]: Log pipe server stopped
2025-12-23 00:21:18,496 [DEBUG] [MainThread] [cli_server/cli_server.py:206]: CLI server stopped
2025-12-23 00:21:18,500 [INFO] [MainThread] [root/bar_manager.py:76]: Successfully loaded updated config and re-initialised all bars.
2025-12-23 00:21:18,742 [INFO] [MainThread] [root/log.py:69]: YASB v1.8.6
2025-12-23 00:21:18,742 [INFO] [Thread-1 (_run_server)] [cli_server/cli_server.py:212]: CLI server started v1.1.4
2025-12-23 00:21:18,743 [INFO] [MainThread] [cli_server/cli_server.py:104]: Log pipe server started
2025-12-23 00:21:18,743 [INFO] [MainThread] [root/main.py:45]: Waiting for previous YASB instance to exit...
2025-12-23 00:21:18,807 [INFO] [MainThread] [root/bar_manager.py:92]: Stopping WindowsNotificationEventListener...
2025-12-23 00:21:18,807 [INFO] [MainThread] [root/bar_manager.py:92]: Stopping SystemEventListener...
2025-12-23 00:21:18,808 [DEBUG] [MainThread] [systray_widget/systray.py:504]: Saving state to disk
2025-12-23 00:21:18,808 [DEBUG] [MainThread] [systray_widget/systray.py:508]: Saving state to C:\Users\ratta\AppData\Local\YASB\systray_state_INCG27Q30UMB6CBWL.json
2025-12-23 00:21:18,809 [DEBUG] [MainThread] [systray_widget/utils.py:96]: Destroying window 461420
2025-12-23 00:21:18,809 [DEBUG] [MainThread] [systray_widget/systray.py:504]: Saving state to disk
2025-12-23 00:21:18,809 [DEBUG] [MainThread] [systray_widget/systray.py:508]: Saving state to C:\Users\ratta\AppData\Local\YASB\systray_state_EKLTDLU28R55H4ZMB00043.json
2025-12-23 00:21:18,810 [DEBUG] [MainThread] [systray_widget/utils.py:96]: Destroying window 461420
2025-12-23 00:21:18,813 [DEBUG] [MainThread] [qasync._windows._EventPoller/_windows.py:220]: Stopping worker thread...
2025-12-23 00:21:18,821 [DEBUG] [Dummy-5] [qasync._windows._EventWorker/_windows.py:204]: Exiting thread
2025-12-23 00:21:18,844 [DEBUG] [MainThread] [qasync._windows._IocpProactor/_windows.py:78]: Closing
2025-12-23 00:21:18,922 [DEBUG] [MainThread] [systray_widget/utils.py:96]: Destroying window 461420
2025-12-23 00:21:18,993 [INFO] [MainThread] [root/main.py:71]: Previous instance exited, continuing startup.
2025-12-23 00:21:19,326 [ERROR] [MainThread] [root/weather.py:60]: API key or location is missing. Please provide a valid API key and location.
2025-12-23 00:21:19,429 [INFO] [MainThread] [root/service.py:48]: AudioOutputService starting...
2025-12-23 00:21:19,889 [DEBUG] [MainThread] [root/pin_manager.py:163]: Loaded 0 pinned apps from C:\Users\ratta\AppData\Local\YASB\taskbar_pinned.json
2025-12-23 00:21:20,100 [INFO] [MainThread] [core.utils.widgets.taskbar.window_manager/window_manager.py:191]: TaskbarWindowManager is starting...
2025-12-23 00:21:20,144 [ERROR] [MainThread] [root/weather.py:60]: API key or location is missing. Please provide a valid API key and location.
2025-12-23 00:21:20,419 [INFO] [MainThread] [root/bar_manager.py:85]: Starting WindowsNotificationEventListener...
2025-12-23 00:21:20,420 [INFO] [MainThread] [root/bar_manager.py:85]: Starting SystemEventListener...
2025-12-23 00:21:20,420 [INFO] [MainThread] [root/watcher.py:54]: Created file watcher for path C:\Users\ratta\.config\yasb
2025-12-23 00:21:20,451 [INFO] [MainThread] [root/update_service.py:409]: Background update checker started
2025-12-23 00:21:20,451 [DEBUG] [MainThread] [qasync._windows._EventPoller/_windows.py:215]: Starting (proactor: <_IocpProactor overlapped#=0 result#=0>)...
2025-12-23 00:21:20,452 [DEBUG] [Dummy-5] [qasync._windows._EventWorker/_windows.py:195]: Thread started
2025-12-23 00:21:20,453 [DEBUG] [MainThread] [systray_widget/systray.py:526]: Loading state from C:\Users\ratta\AppData\Local\YASB\systray_state_INCG27Q30UMB6CBWL.json
2025-12-23 00:21:20,456 [DEBUG] [SystrayMonitor] [systray_widget/systray.py:57]: Systray thread is starting...
2025-12-23 00:21:20,458 [DEBUG] [MainThread] [systray_widget/systray.py:526]: Loading state from C:\Users\ratta\AppData\Local\YASB\systray_state_EKLTDLU28R55H4ZMB00043.json
2025-12-23 00:21:20,485 [DEBUG] [MainThread] [systray_widget/systray.py:277]: Systray thread started
2025-12-23 00:21:20,686 [DEBUG] [SystrayMonitor] [systray_widget/systray_monitor.py:164]: Adding TaskbandHWND prop to hwnd 656730
2025-12-23 00:21:20,686 [DEBUG] [SystrayMonitor] [systray_widget/systray_monitor.py:242]: Finding real tray hwnd
2025-12-23 00:21:20,692 [DEBUG] [MainThread] [systray_widget/systray_monitor.py:157]: Sending TaskbarCreated message: 49341
2025-12-23 00:24:16,085 [INFO] [MainThread] [root/controller.py:15]: Reloading Application because of config change.
2025-12-23 00:24:16,187 [INFO] [MainThread] [cli_server/cli_server.py:112]: Log pipe server stopped
2025-12-23 00:24:16,187 [DEBUG] [MainThread] [cli_server/cli_server.py:206]: CLI server stopped
2025-12-23 00:24:16,190 [INFO] [MainThread] [root/bar_manager.py:76]: Successfully loaded updated config and re-initialised all bars.
2025-12-23 00:24:16,467 [INFO] [MainThread] [root/log.py:69]: YASB v1.8.6
2025-12-23 00:24:16,467 [INFO] [Thread-1 (_run_server)] [cli_server/cli_server.py:212]: CLI server started v1.1.4
2025-12-23 00:24:16,467 [INFO] [MainThread] [cli_server/cli_server.py:104]: Log pipe server started
2025-12-23 00:24:16,467 [INFO] [MainThread] [root/main.py:45]: Waiting for previous YASB instance to exit...
2025-12-23 00:24:16,494 [INFO] [MainThread] [root/bar_manager.py:92]: Stopping WindowsNotificationEventListener...
2025-12-23 00:24:16,495 [INFO] [MainThread] [root/bar_manager.py:92]: Stopping SystemEventListener...
2025-12-23 00:24:16,495 [INFO] [MainThread] [core.utils.widgets.taskbar.window_manager/window_manager.py:218]: TaskbarWindowManager stopped
2025-12-23 00:24:16,496 [DEBUG] [MainThread] [systray_widget/systray.py:504]: Saving state to disk
2025-12-23 00:24:16,497 [DEBUG] [MainThread] [systray_widget/systray.py:508]: Saving state to C:\Users\ratta\AppData\Local\YASB\systray_state_INCG27Q30UMB6CBWL.json
2025-12-23 00:24:16,497 [DEBUG] [MainThread] [systray_widget/utils.py:96]: Destroying window 656730
2025-12-23 00:24:16,498 [DEBUG] [MainThread] [systray_widget/systray.py:504]: Saving state to disk
2025-12-23 00:24:16,498 [DEBUG] [MainThread] [systray_widget/systray.py:508]: Saving state to C:\Users\ratta\AppData\Local\YASB\systray_state_EKLTDLU28R55H4ZMB00043.json
2025-12-23 00:24:16,499 [DEBUG] [MainThread] [systray_widget/utils.py:96]: Destroying window 656730
2025-12-23 00:24:16,526 [DEBUG] [MainThread] [qasync._windows._EventPoller/_windows.py:220]: Stopping worker thread...
2025-12-23 00:24:16,528 [DEBUG] [Dummy-5] [qasync._windows._EventWorker/_windows.py:204]: Exiting thread
2025-12-23 00:24:16,536 [DEBUG] [MainThread] [qasync._windows._IocpProactor/_windows.py:78]: Closing
2025-12-23 00:24:16,601 [DEBUG] [MainThread] [systray_widget/utils.py:96]: Destroying window 656730
2025-12-23 00:24:16,718 [INFO] [MainThread] [root/main.py:71]: Previous instance exited, continuing startup.
2025-12-23 00:24:16,974 [ERROR] [MainThread] [root/weather.py:60]: API key or location is missing. Please provide a valid API key and location.
2025-12-23 00:24:17,151 [INFO] [MainThread] [root/service.py:48]: AudioOutputService starting...
2025-12-23 00:24:17,661 [DEBUG] [MainThread] [root/pin_manager.py:163]: Loaded 0 pinned apps from C:\Users\ratta\AppData\Local\YASB\taskbar_pinned.json
2025-12-23 00:24:17,787 [INFO] [MainThread] [core.utils.widgets.taskbar.window_manager/window_manager.py:191]: TaskbarWindowManager is starting...
2025-12-23 00:24:17,822 [ERROR] [MainThread] [root/weather.py:60]: API key or location is missing. Please provide a valid API key and location.
2025-12-23 00:24:18,137 [INFO] [MainThread] [root/bar_manager.py:85]: Starting WindowsNotificationEventListener...
2025-12-23 00:24:18,138 [INFO] [MainThread] [root/bar_manager.py:85]: Starting SystemEventListener...
2025-12-23 00:24:18,138 [INFO] [MainThread] [root/watcher.py:54]: Created file watcher for path C:\Users\ratta\.config\yasb
2025-12-23 00:24:18,176 [INFO] [MainThread] [root/update_service.py:409]: Background update checker started
2025-12-23 00:24:18,176 [DEBUG] [MainThread] [qasync._windows._EventPoller/_windows.py:215]: Starting (proactor: <_IocpProactor overlapped#=0 result#=0>)...
2025-12-23 00:24:18,177 [DEBUG] [Dummy-5] [qasync._windows._EventWorker/_windows.py:195]: Thread started
2025-12-23 00:24:18,178 [DEBUG] [MainThread] [systray_widget/systray.py:526]: Loading state from C:\Users\ratta\AppData\Local\YASB\systray_state_INCG27Q30UMB6CBWL.json
2025-12-23 00:24:18,180 [DEBUG] [SystrayMonitor] [systray_widget/systray.py:57]: Systray thread is starting...
2025-12-23 00:24:18,182 [DEBUG] [MainThread] [systray_widget/systray.py:526]: Loading state from C:\Users\ratta\AppData\Local\YASB\systray_state_EKLTDLU28R55H4ZMB00043.json
2025-12-23 00:24:18,204 [DEBUG] [MainThread] [systray_widget/systray.py:277]: Systray thread started
2025-12-23 00:24:18,405 [DEBUG] [SystrayMonitor] [systray_widget/systray_monitor.py:164]: Adding TaskbandHWND prop to hwnd 199108
2025-12-23 00:24:18,405 [DEBUG] [SystrayMonitor] [systray_widget/systray_monitor.py:242]: Finding real tray hwnd
2025-12-23 00:24:18,410 [DEBUG] [MainThread] [systray_widget/systray_monitor.py:157]: Sending TaskbarCreated message: 49341
2025-12-23 00:25:11,956 [INFO] [MainThread] [root/controller.py:15]: Reloading Application because of config change.
2025-12-23 00:25:12,059 [INFO] [MainThread] [cli_server/cli_server.py:112]: Log pipe server stopped
2025-12-23 00:25:12,059 [DEBUG] [MainThread] [cli_server/cli_server.py:206]: CLI server stopped
2025-12-23 00:25:12,064 [INFO] [MainThread] [root/bar_manager.py:76]: Successfully loaded updated config and re-initialised all bars.
2025-12-23 00:25:12,350 [INFO] [MainThread] [root/log.py:69]: YASB v1.8.6
2025-12-23 00:25:12,350 [INFO] [Thread-1 (_run_server)] [cli_server/cli_server.py:212]: CLI server started v1.1.4
2025-12-23 00:25:12,351 [INFO] [MainThread] [cli_server/cli_server.py:104]: Log pipe server started
2025-12-23 00:25:12,351 [INFO] [MainThread] [root/main.py:45]: Waiting for previous YASB instance to exit...
2025-12-23 00:25:12,367 [INFO] [MainThread] [root/bar_manager.py:92]: Stopping WindowsNotificationEventListener...
2025-12-23 00:25:12,367 [INFO] [MainThread] [root/bar_manager.py:92]: Stopping SystemEventListener...
2025-12-23 00:25:12,367 [INFO] [MainThread] [core.utils.widgets.taskbar.window_manager/window_manager.py:218]: TaskbarWindowManager stopped
2025-12-23 00:25:12,368 [DEBUG] [MainThread] [systray_widget/systray.py:504]: Saving state to disk
2025-12-23 00:25:12,369 [DEBUG] [MainThread] [systray_widget/systray.py:508]: Saving state to C:\Users\ratta\AppData\Local\YASB\systray_state_INCG27Q30UMB6CBWL.json
2025-12-23 00:25:12,369 [DEBUG] [MainThread] [systray_widget/utils.py:96]: Destroying window 199108
2025-12-23 00:25:12,370 [DEBUG] [MainThread] [systray_widget/systray.py:504]: Saving state to disk
2025-12-23 00:25:12,370 [DEBUG] [MainThread] [systray_widget/systray.py:508]: Saving state to C:\Users\ratta\AppData\Local\YASB\systray_state_EKLTDLU28R55H4ZMB00043.json
2025-12-23 00:25:12,371 [DEBUG] [MainThread] [systray_widget/utils.py:96]: Destroying window 199108
2025-12-23 00:25:12,395 [DEBUG] [MainThread] [qasync._windows._EventPoller/_windows.py:220]: Stopping worker thread...
2025-12-23 00:25:12,400 [DEBUG] [Dummy-5] [qasync._windows._EventWorker/_windows.py:204]: Exiting thread
2025-12-23 00:25:12,405 [DEBUG] [MainThread] [qasync._windows._IocpProactor/_windows.py:78]: Closing
2025-12-23 00:25:12,496 [DEBUG] [MainThread] [systray_widget/utils.py:96]: Destroying window 199108
2025-12-23 00:25:12,601 [INFO] [MainThread] [root/main.py:71]: Previous instance exited, continuing startup.
2025-12-23 00:25:12,873 [ERROR] [MainThread] [root/weather.py:60]: API key or location is missing. Please provide a valid API key and location.
2025-12-23 00:25:13,051 [INFO] [MainThread] [root/service.py:48]: AudioOutputService starting...
2025-12-23 00:25:13,588 [DEBUG] [MainThread] [root/pin_manager.py:163]: Loaded 0 pinned apps from C:\Users\ratta\AppData\Local\YASB\taskbar_pinned.json
2025-12-23 00:25:13,741 [INFO] [MainThread] [core.utils.widgets.taskbar.window_manager/window_manager.py:191]: TaskbarWindowManager is starting...
2025-12-23 00:25:13,781 [ERROR] [MainThread] [root/weather.py:60]: API key or location is missing. Please provide a valid API key and location.
2025-12-23 00:25:14,049 [INFO] [MainThread] [root/bar_manager.py:85]: Starting WindowsNotificationEventListener...
2025-12-23 00:25:14,050 [INFO] [MainThread] [root/bar_manager.py:85]: Starting SystemEventListener...
2025-12-23 00:25:14,051 [INFO] [MainThread] [root/watcher.py:54]: Created file watcher for path C:\Users\ratta\.config\yasb
2025-12-23 00:25:14,083 [INFO] [MainThread] [root/update_service.py:409]: Background update checker started
2025-12-23 00:25:14,083 [DEBUG] [MainThread] [qasync._windows._EventPoller/_windows.py:215]: Starting (proactor: <_IocpProactor overlapped#=0 result#=0>)...
2025-12-23 00:25:14,084 [DEBUG] [Dummy-5] [qasync._windows._EventWorker/_windows.py:195]: Thread started
2025-12-23 00:25:14,085 [DEBUG] [MainThread] [systray_widget/systray.py:526]: Loading state from C:\Users\ratta\AppData\Local\YASB\systray_state_INCG27Q30UMB6CBWL.json
2025-12-23 00:25:14,087 [DEBUG] [SystrayMonitor] [systray_widget/systray.py:57]: Systray thread is starting...
2025-12-23 00:25:14,089 [DEBUG] [MainThread] [systray_widget/systray.py:526]: Loading state from C:\Users\ratta\AppData\Local\YASB\systray_state_EKLTDLU28R55H4ZMB00043.json
2025-12-23 00:25:14,112 [DEBUG] [MainThread] [systray_widget/systray.py:277]: Systray thread started
2025-12-23 00:25:14,312 [DEBUG] [SystrayMonitor] [systray_widget/systray_monitor.py:164]: Adding TaskbandHWND prop to hwnd 264616
2025-12-23 00:25:14,313 [DEBUG] [SystrayMonitor] [systray_widget/systray_monitor.py:242]: Finding real tray hwnd
2025-12-23 00:25:14,317 [DEBUG] [MainThread] [systray_widget/systray_monitor.py:157]: Sending TaskbarCreated message: 49341
2025-12-23 00:25:48,290 [INFO] [MainThread] [root/controller.py:15]: Reloading Application because of config change.
2025-12-23 00:25:48,402 [INFO] [MainThread] [cli_server/cli_server.py:112]: Log pipe server stopped
2025-12-23 00:25:48,402 [DEBUG] [MainThread] [cli_server/cli_server.py:206]: CLI server stopped
2025-12-23 00:25:48,407 [INFO] [MainThread] [root/bar_manager.py:76]: Successfully loaded updated config and re-initialised all bars.
2025-12-23 00:25:48,675 [INFO] [MainThread] [root/log.py:69]: YASB v1.8.6
2025-12-23 00:25:48,675 [INFO] [Thread-1 (_run_server)] [cli_server/cli_server.py:212]: CLI server started v1.1.4
2025-12-23 00:25:48,675 [INFO] [MainThread] [cli_server/cli_server.py:104]: Log pipe server started
2025-12-23 00:25:48,676 [INFO] [MainThread] [root/main.py:45]: Waiting for previous YASB instance to exit...
2025-12-23 00:25:48,709 [INFO] [MainThread] [root/bar_manager.py:92]: Stopping WindowsNotificationEventListener...
2025-12-23 00:25:48,709 [INFO] [MainThread] [root/bar_manager.py:92]: Stopping SystemEventListener...
2025-12-23 00:25:48,710 [INFO] [MainThread] [core.utils.widgets.taskbar.window_manager/window_manager.py:218]: TaskbarWindowManager stopped
2025-12-23 00:25:48,710 [DEBUG] [MainThread] [systray_widget/systray.py:504]: Saving state to disk
2025-12-23 00:25:48,710 [DEBUG] [MainThread] [systray_widget/systray.py:508]: Saving state to C:\Users\ratta\AppData\Local\YASB\systray_state_INCG27Q30UMB6CBWL.json
2025-12-23 00:25:48,711 [DEBUG] [MainThread] [systray_widget/utils.py:96]: Destroying window 264616
2025-12-23 00:25:48,711 [DEBUG] [MainThread] [systray_widget/systray.py:504]: Saving state to disk
2025-12-23 00:25:48,711 [DEBUG] [MainThread] [systray_widget/systray.py:508]: Saving state to C:\Users\ratta\AppData\Local\YASB\systray_state_EKLTDLU28R55H4ZMB00043.json
2025-12-23 00:25:48,712 [DEBUG] [MainThread] [systray_widget/utils.py:96]: Destroying window 264616
2025-12-23 00:25:48,715 [DEBUG] [MainThread] [qasync._windows._EventPoller/_windows.py:220]: Stopping worker thread...
2025-12-23 00:25:48,723 [DEBUG] [Dummy-5] [qasync._windows._EventWorker/_windows.py:204]: Exiting thread
2025-12-23 00:25:48,740 [DEBUG] [MainThread] [qasync._windows._IocpProactor/_windows.py:78]: Closing
2025-12-23 00:25:48,816 [DEBUG] [MainThread] [systray_widget/utils.py:96]: Destroying window 264616
2025-12-23 00:25:48,926 [INFO] [MainThread] [root/main.py:71]: Previous instance exited, continuing startup.
2025-12-23 00:25:49,215 [ERROR] [MainThread] [root/weather.py:60]: API key or location is missing. Please provide a valid API key and location.
2025-12-23 00:25:49,431 [INFO] [MainThread] [root/service.py:48]: AudioOutputService starting...
2025-12-23 00:25:49,948 [DEBUG] [MainThread] [root/pin_manager.py:163]: Loaded 0 pinned apps from C:\Users\ratta\AppData\Local\YASB\taskbar_pinned.json
2025-12-23 00:25:50,066 [INFO] [MainThread] [core.utils.widgets.taskbar.window_manager/window_manager.py:191]: TaskbarWindowManager is starting...
2025-12-23 00:25:50,101 [ERROR] [MainThread] [root/weather.py:60]: API key or location is missing. Please provide a valid API key and location.
2025-12-23 00:25:50,420 [INFO] [MainThread] [root/bar_manager.py:85]: Starting WindowsNotificationEventListener...
2025-12-23 00:25:50,421 [INFO] [MainThread] [root/bar_manager.py:85]: Starting SystemEventListener...
2025-12-23 00:25:50,421 [INFO] [MainThread] [root/watcher.py:54]: Created file watcher for path C:\Users\ratta\.config\yasb
2025-12-23 00:25:50,457 [INFO] [MainThread] [root/update_service.py:409]: Background update checker started
2025-12-23 00:25:50,457 [DEBUG] [MainThread] [qasync._windows._EventPoller/_windows.py:215]: Starting (proactor: <_IocpProactor overlapped#=0 result#=0>)...
2025-12-23 00:25:50,458 [DEBUG] [Dummy-5] [qasync._windows._EventWorker/_windows.py:195]: Thread started
2025-12-23 00:25:50,459 [DEBUG] [MainThread] [systray_widget/systray.py:526]: Loading state from C:\Users\ratta\AppData\Local\YASB\systray_state_INCG27Q30UMB6CBWL.json
2025-12-23 00:25:50,461 [DEBUG] [SystrayMonitor] [systray_widget/systray.py:57]: Systray thread is starting...
2025-12-23 00:25:50,463 [DEBUG] [MainThread] [systray_widget/systray.py:526]: Loading state from C:\Users\ratta\AppData\Local\YASB\systray_state_EKLTDLU28R55H4ZMB00043.json
2025-12-23 00:25:50,487 [DEBUG] [MainThread] [systray_widget/systray.py:277]: Systray thread started
2025-12-23 00:25:50,691 [DEBUG] [SystrayMonitor] [systray_widget/systray_monitor.py:164]: Adding TaskbandHWND prop to hwnd 330154
2025-12-23 00:25:50,691 [DEBUG] [SystrayMonitor] [systray_widget/systray_monitor.py:242]: Finding real tray hwnd
2025-12-23 00:25:50,697 [DEBUG] [MainThread] [systray_widget/systray_monitor.py:157]: Sending TaskbarCreated message: 49341
2025-12-23 00:32:30,489 [INFO] [MainThread] [root/controller.py:15]: Reloading Application from tray...
2025-12-23 00:32:30,593 [INFO] [MainThread] [cli_server/cli_server.py:112]: Log pipe server stopped
2025-12-23 00:32:30,593 [DEBUG] [MainThread] [cli_server/cli_server.py:206]: CLI server stopped
2025-12-23 00:32:30,817 [INFO] [MainThread] [root/log.py:69]: YASB v1.8.6
2025-12-23 00:32:30,817 [INFO] [Thread-1 (_run_server)] [cli_server/cli_server.py:212]: CLI server started v1.1.4
2025-12-23 00:32:30,817 [INFO] [MainThread] [cli_server/cli_server.py:104]: Log pipe server started
2025-12-23 00:32:30,817 [INFO] [MainThread] [root/main.py:45]: Waiting for previous YASB instance to exit...
2025-12-23 00:32:30,908 [INFO] [MainThread] [root/bar_manager.py:92]: Stopping WindowsNotificationEventListener...
2025-12-23 00:32:30,908 [INFO] [MainThread] [root/bar_manager.py:92]: Stopping SystemEventListener...
2025-12-23 00:32:30,908 [INFO] [MainThread] [core.utils.widgets.taskbar.window_manager/window_manager.py:218]: TaskbarWindowManager stopped
2025-12-23 00:32:30,909 [DEBUG] [MainThread] [systray_widget/systray.py:504]: Saving state to disk
2025-12-23 00:32:30,909 [DEBUG] [MainThread] [systray_widget/systray.py:508]: Saving state to C:\Users\ratta\AppData\Local\YASB\systray_state_INCG27Q30UMB6CBWL.json
2025-12-23 00:32:30,910 [DEBUG] [MainThread] [systray_widget/utils.py:96]: Destroying window 330154
2025-12-23 00:32:30,910 [DEBUG] [MainThread] [systray_widget/systray.py:504]: Saving state to disk
2025-12-23 00:32:30,910 [DEBUG] [MainThread] [systray_widget/systray.py:508]: Saving state to C:\Users\ratta\AppData\Local\YASB\systray_state_EKLTDLU28R55H4ZMB00043.json
2025-12-23 00:32:30,911 [DEBUG] [MainThread] [systray_widget/utils.py:96]: Destroying window 330154
2025-12-23 00:32:30,915 [DEBUG] [MainThread] [qasync._windows._EventPoller/_windows.py:220]: Stopping worker thread...
2025-12-23 00:32:30,922 [DEBUG] [Dummy-5] [qasync._windows._EventWorker/_windows.py:204]: Exiting thread
2025-12-23 00:32:30,936 [DEBUG] [MainThread] [qasync._windows._IocpProactor/_windows.py:78]: Closing
2025-12-23 00:32:30,995 [DEBUG] [MainThread] [systray_widget/utils.py:96]: Destroying window 330154
2025-12-23 00:32:31,068 [INFO] [MainThread] [root/main.py:71]: Previous instance exited, continuing startup.
2025-12-23 00:32:31,298 [ERROR] [MainThread] [root/weather.py:60]: API key or location is missing. Please provide a valid API key and location.
2025-12-23 00:32:31,466 [INFO] [MainThread] [root/service.py:48]: AudioOutputService starting...
2025-12-23 00:32:31,872 [DEBUG] [MainThread] [root/pin_manager.py:163]: Loaded 0 pinned apps from C:\Users\ratta\AppData\Local\YASB\taskbar_pinned.json
2025-12-23 00:32:31,905 [INFO] [MainThread] [core.utils.widgets.taskbar.window_manager/window_manager.py:191]: TaskbarWindowManager is starting...
2025-12-23 00:32:31,943 [ERROR] [MainThread] [root/weather.py:60]: API key or location is missing. Please provide a valid API key and location.
2025-12-23 00:32:32,090 [INFO] [MainThread] [root/bar_manager.py:85]: Starting WindowsNotificationEventListener...
2025-12-23 00:32:32,091 [INFO] [MainThread] [root/bar_manager.py:85]: Starting SystemEventListener...
2025-12-23 00:32:32,091 [INFO] [MainThread] [root/watcher.py:54]: Created file watcher for path C:\Users\ratta\.config\yasb
2025-12-23 00:32:32,121 [INFO] [MainThread] [root/update_service.py:409]: Background update checker started
2025-12-23 00:32:32,121 [DEBUG] [MainThread] [qasync._windows._EventPoller/_windows.py:215]: Starting (proactor: <_IocpProactor overlapped#=0 result#=0>)...
2025-12-23 00:32:32,122 [DEBUG] [Dummy-5] [qasync._windows._EventWorker/_windows.py:195]: Thread started
2025-12-23 00:32:32,123 [DEBUG] [MainThread] [systray_widget/systray.py:526]: Loading state from C:\Users\ratta\AppData\Local\YASB\systray_state_INCG27Q30UMB6CBWL.json
2025-12-23 00:32:32,125 [DEBUG] [SystrayMonitor] [systray_widget/systray.py:57]: Systray thread is starting...
2025-12-23 00:32:32,125 [DEBUG] [MainThread] [systray_widget/systray.py:526]: Loading state from C:\Users\ratta\AppData\Local\YASB\systray_state_EKLTDLU28R55H4ZMB00043.json
2025-12-23 00:32:32,165 [DEBUG] [MainThread] [systray_widget/systray.py:277]: Systray thread started
2025-12-23 00:32:32,367 [DEBUG] [SystrayMonitor] [systray_widget/systray_monitor.py:164]: Adding TaskbandHWND prop to hwnd 1182548
2025-12-23 00:32:32,367 [DEBUG] [SystrayMonitor] [systray_widget/systray_monitor.py:242]: Finding real tray hwnd
2025-12-23 00:32:32,376 [DEBUG] [MainThread] [systray_widget/systray_monitor.py:157]: Sending TaskbarCreated message: 49341
2025-12-23 00:43:20,195 [INFO] [MainThread] [root/controller.py:15]: Reloading Application because of config change.
2025-12-23 00:43:20,297 [INFO] [MainThread] [cli_server/cli_server.py:112]: Log pipe server stopped
2025-12-23 00:43:20,298 [DEBUG] [MainThread] [cli_server/cli_server.py:206]: CLI server stopped
2025-12-23 00:43:20,320 [INFO] [MainThread] [root/bar_manager.py:76]: Successfully loaded updated config and re-initialised all bars.
2025-12-23 00:43:20,601 [INFO] [MainThread] [root/log.py:69]: YASB v1.8.6
2025-12-23 00:43:20,601 [INFO] [Thread-1 (_run_server)] [cli_server/cli_server.py:212]: CLI server started v1.1.4
2025-12-23 00:43:20,601 [INFO] [MainThread] [cli_server/cli_server.py:104]: Log pipe server started
2025-12-23 00:43:20,602 [INFO] [MainThread] [root/main.py:45]: Waiting for previous YASB instance to exit...
2025-12-23 00:43:20,619 [INFO] [MainThread] [root/bar_manager.py:92]: Stopping WindowsNotificationEventListener...
2025-12-23 00:43:20,620 [INFO] [MainThread] [root/bar_manager.py:92]: Stopping SystemEventListener...
2025-12-23 00:43:20,620 [INFO] [MainThread] [core.utils.widgets.taskbar.window_manager/window_manager.py:218]: TaskbarWindowManager stopped
2025-12-23 00:43:20,621 [DEBUG] [MainThread] [systray_widget/systray.py:504]: Saving state to disk
2025-12-23 00:43:20,622 [DEBUG] [MainThread] [systray_widget/systray.py:508]: Saving state to C:\Users\ratta\AppData\Local\YASB\systray_state_INCG27Q30UMB6CBWL.json
2025-12-23 00:43:20,622 [DEBUG] [MainThread] [systray_widget/utils.py:96]: Destroying window 1182548
2025-12-23 00:43:20,623 [DEBUG] [MainThread] [systray_widget/systray.py:504]: Saving state to disk
2025-12-23 00:43:20,623 [DEBUG] [MainThread] [systray_widget/systray.py:508]: Saving state to C:\Users\ratta\AppData\Local\YASB\systray_state_EKLTDLU28R55H4ZMB00043.json
2025-12-23 00:43:20,624 [DEBUG] [MainThread] [systray_widget/utils.py:96]: Destroying window 1182548
2025-12-23 00:43:20,656 [DEBUG] [MainThread] [qasync._windows._EventPoller/_windows.py:220]: Stopping worker thread...
2025-12-23 00:43:20,665 [DEBUG] [Dummy-5] [qasync._windows._EventWorker/_windows.py:204]: Exiting thread
2025-12-23 00:43:20,679 [DEBUG] [MainThread] [qasync._windows._IocpProactor/_windows.py:78]: Closing
2025-12-23 00:43:20,765 [DEBUG] [MainThread] [systray_widget/utils.py:96]: Destroying window 1182548
2025-12-23 00:43:20,852 [INFO] [MainThread] [root/main.py:71]: Previous instance exited, continuing startup.
2025-12-23 00:43:21,110 [ERROR] [MainThread] [root/weather.py:60]: API key or location is missing. Please provide a valid API key and location.
2025-12-23 00:43:21,303 [INFO] [MainThread] [root/service.py:48]: AudioOutputService starting...
2025-12-23 00:43:21,760 [DEBUG] [MainThread] [root/pin_manager.py:163]: Loaded 0 pinned apps from C:\Users\ratta\AppData\Local\YASB\taskbar_pinned.json
2025-12-23 00:43:21,885 [INFO] [MainThread] [core.utils.widgets.taskbar.window_manager/window_manager.py:191]: TaskbarWindowManager is starting...
2025-12-23 00:43:21,923 [ERROR] [MainThread] [root/weather.py:60]: API key or location is missing. Please provide a valid API key and location.
2025-12-23 00:43:22,315 [INFO] [MainThread] [root/bar_manager.py:85]: Starting SystemEventListener...
2025-12-23 00:43:22,315 [INFO] [MainThread] [root/bar_manager.py:85]: Starting WindowsNotificationEventListener...
2025-12-23 00:43:22,316 [INFO] [MainThread] [root/watcher.py:54]: Created file watcher for path C:\Users\ratta\.config\yasb
2025-12-23 00:43:22,342 [INFO] [MainThread] [root/update_service.py:409]: Background update checker started
2025-12-23 00:43:22,342 [DEBUG] [MainThread] [qasync._windows._EventPoller/_windows.py:215]: Starting (proactor: <_IocpProactor overlapped#=0 result#=0>)...
2025-12-23 00:43:22,349 [DEBUG] [Dummy-5] [qasync._windows._EventWorker/_windows.py:195]: Thread started
2025-12-23 00:43:22,356 [DEBUG] [MainThread] [systray_widget/systray.py:526]: Loading state from C:\Users\ratta\AppData\Local\YASB\systray_state_INCG27Q30UMB6CBWL.json
2025-12-23 00:43:22,359 [DEBUG] [SystrayMonitor] [systray_widget/systray.py:57]: Systray thread is starting...
2025-12-23 00:43:22,361 [DEBUG] [MainThread] [systray_widget/systray.py:526]: Loading state from C:\Users\ratta\AppData\Local\YASB\systray_state_EKLTDLU28R55H4ZMB00043.json
2025-12-23 00:43:22,380 [DEBUG] [MainThread] [systray_widget/systray.py:277]: Systray thread started
2025-12-23 00:43:22,579 [DEBUG] [SystrayMonitor] [systray_widget/systray_monitor.py:164]: Adding TaskbandHWND prop to hwnd 1247946
2025-12-23 00:43:22,580 [DEBUG] [SystrayMonitor] [systray_widget/systray_monitor.py:242]: Finding real tray hwnd
2025-12-23 00:43:22,584 [DEBUG] [MainThread] [systray_widget/systray_monitor.py:157]: Sending TaskbarCreated message: 49341
2025-12-23 00:43:32,999 [INFO] [MainThread] [root/controller.py:15]: Reloading Application because of config change.
2025-12-23 00:43:33,114 [INFO] [MainThread] [cli_server/cli_server.py:112]: Log pipe server stopped
2025-12-23 00:43:33,114 [DEBUG] [MainThread] [cli_server/cli_server.py:206]: CLI server stopped
2025-12-23 00:43:33,118 [INFO] [MainThread] [root/bar_manager.py:76]: Successfully loaded updated config and re-initialised all bars.
2025-12-23 00:43:33,364 [INFO] [MainThread] [root/log.py:69]: YASB v1.8.6
2025-12-23 00:43:33,364 [INFO] [Thread-1 (_run_server)] [cli_server/cli_server.py:212]: CLI server started v1.1.4
2025-12-23 00:43:33,364 [INFO] [MainThread] [cli_server/cli_server.py:104]: Log pipe server started
2025-12-23 00:43:33,364 [INFO] [MainThread] [root/main.py:45]: Waiting for previous YASB instance to exit...
2025-12-23 00:43:33,410 [INFO] [MainThread] [root/bar_manager.py:92]: Stopping SystemEventListener...
2025-12-23 00:43:33,410 [INFO] [MainThread] [root/bar_manager.py:92]: Stopping WindowsNotificationEventListener...
2025-12-23 00:43:33,410 [INFO] [MainThread] [core.utils.widgets.taskbar.window_manager/window_manager.py:218]: TaskbarWindowManager stopped
2025-12-23 00:43:33,411 [DEBUG] [MainThread] [systray_widget/systray.py:504]: Saving state to disk
2025-12-23 00:43:33,411 [DEBUG] [MainThread] [systray_widget/systray.py:508]: Saving state to C:\Users\ratta\AppData\Local\YASB\systray_state_INCG27Q30UMB6CBWL.json
2025-12-23 00:43:33,412 [DEBUG] [MainThread] [systray_widget/utils.py:96]: Destroying window 1247946
2025-12-23 00:43:33,412 [DEBUG] [MainThread] [systray_widget/systray.py:504]: Saving state to disk
2025-12-23 00:43:33,412 [DEBUG] [MainThread] [systray_widget/systray.py:508]: Saving state to C:\Users\ratta\AppData\Local\YASB\systray_state_EKLTDLU28R55H4ZMB00043.json
2025-12-23 00:43:33,413 [DEBUG] [MainThread] [systray_widget/utils.py:96]: Destroying window 1247946
2025-12-23 00:43:33,435 [DEBUG] [MainThread] [qasync._windows._EventPoller/_windows.py:220]: Stopping worker thread...
2025-12-23 00:43:33,445 [DEBUG] [Dummy-5] [qasync._windows._EventWorker/_windows.py:204]: Exiting thread
2025-12-23 00:43:33,460 [DEBUG] [MainThread] [qasync._windows._IocpProactor/_windows.py:78]: Closing
2025-12-23 00:43:33,549 [DEBUG] [MainThread] [systray_widget/utils.py:96]: Destroying window 1247946
2025-12-23 00:43:33,615 [INFO] [MainThread] [root/main.py:71]: Previous instance exited, continuing startup.
2025-12-23 00:43:33,882 [ERROR] [MainThread] [root/weather.py:60]: API key or location is missing. Please provide a valid API key and location.
2025-12-23 00:43:34,065 [INFO] [MainThread] [root/service.py:48]: AudioOutputService starting...
2025-12-23 00:43:34,518 [DEBUG] [MainThread] [root/pin_manager.py:163]: Loaded 0 pinned apps from C:\Users\ratta\AppData\Local\YASB\taskbar_pinned.json
2025-12-23 00:43:34,637 [INFO] [MainThread] [core.utils.widgets.taskbar.window_manager/window_manager.py:191]: TaskbarWindowManager is starting...
2025-12-23 00:43:34,671 [ERROR] [MainThread] [root/weather.py:60]: API key or location is missing. Please provide a valid API key and location.
2025-12-23 00:43:35,380 [INFO] [MainThread] [root/bar_manager.py:85]: Starting SystemEventListener...
2025-12-23 00:43:35,380 [INFO] [MainThread] [root/bar_manager.py:85]: Starting WindowsNotificationEventListener...
2025-12-23 00:43:35,381 [INFO] [MainThread] [root/watcher.py:54]: Created file watcher for path C:\Users\ratta\.config\yasb
2025-12-23 00:43:35,412 [INFO] [MainThread] [root/update_service.py:409]: Background update checker started
2025-12-23 00:43:35,413 [DEBUG] [MainThread] [qasync._windows._EventPoller/_windows.py:215]: Starting (proactor: <_IocpProactor overlapped#=0 result#=0>)...
2025-12-23 00:43:35,414 [DEBUG] [Dummy-5] [qasync._windows._EventWorker/_windows.py:195]: Thread started
2025-12-23 00:43:35,415 [DEBUG] [MainThread] [systray_widget/systray.py:526]: Loading state from C:\Users\ratta\AppData\Local\YASB\systray_state_INCG27Q30UMB6CBWL.json
2025-12-23 00:43:35,417 [DEBUG] [SystrayMonitor] [systray_widget/systray.py:57]: Systray thread is starting...
2025-12-23 00:43:35,420 [DEBUG] [MainThread] [systray_widget/systray.py:526]: Loading state from C:\Users\ratta\AppData\Local\YASB\systray_state_EKLTDLU28R55H4ZMB00043.json
2025-12-23 00:43:35,458 [DEBUG] [MainThread] [systray_widget/systray.py:277]: Systray thread started
2025-12-23 00:43:35,658 [DEBUG] [SystrayMonitor] [systray_widget/systray_monitor.py:164]: Adding TaskbandHWND prop to hwnd 395882
2025-12-23 00:43:35,659 [DEBUG] [SystrayMonitor] [systray_widget/systray_monitor.py:242]: Finding real tray hwnd
2025-12-23 00:43:35,699 [DEBUG] [MainThread] [systray_widget/systray_monitor.py:157]: Sending TaskbarCreated message: 49341
2025-12-23 00:43:38,437 [INFO] [MainThread] [root/controller.py:15]: Reloading Application because of config change.
2025-12-23 00:43:38,547 [INFO] [MainThread] [cli_server/cli_server.py:112]: Log pipe server stopped
2025-12-23 00:43:38,548 [DEBUG] [MainThread] [cli_server/cli_server.py:206]: CLI server stopped
2025-12-23 00:43:38,554 [INFO] [MainThread] [root/bar_manager.py:76]: Successfully loaded updated config and re-initialised all bars.
2025-12-23 00:43:38,795 [INFO] [MainThread] [root/log.py:69]: YASB v1.8.6
2025-12-23 00:43:38,795 [INFO] [Thread-1 (_run_server)] [cli_server/cli_server.py:212]: CLI server started v1.1.4
2025-12-23 00:43:38,796 [INFO] [MainThread] [cli_server/cli_server.py:104]: Log pipe server started
2025-12-23 00:43:38,796 [INFO] [MainThread] [root/main.py:45]: Waiting for previous YASB instance to exit...
2025-12-23 00:43:38,858 [INFO] [MainThread] [root/bar_manager.py:92]: Stopping SystemEventListener...
2025-12-23 00:43:38,858 [INFO] [MainThread] [root/bar_manager.py:92]: Stopping WindowsNotificationEventListener...
2025-12-23 00:43:38,858 [INFO] [MainThread] [core.utils.widgets.taskbar.window_manager/window_manager.py:218]: TaskbarWindowManager stopped
2025-12-23 00:43:38,859 [DEBUG] [MainThread] [systray_widget/systray.py:504]: Saving state to disk
2025-12-23 00:43:38,860 [DEBUG] [MainThread] [systray_widget/systray.py:508]: Saving state to C:\Users\ratta\AppData\Local\YASB\systray_state_INCG27Q30UMB6CBWL.json
2025-12-23 00:43:38,861 [DEBUG] [MainThread] [systray_widget/utils.py:96]: Destroying window 395882
2025-12-23 00:43:38,861 [DEBUG] [MainThread] [systray_widget/systray.py:504]: Saving state to disk
2025-12-23 00:43:38,861 [DEBUG] [MainThread] [systray_widget/systray.py:508]: Saving state to C:\Users\ratta\AppData\Local\YASB\systray_state_EKLTDLU28R55H4ZMB00043.json
2025-12-23 00:43:38,862 [DEBUG] [MainThread] [systray_widget/utils.py:96]: Destroying window 395882
2025-12-23 00:43:38,882 [DEBUG] [MainThread] [qasync._windows._EventPoller/_windows.py:220]: Stopping worker thread...
2025-12-23 00:43:38,891 [DEBUG] [Dummy-5] [qasync._windows._EventWorker/_windows.py:204]: Exiting thread
2025-12-23 00:43:38,905 [DEBUG] [MainThread] [qasync._windows._IocpProactor/_windows.py:78]: Closing
2025-12-23 00:43:38,999 [DEBUG] [MainThread] [systray_widget/utils.py:96]: Destroying window 395882
2025-12-23 00:43:39,046 [INFO] [MainThread] [root/main.py:71]: Previous instance exited, continuing startup.
2025-12-23 00:43:39,321 [ERROR] [MainThread] [root/weather.py:60]: API key or location is missing. Please provide a valid API key and location.
2025-12-23 00:43:39,503 [INFO] [MainThread] [root/service.py:48]: AudioOutputService starting...
2025-12-23 00:43:39,971 [DEBUG] [MainThread] [root/pin_manager.py:163]: Loaded 0 pinned apps from C:\Users\ratta\AppData\Local\YASB\taskbar_pinned.json
2025-12-23 00:43:40,071 [INFO] [MainThread] [core.utils.widgets.taskbar.window_manager/window_manager.py:191]: TaskbarWindowManager is starting...
2025-12-23 00:43:40,105 [ERROR] [MainThread] [root/weather.py:60]: API key or location is missing. Please provide a valid API key and location.
2025-12-23 00:43:40,611 [INFO] [MainThread] [root/bar_manager.py:85]: Starting WindowsNotificationEventListener...
2025-12-23 00:43:40,612 [INFO] [MainThread] [root/bar_manager.py:85]: Starting SystemEventListener...
2025-12-23 00:43:40,612 [INFO] [MainThread] [root/watcher.py:54]: Created file watcher for path C:\Users\ratta\.config\yasb
2025-12-23 00:43:40,646 [INFO] [MainThread] [root/update_service.py:409]: Background update checker started
2025-12-23 00:43:40,646 [DEBUG] [MainThread] [qasync._windows._EventPoller/_windows.py:215]: Starting (proactor: <_IocpProactor overlapped#=0 result#=0>)...
2025-12-23 00:43:40,648 [DEBUG] [Dummy-5] [qasync._windows._EventWorker/_windows.py:195]: Thread started
2025-12-23 00:43:40,648 [DEBUG] [MainThread] [systray_widget/systray.py:526]: Loading state from C:\Users\ratta\AppData\Local\YASB\systray_state_INCG27Q30UMB6CBWL.json
2025-12-23 00:43:40,650 [DEBUG] [SystrayMonitor] [systray_widget/systray.py:57]: Systray thread is starting...
2025-12-23 00:43:40,653 [DEBUG] [MainThread] [systray_widget/systray.py:526]: Loading state from C:\Users\ratta\AppData\Local\YASB\systray_state_EKLTDLU28R55H4ZMB00043.json
2025-12-23 00:43:40,695 [DEBUG] [MainThread] [systray_widget/systray.py:277]: Systray thread started
2025-12-23 00:43:40,897 [DEBUG] [SystrayMonitor] [systray_widget/systray_monitor.py:164]: Adding TaskbandHWND prop to hwnd 3803906
2025-12-23 00:43:40,897 [DEBUG] [SystrayMonitor] [systray_widget/systray_monitor.py:242]: Finding real tray hwnd
2025-12-23 00:43:40,902 [DEBUG] [MainThread] [systray_widget/systray_monitor.py:157]: Sending TaskbarCreated message: 49341
2025-12-23 00:44:25,465 [INFO] [MainThread] [root/window_actions.py:225]: Successfully ended task via forced EndTask for HWND: 656734
2025-12-23 00:44:25,771 [DEBUG] [SystrayMonitor] [systray_widget/systray_monitor.py:242]: Finding real tray hwnd
2025-12-23 00:44:27,315 [INFO] [MainThread] [root/window_actions.py:225]: Successfully ended task via forced EndTask for HWND: 460412
2025-12-23 00:44:27,822 [DEBUG] [SystrayMonitor] [systray_widget/systray_monitor.py:164]: Adding TaskbandHWND prop to hwnd 3803906
2025-12-23 00:44:29,136 [INFO] [MainThread] [root/window_actions.py:225]: Successfully ended task via forced EndTask for HWND: 987560
2025-12-23 00:44:32,634 [INFO] [MainThread] [root/window_actions.py:225]: Successfully ended task via forced EndTask for HWND: 659966
2025-12-23 00:49:39,865 [INFO] [MainThread] [root/controller.py:15]: Reloading Application from tray...
2025-12-23 00:49:39,972 [INFO] [MainThread] [cli_server/cli_server.py:112]: Log pipe server stopped
2025-12-23 00:49:39,972 [DEBUG] [MainThread] [cli_server/cli_server.py:206]: CLI server stopped
2025-12-23 00:49:40,044 [INFO] [MainThread] [root/bar_manager.py:92]: Stopping WindowsNotificationEventListener...
2025-12-23 00:49:40,044 [INFO] [MainThread] [root/bar_manager.py:92]: Stopping SystemEventListener...
2025-12-23 00:49:40,045 [INFO] [MainThread] [core.utils.widgets.taskbar.window_manager/window_manager.py:218]: TaskbarWindowManager stopped
2025-12-23 00:49:40,045 [DEBUG] [MainThread] [systray_widget/systray.py:504]: Saving state to disk
2025-12-23 00:49:40,046 [DEBUG] [MainThread] [systray_widget/systray.py:508]: Saving state to C:\Users\ratta\AppData\Local\YASB\systray_state_INCG27Q30UMB6CBWL.json
2025-12-23 00:49:40,046 [DEBUG] [MainThread] [systray_widget/utils.py:96]: Destroying window 3803906
2025-12-23 00:49:40,046 [DEBUG] [MainThread] [systray_widget/systray.py:504]: Saving state to disk
2025-12-23 00:49:40,046 [DEBUG] [MainThread] [systray_widget/systray.py:508]: Saving state to C:\Users\ratta\AppData\Local\YASB\systray_state_EKLTDLU28R55H4ZMB00043.json
2025-12-23 00:49:40,047 [DEBUG] [MainThread] [systray_widget/utils.py:96]: Destroying window 3803906
2025-12-23 00:49:40,050 [DEBUG] [MainThread] [qasync._windows._EventPoller/_windows.py:220]: Stopping worker thread...
2025-12-23 00:49:40,050 [DEBUG] [Dummy-5] [qasync._windows._EventWorker/_windows.py:204]: Exiting thread
2025-12-23 00:49:40,052 [DEBUG] [MainThread] [qasync._windows._IocpProactor/_windows.py:78]: Closing
2025-12-23 00:49:40,078 [DEBUG] [MainThread] [systray_widget/utils.py:96]: Destroying window 3803906
2025-12-23 00:49:40,325 [INFO] [MainThread] [root/log.py:69]: YASB v1.8.6
2025-12-23 00:49:40,326 [INFO] [Thread-1 (_run_server)] [cli_server/cli_server.py:212]: CLI server started v1.1.4
2025-12-23 00:49:40,326 [INFO] [MainThread] [cli_server/cli_server.py:104]: Log pipe server started
2025-12-23 00:49:40,557 [ERROR] [MainThread] [root/weather.py:60]: API key or location is missing. Please provide a valid API key and location.
2025-12-23 00:49:40,729 [INFO] [MainThread] [root/service.py:48]: AudioOutputService starting...
2025-12-23 00:49:41,132 [DEBUG] [MainThread] [root/pin_manager.py:163]: Loaded 0 pinned apps from C:\Users\ratta\AppData\Local\YASB\taskbar_pinned.json
2025-12-23 00:49:41,211 [INFO] [MainThread] [core.utils.widgets.taskbar.window_manager/window_manager.py:191]: TaskbarWindowManager is starting...
2025-12-23 00:49:41,246 [ERROR] [MainThread] [root/weather.py:60]: API key or location is missing. Please provide a valid API key and location.
2025-12-23 00:49:41,484 [INFO] [MainThread] [root/bar_manager.py:85]: Starting SystemEventListener...
2025-12-23 00:49:41,484 [INFO] [MainThread] [root/bar_manager.py:85]: Starting WindowsNotificationEventListener...
2025-12-23 00:49:41,485 [INFO] [MainThread] [root/watcher.py:54]: Created file watcher for path C:\Users\ratta\.config\yasb
2025-12-23 00:49:41,538 [INFO] [MainThread] [root/update_service.py:409]: Background update checker started
2025-12-23 00:49:41,538 [DEBUG] [MainThread] [qasync._windows._EventPoller/_windows.py:215]: Starting (proactor: <_IocpProactor overlapped#=0 result#=0>)...
2025-12-23 00:49:41,540 [DEBUG] [Dummy-5] [qasync._windows._EventWorker/_windows.py:195]: Thread started
2025-12-23 00:49:41,541 [DEBUG] [MainThread] [systray_widget/systray.py:526]: Loading state from C:\Users\ratta\AppData\Local\YASB\systray_state_INCG27Q30UMB6CBWL.json
2025-12-23 00:49:41,543 [DEBUG] [SystrayMonitor] [systray_widget/systray.py:57]: Systray thread is starting...
2025-12-23 00:49:41,545 [DEBUG] [MainThread] [systray_widget/systray.py:526]: Loading state from C:\Users\ratta\AppData\Local\YASB\systray_state_EKLTDLU28R55H4ZMB00043.json
2025-12-23 00:49:41,585 [DEBUG] [MainThread] [systray_widget/systray.py:277]: Systray thread started
2025-12-23 00:49:41,780 [DEBUG] [SystrayMonitor] [systray_widget/systray_monitor.py:164]: Adding TaskbandHWND prop to hwnd 985816
2025-12-23 00:49:41,780 [DEBUG] [SystrayMonitor] [systray_widget/systray_monitor.py:242]: Finding real tray hwnd
2025-12-23 00:49:41,786 [DEBUG] [MainThread] [systray_widget/systray_monitor.py:157]: Sending TaskbarCreated message: 49341
2025-12-23 06:57:15,152 [INFO] [MainThread] [root/controller.py:15]: Reloading Application because of config change.
2025-12-23 06:57:15,255 [INFO] [MainThread] [cli_server/cli_server.py:112]: Log pipe server stopped
2025-12-23 06:57:15,255 [DEBUG] [MainThread] [cli_server/cli_server.py:206]: CLI server stopped
2025-12-23 06:57:15,259 [INFO] [MainThread] [root/bar_manager.py:76]: Successfully loaded updated config and re-initialised all bars.
2025-12-23 06:57:15,562 [INFO] [MainThread] [root/log.py:69]: YASB v1.8.6
2025-12-23 06:57:15,563 [INFO] [Thread-1 (_run_server)] [cli_server/cli_server.py:212]: CLI server started v1.1.4
2025-12-23 06:57:15,563 [INFO] [MainThread] [cli_server/cli_server.py:104]: Log pipe server started
2025-12-23 06:57:15,563 [INFO] [MainThread] [root/main.py:45]: Waiting for previous YASB instance to exit...
2025-12-23 06:57:15,578 [INFO] [MainThread] [root/bar_manager.py:92]: Stopping SystemEventListener...
2025-12-23 06:57:15,578 [INFO] [MainThread] [root/bar_manager.py:92]: Stopping WindowsNotificationEventListener...
2025-12-23 06:57:15,579 [INFO] [MainThread] [core.utils.widgets.taskbar.window_manager/window_manager.py:218]: TaskbarWindowManager stopped
2025-12-23 06:57:15,581 [DEBUG] [MainThread] [systray_widget/systray.py:504]: Saving state to disk
2025-12-23 06:57:15,582 [DEBUG] [MainThread] [systray_widget/systray.py:508]: Saving state to C:\Users\ratta\AppData\Local\YASB\systray_state_INCG27Q30UMB6CBWL.json
2025-12-23 06:57:15,583 [DEBUG] [MainThread] [systray_widget/utils.py:96]: Destroying window 985816
2025-12-23 06:57:15,584 [DEBUG] [MainThread] [systray_widget/systray.py:504]: Saving state to disk
2025-12-23 06:57:15,584 [DEBUG] [MainThread] [systray_widget/systray.py:508]: Saving state to C:\Users\ratta\AppData\Local\YASB\systray_state_EKLTDLU28R55H4ZMB00043.json
2025-12-23 06:57:15,585 [DEBUG] [MainThread] [systray_widget/utils.py:96]: Destroying window 985816
2025-12-23 06:57:15,606 [DEBUG] [MainThread] [qasync._windows._EventPoller/_windows.py:220]: Stopping worker thread...
2025-12-23 06:57:15,617 [DEBUG] [Dummy-5] [qasync._windows._EventWorker/_windows.py:204]: Exiting thread
2025-12-23 06:57:15,621 [DEBUG] [MainThread] [qasync._windows._IocpProactor/_windows.py:78]: Closing
2025-12-23 06:57:15,679 [DEBUG] [MainThread] [systray_widget/utils.py:96]: Destroying window 985816
2025-12-23 06:57:15,814 [INFO] [MainThread] [root/main.py:71]: Previous instance exited, continuing startup.
2025-12-23 06:57:16,054 [ERROR] [MainThread] [root/weather.py:60]: API key or location is missing. Please provide a valid API key and location.
2025-12-23 06:57:16,230 [INFO] [MainThread] [root/service.py:48]: AudioOutputService starting...
2025-12-23 06:57:16,627 [DEBUG] [MainThread] [root/pin_manager.py:163]: Loaded 0 pinned apps from C:\Users\ratta\AppData\Local\YASB\taskbar_pinned.json
2025-12-23 06:57:16,967 [INFO] [MainThread] [core.utils.widgets.taskbar.window_manager/window_manager.py:191]: TaskbarWindowManager is starting...
2025-12-23 06:57:17,007 [ERROR] [MainThread] [root/weather.py:60]: API key or location is missing. Please provide a valid API key and location.
2025-12-23 06:57:17,200 [INFO] [MainThread] [root/bar_manager.py:85]: Starting WindowsNotificationEventListener...
2025-12-23 06:57:17,201 [INFO] [MainThread] [root/bar_manager.py:85]: Starting SystemEventListener...
2025-12-23 06:57:17,201 [INFO] [MainThread] [root/watcher.py:54]: Created file watcher for path C:\Users\ratta\.config\yasb
2025-12-23 06:57:17,232 [INFO] [MainThread] [root/update_service.py:409]: Background update checker started
2025-12-23 06:57:17,232 [DEBUG] [MainThread] [qasync._windows._EventPoller/_windows.py:215]: Starting (proactor: <_IocpProactor overlapped#=0 result#=0>)...
2025-12-23 06:57:17,238 [DEBUG] [Dummy-5] [qasync._windows._EventWorker/_windows.py:195]: Thread started
2025-12-23 06:57:17,249 [DEBUG] [MainThread] [systray_widget/systray.py:526]: Loading state from C:\Users\ratta\AppData\Local\YASB\systray_state_INCG27Q30UMB6CBWL.json
2025-12-23 06:57:17,251 [DEBUG] [SystrayMonitor] [systray_widget/systray.py:57]: Systray thread is starting...
2025-12-23 06:57:17,254 [DEBUG] [MainThread] [systray_widget/systray.py:526]: Loading state from C:\Users\ratta\AppData\Local\YASB\systray_state_EKLTDLU28R55H4ZMB00043.json
2025-12-23 06:57:17,282 [DEBUG] [MainThread] [systray_widget/systray.py:277]: Systray thread started
2025-12-23 06:57:17,482 [DEBUG] [SystrayMonitor] [systray_widget/systray_monitor.py:164]: Adding TaskbandHWND prop to hwnd 590882
2025-12-23 06:57:17,484 [DEBUG] [SystrayMonitor] [systray_widget/systray_monitor.py:242]: Finding real tray hwnd
2025-12-23 06:57:17,494 [DEBUG] [MainThread] [systray_widget/systray_monitor.py:157]: Sending TaskbarCreated message: 49341
2025-12-23 06:58:57,721 [INFO] [MainThread] [root/controller.py:15]: Reloading Application because of config change.
2025-12-23 06:58:57,830 [INFO] [MainThread] [cli_server/cli_server.py:112]: Log pipe server stopped
2025-12-23 06:58:57,830 [DEBUG] [MainThread] [cli_server/cli_server.py:206]: CLI server stopped
2025-12-23 06:58:57,834 [INFO] [MainThread] [root/bar_manager.py:76]: Successfully loaded updated config and re-initialised all bars.
2025-12-23 06:58:58,083 [INFO] [MainThread] [root/log.py:69]: YASB v1.8.6
2025-12-23 06:58:58,083 [INFO] [Thread-1 (_run_server)] [cli_server/cli_server.py:212]: CLI server started v1.1.4
2025-12-23 06:58:58,083 [INFO] [MainThread] [cli_server/cli_server.py:104]: Log pipe server started
2025-12-23 06:58:58,083 [INFO] [MainThread] [root/main.py:45]: Waiting for previous YASB instance to exit...
2025-12-23 06:58:58,139 [INFO] [MainThread] [root/bar_manager.py:92]: Stopping WindowsNotificationEventListener...
2025-12-23 06:58:58,139 [INFO] [MainThread] [root/bar_manager.py:92]: Stopping SystemEventListener...
2025-12-23 06:58:58,141 [INFO] [MainThread] [core.utils.widgets.taskbar.window_manager/window_manager.py:218]: TaskbarWindowManager stopped
2025-12-23 06:58:58,144 [DEBUG] [MainThread] [systray_widget/systray.py:504]: Saving state to disk
2025-12-23 06:58:58,145 [DEBUG] [MainThread] [systray_widget/systray.py:508]: Saving state to C:\Users\ratta\AppData\Local\YASB\systray_state_INCG27Q30UMB6CBWL.json
2025-12-23 06:58:58,146 [DEBUG] [MainThread] [systray_widget/utils.py:96]: Destroying window 590882
2025-12-23 06:58:58,148 [DEBUG] [MainThread] [systray_widget/systray.py:504]: Saving state to disk
2025-12-23 06:58:58,148 [DEBUG] [MainThread] [systray_widget/systray.py:508]: Saving state to C:\Users\ratta\AppData\Local\YASB\systray_state_EKLTDLU28R55H4ZMB00043.json
2025-12-23 06:58:58,149 [DEBUG] [MainThread] [systray_widget/utils.py:96]: Destroying window 590882
2025-12-23 06:58:58,164 [DEBUG] [MainThread] [qasync._windows._EventPoller/_windows.py:220]: Stopping worker thread...
2025-12-23 06:58:58,166 [DEBUG] [Dummy-5] [qasync._windows._EventWorker/_windows.py:204]: Exiting thread
2025-12-23 06:58:58,170 [DEBUG] [MainThread] [qasync._windows._IocpProactor/_windows.py:78]: Closing
2025-12-23 06:58:58,222 [DEBUG] [MainThread] [systray_widget/utils.py:96]: Destroying window 590882
2025-12-23 06:58:58,334 [INFO] [MainThread] [root/main.py:71]: Previous instance exited, continuing startup.
2025-12-23 06:58:58,613 [ERROR] [MainThread] [root/weather.py:60]: API key or location is missing. Please provide a valid API key and location.
2025-12-23 06:58:58,742 [WARNING] [MainThread] [root/widget_builder.py:40]: No widget config could be found for widget 'wallpaper
2025-12-23 06:58:58,771 [INFO] [MainThread] [root/service.py:48]: AudioOutputService starting...
2025-12-23 06:58:59,255 [DEBUG] [MainThread] [root/pin_manager.py:163]: Loaded 0 pinned apps from C:\Users\ratta\AppData\Local\YASB\taskbar_pinned.json
2025-12-23 06:58:59,353 [INFO] [MainThread] [core.utils.widgets.taskbar.window_manager/window_manager.py:191]: TaskbarWindowManager is starting...
2025-12-23 06:58:59,393 [ERROR] [MainThread] [root/weather.py:60]: API key or location is missing. Please provide a valid API key and location.
2025-12-23 06:58:59,411 [WARNING] [MainThread] [root/widget_builder.py:37]: Ignoring construction of invalid widget 'wallpaper'
2025-12-23 06:58:59,589 [INFO] [MainThread] [root/bar_manager.py:85]: Starting WindowsNotificationEventListener...
2025-12-23 06:58:59,589 [INFO] [MainThread] [root/bar_manager.py:85]: Starting SystemEventListener...
2025-12-23 06:58:59,590 [ERROR] [MainThread] [root/widget_builder.py:86]: Failed to add undefined widget(s)  - The widget "wallpaper" is undefined.
2025-12-23 06:58:59,608 [INFO] [MainThread] [root/watcher.py:54]: Created file watcher for path C:\Users\ratta\.config\yasb
2025-12-23 06:58:59,646 [INFO] [MainThread] [root/update_service.py:409]: Background update checker started
2025-12-23 06:58:59,646 [DEBUG] [MainThread] [qasync._windows._EventPoller/_windows.py:215]: Starting (proactor: <_IocpProactor overlapped#=0 result#=0>)...
2025-12-23 06:58:59,648 [DEBUG] [Dummy-5] [qasync._windows._EventWorker/_windows.py:195]: Thread started
2025-12-23 06:58:59,650 [DEBUG] [MainThread] [systray_widget/systray.py:526]: Loading state from C:\Users\ratta\AppData\Local\YASB\systray_state_INCG27Q30UMB6CBWL.json
2025-12-23 06:58:59,653 [DEBUG] [SystrayMonitor] [systray_widget/systray.py:57]: Systray thread is starting...
2025-12-23 06:58:59,654 [DEBUG] [MainThread] [systray_widget/systray.py:526]: Loading state from C:\Users\ratta\AppData\Local\YASB\systray_state_EKLTDLU28R55H4ZMB00043.json
2025-12-23 06:58:59,694 [DEBUG] [MainThread] [systray_widget/systray.py:277]: Systray thread started
2025-12-23 06:58:59,854 [DEBUG] [SystrayMonitor] [systray_widget/systray_monitor.py:242]: Finding real tray hwnd
2025-12-23 06:58:59,900 [DEBUG] [SystrayMonitor] [systray_widget/systray_monitor.py:164]: Adding TaskbandHWND prop to hwnd 3085552
2025-12-23 06:58:59,905 [DEBUG] [MainThread] [systray_widget/systray_monitor.py:157]: Sending TaskbarCreated message: 49341
2025-12-23 06:59:05,365 [INFO] [MainThread] [root/controller.py:15]: Reloading Application because of config change.
2025-12-23 06:59:05,470 [INFO] [MainThread] [cli_server/cli_server.py:112]: Log pipe server stopped
2025-12-23 06:59:05,471 [DEBUG] [MainThread] [cli_server/cli_server.py:206]: CLI server stopped
2025-12-23 06:59:05,474 [INFO] [MainThread] [root/bar_manager.py:76]: Successfully loaded updated config and re-initialised all bars.
2025-12-23 06:59:05,715 [INFO] [MainThread] [root/log.py:69]: YASB v1.8.6
2025-12-23 06:59:05,716 [INFO] [Thread-1 (_run_server)] [cli_server/cli_server.py:212]: CLI server started v1.1.4
2025-12-23 06:59:05,716 [INFO] [MainThread] [cli_server/cli_server.py:104]: Log pipe server started
2025-12-23 06:59:05,716 [INFO] [MainThread] [root/main.py:45]: Waiting for previous YASB instance to exit...
2025-12-23 06:59:05,770 [INFO] [MainThread] [root/bar_manager.py:92]: Stopping WindowsNotificationEventListener...
2025-12-23 06:59:05,770 [INFO] [MainThread] [root/bar_manager.py:92]: Stopping SystemEventListener...
2025-12-23 06:59:05,771 [INFO] [MainThread] [core.utils.widgets.taskbar.window_manager/window_manager.py:218]: TaskbarWindowManager stopped
2025-12-23 06:59:05,776 [DEBUG] [MainThread] [systray_widget/systray.py:504]: Saving state to disk
2025-12-23 06:59:05,776 [DEBUG] [MainThread] [systray_widget/systray.py:508]: Saving state to C:\Users\ratta\AppData\Local\YASB\systray_state_INCG27Q30UMB6CBWL.json
2025-12-23 06:59:05,776 [DEBUG] [MainThread] [systray_widget/utils.py:96]: Destroying window 3085552
2025-12-23 06:59:05,780 [DEBUG] [MainThread] [systray_widget/systray.py:504]: Saving state to disk
2025-12-23 06:59:05,780 [DEBUG] [MainThread] [systray_widget/systray.py:508]: Saving state to C:\Users\ratta\AppData\Local\YASB\systray_state_EKLTDLU28R55H4ZMB00043.json
2025-12-23 06:59:05,780 [DEBUG] [MainThread] [systray_widget/utils.py:96]: Destroying window 3085552
2025-12-23 06:59:05,796 [DEBUG] [MainThread] [qasync._windows._EventPoller/_windows.py:220]: Stopping worker thread...
2025-12-23 06:59:05,799 [DEBUG] [Dummy-5] [qasync._windows._EventWorker/_windows.py:204]: Exiting thread
2025-12-23 06:59:05,809 [DEBUG] [MainThread] [qasync._windows._IocpProactor/_windows.py:78]: Closing
2025-12-23 06:59:05,861 [DEBUG] [MainThread] [systray_widget/utils.py:96]: Destroying window 3085552
2025-12-23 06:59:05,966 [INFO] [MainThread] [root/main.py:71]: Previous instance exited, continuing startup.
2025-12-23 06:59:06,249 [ERROR] [MainThread] [root/weather.py:60]: API key or location is missing. Please provide a valid API key and location.
2025-12-23 06:59:06,404 [WARNING] [MainThread] [root/widget_builder.py:40]: No widget config could be found for widget 'Wallpapers
2025-12-23 06:59:06,434 [INFO] [MainThread] [root/service.py:48]: AudioOutputService starting...
2025-12-23 06:59:06,898 [DEBUG] [MainThread] [root/pin_manager.py:163]: Loaded 0 pinned apps from C:\Users\ratta\AppData\Local\YASB\taskbar_pinned.json
2025-12-23 06:59:06,984 [INFO] [MainThread] [core.utils.widgets.taskbar.window_manager/window_manager.py:191]: TaskbarWindowManager is starting...
2025-12-23 06:59:07,021 [ERROR] [MainThread] [root/weather.py:60]: API key or location is missing. Please provide a valid API key and location.
2025-12-23 06:59:07,038 [WARNING] [MainThread] [root/widget_builder.py:37]: Ignoring construction of invalid widget 'Wallpapers'
2025-12-23 06:59:07,219 [INFO] [MainThread] [root/bar_manager.py:85]: Starting SystemEventListener...
2025-12-23 06:59:07,220 [INFO] [MainThread] [root/bar_manager.py:85]: Starting WindowsNotificationEventListener...
2025-12-23 06:59:07,220 [ERROR] [MainThread] [root/widget_builder.py:86]: Failed to add undefined widget(s)  - The widget "Wallpapers" is undefined.
2025-12-23 06:59:07,237 [INFO] [MainThread] [root/watcher.py:54]: Created file watcher for path C:\Users\ratta\.config\yasb
2025-12-23 06:59:07,272 [INFO] [MainThread] [root/update_service.py:409]: Background update checker started
2025-12-23 06:59:07,272 [DEBUG] [MainThread] [qasync._windows._EventPoller/_windows.py:215]: Starting (proactor: <_IocpProactor overlapped#=0 result#=0>)...
2025-12-23 06:59:07,273 [DEBUG] [Dummy-5] [qasync._windows._EventWorker/_windows.py:195]: Thread started
2025-12-23 06:59:07,277 [DEBUG] [MainThread] [systray_widget/systray.py:526]: Loading state from C:\Users\ratta\AppData\Local\YASB\systray_state_INCG27Q30UMB6CBWL.json
2025-12-23 06:59:07,279 [DEBUG] [SystrayMonitor] [systray_widget/systray.py:57]: Systray thread is starting...
2025-12-23 06:59:07,280 [DEBUG] [MainThread] [systray_widget/systray.py:526]: Loading state from C:\Users\ratta\AppData\Local\YASB\systray_state_EKLTDLU28R55H4ZMB00043.json
2025-12-23 06:59:07,316 [DEBUG] [MainThread] [systray_widget/systray.py:277]: Systray thread started
2025-12-23 06:59:07,423 [DEBUG] [SystrayMonitor] [systray_widget/systray_monitor.py:242]: Finding real tray hwnd
2025-12-23 06:59:07,513 [DEBUG] [SystrayMonitor] [systray_widget/systray_monitor.py:164]: Adding TaskbandHWND prop to hwnd 723248
2025-12-23 06:59:07,520 [DEBUG] [MainThread] [systray_widget/systray_monitor.py:157]: Sending TaskbarCreated message: 49341
2025-12-23 06:59:12,185 [INFO] [MainThread] [root/controller.py:15]: Reloading Application because of config change.
2025-12-23 06:59:12,292 [INFO] [MainThread] [cli_server/cli_server.py:112]: Log pipe server stopped
2025-12-23 06:59:12,293 [DEBUG] [MainThread] [cli_server/cli_server.py:206]: CLI server stopped
2025-12-23 06:59:12,297 [INFO] [MainThread] [root/bar_manager.py:76]: Successfully loaded updated config and re-initialised all bars.
2025-12-23 06:59:12,540 [INFO] [MainThread] [root/log.py:69]: YASB v1.8.6
2025-12-23 06:59:12,540 [INFO] [Thread-1 (_run_server)] [cli_server/cli_server.py:212]: CLI server started v1.1.4
2025-12-23 06:59:12,541 [INFO] [MainThread] [cli_server/cli_server.py:104]: Log pipe server started
2025-12-23 06:59:12,541 [INFO] [MainThread] [root/main.py:45]: Waiting for previous YASB instance to exit...
2025-12-23 06:59:12,611 [INFO] [MainThread] [root/bar_manager.py:92]: Stopping SystemEventListener...
2025-12-23 06:59:12,611 [INFO] [MainThread] [root/bar_manager.py:92]: Stopping WindowsNotificationEventListener...
2025-12-23 06:59:12,613 [INFO] [MainThread] [core.utils.widgets.taskbar.window_manager/window_manager.py:218]: TaskbarWindowManager stopped
2025-12-23 06:59:12,613 [DEBUG] [MainThread] [systray_widget/systray.py:504]: Saving state to disk
2025-12-23 06:59:12,614 [DEBUG] [MainThread] [systray_widget/systray.py:508]: Saving state to C:\Users\ratta\AppData\Local\YASB\systray_state_INCG27Q30UMB6CBWL.json
2025-12-23 06:59:12,615 [DEBUG] [MainThread] [systray_widget/utils.py:96]: Destroying window 723248
2025-12-23 06:59:12,615 [DEBUG] [MainThread] [systray_widget/systray.py:504]: Saving state to disk
2025-12-23 06:59:12,616 [DEBUG] [MainThread] [systray_widget/systray.py:508]: Saving state to C:\Users\ratta\AppData\Local\YASB\systray_state_EKLTDLU28R55H4ZMB00043.json
2025-12-23 06:59:12,616 [DEBUG] [MainThread] [systray_widget/utils.py:96]: Destroying window 723248
2025-12-23 06:59:12,633 [DEBUG] [MainThread] [qasync._windows._EventPoller/_windows.py:220]: Stopping worker thread...
2025-12-23 06:59:12,636 [DEBUG] [Dummy-5] [qasync._windows._EventWorker/_windows.py:204]: Exiting thread
2025-12-23 06:59:12,643 [DEBUG] [MainThread] [qasync._windows._IocpProactor/_windows.py:78]: Closing
2025-12-23 06:59:12,711 [DEBUG] [MainThread] [systray_widget/utils.py:96]: Destroying window 723248
2025-12-23 06:59:12,791 [INFO] [MainThread] [root/main.py:71]: Previous instance exited, continuing startup.
2025-12-23 06:59:13,070 [ERROR] [MainThread] [root/weather.py:60]: API key or location is missing. Please provide a valid API key and location.
2025-12-23 06:59:13,213 [WARNING] [MainThread] [root/widget_builder.py:40]: No widget config could be found for widget 'WallpapersWidget
2025-12-23 06:59:13,240 [INFO] [MainThread] [root/service.py:48]: AudioOutputService starting...
2025-12-23 06:59:13,682 [DEBUG] [MainThread] [root/pin_manager.py:163]: Loaded 0 pinned apps from C:\Users\ratta\AppData\Local\YASB\taskbar_pinned.json
2025-12-23 06:59:13,753 [INFO] [MainThread] [core.utils.widgets.taskbar.window_manager/window_manager.py:191]: TaskbarWindowManager is starting...
2025-12-23 06:59:13,793 [ERROR] [MainThread] [root/weather.py:60]: API key or location is missing. Please provide a valid API key and location.
2025-12-23 06:59:13,811 [WARNING] [MainThread] [root/widget_builder.py:37]: Ignoring construction of invalid widget 'WallpapersWidget'
2025-12-23 06:59:14,063 [INFO] [MainThread] [root/bar_manager.py:85]: Starting WindowsNotificationEventListener...
2025-12-23 06:59:14,064 [INFO] [MainThread] [root/bar_manager.py:85]: Starting SystemEventListener...
2025-12-23 06:59:14,064 [ERROR] [MainThread] [root/widget_builder.py:86]: Failed to add undefined widget(s)  - The widget "WallpapersWidget" is undefined.
2025-12-23 06:59:14,081 [INFO] [MainThread] [root/watcher.py:54]: Created file watcher for path C:\Users\ratta\.config\yasb
2025-12-23 06:59:14,112 [INFO] [MainThread] [root/update_service.py:409]: Background update checker started
2025-12-23 06:59:14,112 [DEBUG] [MainThread] [qasync._windows._EventPoller/_windows.py:215]: Starting (proactor: <_IocpProactor overlapped#=0 result#=0>)...
2025-12-23 06:59:14,114 [DEBUG] [Dummy-5] [qasync._windows._EventWorker/_windows.py:195]: Thread started
2025-12-23 06:59:14,116 [DEBUG] [MainThread] [systray_widget/systray.py:526]: Loading state from C:\Users\ratta\AppData\Local\YASB\systray_state_INCG27Q30UMB6CBWL.json
2025-12-23 06:59:14,117 [DEBUG] [SystrayMonitor] [systray_widget/systray.py:57]: Systray thread is starting...
2025-12-23 06:59:14,118 [DEBUG] [MainThread] [systray_widget/systray.py:526]: Loading state from C:\Users\ratta\AppData\Local\YASB\systray_state_EKLTDLU28R55H4ZMB00043.json
2025-12-23 06:59:14,143 [DEBUG] [MainThread] [systray_widget/systray.py:277]: Systray thread started
2025-12-23 06:59:14,266 [DEBUG] [SystrayMonitor] [systray_widget/systray_monitor.py:242]: Finding real tray hwnd
2025-12-23 06:59:14,336 [DEBUG] [SystrayMonitor] [systray_widget/systray_monitor.py:164]: Adding TaskbandHWND prop to hwnd 1184532
2025-12-23 06:59:14,344 [DEBUG] [MainThread] [systray_widget/systray_monitor.py:157]: Sending TaskbarCreated message: 49341
2025-12-23 06:59:35,433 [INFO] [MainThread] [root/controller.py:15]: Reloading Application because of config change.
2025-12-23 06:59:35,534 [INFO] [MainThread] [cli_server/cli_server.py:112]: Log pipe server stopped
2025-12-23 06:59:35,534 [DEBUG] [MainThread] [cli_server/cli_server.py:206]: CLI server stopped
2025-12-23 06:59:35,538 [INFO] [MainThread] [root/bar_manager.py:76]: Successfully loaded updated config and re-initialised all bars.
2025-12-23 06:59:35,794 [INFO] [MainThread] [root/log.py:69]: YASB v1.8.6
2025-12-23 06:59:35,794 [INFO] [Thread-1 (_run_server)] [cli_server/cli_server.py:212]: CLI server started v1.1.4
2025-12-23 06:59:35,794 [INFO] [MainThread] [cli_server/cli_server.py:104]: Log pipe server started
2025-12-23 06:59:35,795 [INFO] [MainThread] [root/main.py:45]: Waiting for previous YASB instance to exit...
2025-12-23 06:59:35,846 [INFO] [MainThread] [root/bar_manager.py:92]: Stopping WindowsNotificationEventListener...
2025-12-23 06:59:35,846 [INFO] [MainThread] [root/bar_manager.py:92]: Stopping SystemEventListener...
2025-12-23 06:59:35,847 [INFO] [MainThread] [core.utils.widgets.taskbar.window_manager/window_manager.py:218]: TaskbarWindowManager stopped
2025-12-23 06:59:35,851 [DEBUG] [MainThread] [systray_widget/systray.py:504]: Saving state to disk
2025-12-23 06:59:35,851 [DEBUG] [MainThread] [systray_widget/systray.py:508]: Saving state to C:\Users\ratta\AppData\Local\YASB\systray_state_INCG27Q30UMB6CBWL.json
2025-12-23 06:59:35,852 [DEBUG] [MainThread] [systray_widget/utils.py:96]: Destroying window 1184532
2025-12-23 06:59:35,853 [DEBUG] [MainThread] [systray_widget/systray.py:504]: Saving state to disk
2025-12-23 06:59:35,854 [DEBUG] [MainThread] [systray_widget/systray.py:508]: Saving state to C:\Users\ratta\AppData\Local\YASB\systray_state_EKLTDLU28R55H4ZMB00043.json
2025-12-23 06:59:35,854 [DEBUG] [MainThread] [systray_widget/utils.py:96]: Destroying window 1184532
2025-12-23 06:59:35,873 [DEBUG] [MainThread] [qasync._windows._EventPoller/_windows.py:220]: Stopping worker thread...
2025-12-23 06:59:35,879 [DEBUG] [Dummy-5] [qasync._windows._EventWorker/_windows.py:204]: Exiting thread
2025-12-23 06:59:35,889 [DEBUG] [MainThread] [qasync._windows._IocpProactor/_windows.py:78]: Closing
2025-12-23 06:59:35,948 [DEBUG] [MainThread] [systray_widget/utils.py:96]: Destroying window 1184532
2025-12-23 06:59:36,045 [INFO] [MainThread] [root/main.py:71]: Previous instance exited, continuing startup.
2025-12-23 06:59:36,323 [ERROR] [MainThread] [root/weather.py:60]: API key or location is missing. Please provide a valid API key and location.
2025-12-23 06:59:36,453 [WARNING] [MainThread] [root/widget_builder.py:40]: No widget config could be found for widget 'WallpapersWidget
2025-12-23 06:59:36,478 [INFO] [MainThread] [root/service.py:48]: AudioOutputService starting...
2025-12-23 06:59:36,967 [DEBUG] [MainThread] [root/pin_manager.py:163]: Loaded 0 pinned apps from C:\Users\ratta\AppData\Local\YASB\taskbar_pinned.json
2025-12-23 06:59:37,043 [INFO] [MainThread] [core.utils.widgets.taskbar.window_manager/window_manager.py:191]: TaskbarWindowManager is starting...
2025-12-23 06:59:37,080 [ERROR] [MainThread] [root/weather.py:60]: API key or location is missing. Please provide a valid API key and location.
2025-12-23 06:59:37,097 [WARNING] [MainThread] [root/widget_builder.py:37]: Ignoring construction of invalid widget 'WallpapersWidget'
2025-12-23 06:59:37,284 [INFO] [MainThread] [root/bar_manager.py:85]: Starting WindowsNotificationEventListener...
2025-12-23 06:59:37,284 [INFO] [MainThread] [root/bar_manager.py:85]: Starting SystemEventListener...
2025-12-23 06:59:37,284 [ERROR] [MainThread] [root/widget_builder.py:86]: Failed to add undefined widget(s)  - The widget "WallpapersWidget" is undefined.
2025-12-23 06:59:37,298 [INFO] [MainThread] [root/watcher.py:54]: Created file watcher for path C:\Users\ratta\.config\yasb
2025-12-23 06:59:37,325 [INFO] [MainThread] [root/update_service.py:409]: Background update checker started
2025-12-23 06:59:37,325 [DEBUG] [MainThread] [qasync._windows._EventPoller/_windows.py:215]: Starting (proactor: <_IocpProactor overlapped#=0 result#=0>)...
2025-12-23 06:59:37,327 [DEBUG] [Dummy-5] [qasync._windows._EventWorker/_windows.py:195]: Thread started
2025-12-23 06:59:37,329 [DEBUG] [MainThread] [systray_widget/systray.py:526]: Loading state from C:\Users\ratta\AppData\Local\YASB\systray_state_INCG27Q30UMB6CBWL.json
2025-12-23 06:59:37,331 [DEBUG] [SystrayMonitor] [systray_widget/systray.py:57]: Systray thread is starting...
2025-12-23 06:59:37,332 [DEBUG] [MainThread] [systray_widget/systray.py:526]: Loading state from C:\Users\ratta\AppData\Local\YASB\systray_state_EKLTDLU28R55H4ZMB00043.json
2025-12-23 06:59:37,353 [DEBUG] [MainThread] [systray_widget/systray.py:277]: Systray thread started
2025-12-23 06:59:37,557 [DEBUG] [SystrayMonitor] [systray_widget/systray_monitor.py:164]: Adding TaskbandHWND prop to hwnd 791328
2025-12-23 06:59:37,557 [DEBUG] [SystrayMonitor] [systray_widget/systray_monitor.py:242]: Finding real tray hwnd
2025-12-23 06:59:37,564 [DEBUG] [MainThread] [systray_widget/systray_monitor.py:157]: Sending TaskbarCreated message: 49341
2025-12-23 06:59:53,612 [INFO] [MainThread] [root/controller.py:15]: Reloading Application because of config change.
2025-12-23 06:59:53,718 [INFO] [MainThread] [cli_server/cli_server.py:112]: Log pipe server stopped
2025-12-23 06:59:53,718 [DEBUG] [MainThread] [cli_server/cli_server.py:206]: CLI server stopped
2025-12-23 06:59:53,722 [INFO] [MainThread] [root/bar_manager.py:76]: Successfully loaded updated config and re-initialised all bars.
2025-12-23 06:59:54,011 [INFO] [MainThread] [root/bar_manager.py:92]: Stopping WindowsNotificationEventListener...
2025-12-23 06:59:54,011 [INFO] [MainThread] [root/bar_manager.py:92]: Stopping SystemEventListener...
2025-12-23 06:59:54,013 [INFO] [MainThread] [core.utils.widgets.taskbar.window_manager/window_manager.py:218]: TaskbarWindowManager stopped
2025-12-23 06:59:54,019 [DEBUG] [MainThread] [systray_widget/systray.py:504]: Saving state to disk
2025-12-23 06:59:54,019 [DEBUG] [MainThread] [systray_widget/systray.py:508]: Saving state to C:\Users\ratta\AppData\Local\YASB\systray_state_INCG27Q30UMB6CBWL.json
2025-12-23 06:59:54,020 [DEBUG] [MainThread] [systray_widget/utils.py:96]: Destroying window 791328
2025-12-23 06:59:54,026 [DEBUG] [MainThread] [systray_widget/systray.py:504]: Saving state to disk
2025-12-23 06:59:54,026 [DEBUG] [MainThread] [systray_widget/systray.py:508]: Saving state to C:\Users\ratta\AppData\Local\YASB\systray_state_EKLTDLU28R55H4ZMB00043.json
2025-12-23 06:59:54,026 [DEBUG] [MainThread] [systray_widget/utils.py:96]: Destroying window 791328
2025-12-23 06:59:54,027 [INFO] [MainThread] [root/log.py:69]: YASB v1.8.6
2025-12-23 06:59:54,028 [INFO] [Thread-1 (_run_server)] [cli_server/cli_server.py:212]: CLI server started v1.1.4
2025-12-23 06:59:54,028 [INFO] [MainThread] [cli_server/cli_server.py:104]: Log pipe server started
2025-12-23 06:59:54,028 [INFO] [MainThread] [root/main.py:45]: Waiting for previous YASB instance to exit...
2025-12-23 06:59:54,044 [DEBUG] [MainThread] [qasync._windows._EventPoller/_windows.py:220]: Stopping worker thread...
2025-12-23 06:59:54,049 [DEBUG] [Dummy-5] [qasync._windows._EventWorker/_windows.py:204]: Exiting thread
2025-12-23 06:59:54,060 [DEBUG] [MainThread] [qasync._windows._IocpProactor/_windows.py:78]: Closing
2025-12-23 06:59:54,114 [DEBUG] [MainThread] [systray_widget/utils.py:96]: Destroying window 791328
2025-12-23 06:59:54,279 [INFO] [MainThread] [root/main.py:71]: Previous instance exited, continuing startup.
2025-12-23 06:59:54,540 [ERROR] [MainThread] [root/weather.py:60]: API key or location is missing. Please provide a valid API key and location.
2025-12-23 06:59:54,697 [WARNING] [MainThread] [root/widget_builder.py:40]: No widget config could be found for widget 'Wallpaper
2025-12-23 06:59:54,726 [INFO] [MainThread] [root/service.py:48]: AudioOutputService starting...
2025-12-23 06:59:55,127 [DEBUG] [MainThread] [root/pin_manager.py:163]: Loaded 0 pinned apps from C:\Users\ratta\AppData\Local\YASB\taskbar_pinned.json
2025-12-23 06:59:55,199 [INFO] [MainThread] [core.utils.widgets.taskbar.window_manager/window_manager.py:191]: TaskbarWindowManager is starting...
2025-12-23 06:59:55,242 [ERROR] [MainThread] [root/weather.py:60]: API key or location is missing. Please provide a valid API key and location.
2025-12-23 06:59:55,259 [WARNING] [MainThread] [root/widget_builder.py:37]: Ignoring construction of invalid widget 'Wallpaper'
2025-12-23 06:59:55,446 [INFO] [MainThread] [root/bar_manager.py:85]: Starting WindowsNotificationEventListener...
2025-12-23 06:59:55,447 [INFO] [MainThread] [root/bar_manager.py:85]: Starting SystemEventListener...
2025-12-23 06:59:55,447 [ERROR] [MainThread] [root/widget_builder.py:86]: Failed to add undefined widget(s)  - The widget "Wallpaper" is undefined.
2025-12-23 06:59:55,461 [INFO] [MainThread] [root/watcher.py:54]: Created file watcher for path C:\Users\ratta\.config\yasb
2025-12-23 06:59:55,487 [INFO] [MainThread] [root/update_service.py:409]: Background update checker started
2025-12-23 06:59:55,487 [DEBUG] [MainThread] [qasync._windows._EventPoller/_windows.py:215]: Starting (proactor: <_IocpProactor overlapped#=0 result#=0>)...
2025-12-23 06:59:55,489 [DEBUG] [Dummy-5] [qasync._windows._EventWorker/_windows.py:195]: Thread started
2025-12-23 06:59:55,491 [DEBUG] [MainThread] [systray_widget/systray.py:526]: Loading state from C:\Users\ratta\AppData\Local\YASB\systray_state_INCG27Q30UMB6CBWL.json
2025-12-23 06:59:55,492 [DEBUG] [SystrayMonitor] [systray_widget/systray.py:57]: Systray thread is starting...
2025-12-23 06:59:55,494 [DEBUG] [MainThread] [systray_widget/systray.py:526]: Loading state from C:\Users\ratta\AppData\Local\YASB\systray_state_EKLTDLU28R55H4ZMB00043.json
2025-12-23 06:59:55,515 [DEBUG] [MainThread] [systray_widget/systray.py:277]: Systray thread started
2025-12-23 06:59:55,638 [DEBUG] [SystrayMonitor] [systray_widget/systray_monitor.py:242]: Finding real tray hwnd
2025-12-23 06:59:55,722 [DEBUG] [SystrayMonitor] [systray_widget/systray_monitor.py:164]: Adding TaskbandHWND prop to hwnd 1378618
2025-12-23 06:59:55,728 [DEBUG] [MainThread] [systray_widget/systray_monitor.py:157]: Sending TaskbarCreated message: 49341
2025-12-23 07:00:17,401 [INFO] [MainThread] [root/controller.py:15]: Reloading Application because of config change.
2025-12-23 07:00:17,505 [INFO] [MainThread] [cli_server/cli_server.py:112]: Log pipe server stopped
2025-12-23 07:00:17,505 [DEBUG] [MainThread] [cli_server/cli_server.py:206]: CLI server stopped
2025-12-23 07:00:17,509 [INFO] [MainThread] [root/bar_manager.py:76]: Successfully loaded updated config and re-initialised all bars.
2025-12-23 07:00:17,776 [INFO] [MainThread] [root/log.py:69]: YASB v1.8.6
2025-12-23 07:00:17,777 [INFO] [Thread-1 (_run_server)] [cli_server/cli_server.py:212]: CLI server started v1.1.4
2025-12-23 07:00:17,777 [INFO] [MainThread] [cli_server/cli_server.py:104]: Log pipe server started
2025-12-23 07:00:17,777 [INFO] [MainThread] [root/main.py:45]: Waiting for previous YASB instance to exit...
2025-12-23 07:00:17,805 [INFO] [MainThread] [root/bar_manager.py:92]: Stopping WindowsNotificationEventListener...
2025-12-23 07:00:17,805 [INFO] [MainThread] [root/bar_manager.py:92]: Stopping SystemEventListener...
2025-12-23 07:00:17,807 [INFO] [MainThread] [core.utils.widgets.taskbar.window_manager/window_manager.py:218]: TaskbarWindowManager stopped
2025-12-23 07:00:17,813 [DEBUG] [MainThread] [systray_widget/systray.py:504]: Saving state to disk
2025-12-23 07:00:17,813 [DEBUG] [MainThread] [systray_widget/systray.py:508]: Saving state to C:\Users\ratta\AppData\Local\YASB\systray_state_INCG27Q30UMB6CBWL.json
2025-12-23 07:00:17,814 [DEBUG] [MainThread] [systray_widget/utils.py:96]: Destroying window 1378618
2025-12-23 07:00:17,819 [DEBUG] [MainThread] [systray_widget/systray.py:504]: Saving state to disk
2025-12-23 07:00:17,819 [DEBUG] [MainThread] [systray_widget/systray.py:508]: Saving state to C:\Users\ratta\AppData\Local\YASB\systray_state_EKLTDLU28R55H4ZMB00043.json
2025-12-23 07:00:17,820 [DEBUG] [MainThread] [systray_widget/utils.py:96]: Destroying window 1378618
2025-12-23 07:00:17,840 [DEBUG] [MainThread] [qasync._windows._EventPoller/_windows.py:220]: Stopping worker thread...
2025-12-23 07:00:17,848 [DEBUG] [Dummy-5] [qasync._windows._EventWorker/_windows.py:204]: Exiting thread
2025-12-23 07:00:17,854 [DEBUG] [MainThread] [qasync._windows._IocpProactor/_windows.py:78]: Closing
2025-12-23 07:00:17,896 [DEBUG] [MainThread] [systray_widget/utils.py:96]: Destroying window 1378618
2025-12-23 07:00:18,028 [INFO] [MainThread] [root/main.py:71]: Previous instance exited, continuing startup.
2025-12-23 07:00:18,261 [ERROR] [MainThread] [root/weather.py:60]: API key or location is missing. Please provide a valid API key and location.
2025-12-23 07:00:18,497 [INFO] [MainThread] [root/service.py:48]: AudioOutputService starting...
2025-12-23 07:00:18,932 [DEBUG] [MainThread] [root/pin_manager.py:163]: Loaded 0 pinned apps from C:\Users\ratta\AppData\Local\YASB\taskbar_pinned.json
2025-12-23 07:00:18,999 [INFO] [MainThread] [core.utils.widgets.taskbar.window_manager/window_manager.py:191]: TaskbarWindowManager is starting...
2025-12-23 07:00:19,035 [ERROR] [MainThread] [root/weather.py:60]: API key or location is missing. Please provide a valid API key and location.
2025-12-23 07:00:19,230 [INFO] [MainThread] [root/bar_manager.py:85]: Starting SystemEventListener...
2025-12-23 07:00:19,231 [INFO] [MainThread] [root/bar_manager.py:85]: Starting WindowsNotificationEventListener...
2025-12-23 07:00:19,231 [INFO] [MainThread] [root/watcher.py:54]: Created file watcher for path C:\Users\ratta\.config\yasb
2025-12-23 07:00:19,269 [INFO] [MainThread] [root/update_service.py:409]: Background update checker started
2025-12-23 07:00:19,269 [DEBUG] [MainThread] [qasync._windows._EventPoller/_windows.py:215]: Starting (proactor: <_IocpProactor overlapped#=0 result#=0>)...
2025-12-23 07:00:19,272 [DEBUG] [Dummy-5] [qasync._windows._EventWorker/_windows.py:195]: Thread started
2025-12-23 07:00:19,274 [DEBUG] [MainThread] [systray_widget/systray.py:526]: Loading state from C:\Users\ratta\AppData\Local\YASB\systray_state_INCG27Q30UMB6CBWL.json
2025-12-23 07:00:19,275 [DEBUG] [SystrayMonitor] [systray_widget/systray.py:57]: Systray thread is starting...
2025-12-23 07:00:19,277 [DEBUG] [MainThread] [systray_widget/systray.py:526]: Loading state from C:\Users\ratta\AppData\Local\YASB\systray_state_EKLTDLU28R55H4ZMB00043.json
2025-12-23 07:00:19,299 [DEBUG] [MainThread] [systray_widget/systray.py:277]: Systray thread started
2025-12-23 07:00:19,493 [DEBUG] [SystrayMonitor] [systray_widget/systray_monitor.py:164]: Adding TaskbandHWND prop to hwnd 2164946
2025-12-23 07:00:19,494 [DEBUG] [SystrayMonitor] [systray_widget/systray_monitor.py:242]: Finding real tray hwnd
2025-12-23 07:00:19,498 [DEBUG] [MainThread] [systray_widget/systray_monitor.py:157]: Sending TaskbarCreated message: 49341
2025-12-23 07:01:29,660 [ERROR] [MainThread] [root/bar_manager.py:56]: Error loading config: while scanning a double-quoted scalar
  in "C:\Users\ratta\.config\yasb\config.yaml", line 444, column 11
found unknown escape character 'G'
  in "C:\Users\ratta\.config\yasb\config.yaml", line 444, column 57
2025-12-23 07:01:55,013 [ERROR] [MainThread] [root/config.py:124]: The file 'C:\Users\ratta\.config\yasb\config.yaml' contains Parser Error(s). Please fix:
while parsing a block collection
  in "C:\Users\ratta\.config\yasb\config.yaml", line 444, column 9
expected <block end>, but found '<scalar>'
  in "C:\Users\ratta\.config\yasb\config.yaml", line 453, column 33
2025-12-23 07:02:12,372 [INFO] [MainThread] [root/controller.py:15]: Reloading Application because of config change.
2025-12-23 07:02:12,481 [INFO] [MainThread] [cli_server/cli_server.py:112]: Log pipe server stopped
2025-12-23 07:02:12,481 [DEBUG] [MainThread] [cli_server/cli_server.py:206]: CLI server stopped
2025-12-23 07:02:12,484 [INFO] [MainThread] [root/bar_manager.py:76]: Successfully loaded updated config and re-initialised all bars.
2025-12-23 07:02:12,751 [INFO] [MainThread] [root/log.py:69]: YASB v1.8.6
2025-12-23 07:02:12,751 [INFO] [Thread-1 (_run_server)] [cli_server/cli_server.py:212]: CLI server started v1.1.4
2025-12-23 07:02:12,751 [INFO] [MainThread] [cli_server/cli_server.py:104]: Log pipe server started
2025-12-23 07:02:12,752 [INFO] [MainThread] [root/main.py:45]: Waiting for previous YASB instance to exit...
2025-12-23 07:02:12,764 [INFO] [MainThread] [root/bar_manager.py:92]: Stopping SystemEventListener...
2025-12-23 07:02:12,764 [INFO] [MainThread] [root/bar_manager.py:92]: Stopping WindowsNotificationEventListener...
2025-12-23 07:02:12,766 [INFO] [MainThread] [core.utils.widgets.taskbar.window_manager/window_manager.py:218]: TaskbarWindowManager stopped
2025-12-23 07:02:12,771 [DEBUG] [MainThread] [systray_widget/systray.py:504]: Saving state to disk
2025-12-23 07:02:12,772 [DEBUG] [MainThread] [systray_widget/systray.py:508]: Saving state to C:\Users\ratta\AppData\Local\YASB\systray_state_INCG27Q30UMB6CBWL.json
2025-12-23 07:02:12,773 [DEBUG] [MainThread] [systray_widget/utils.py:96]: Destroying window 2164946
2025-12-23 07:02:12,775 [DEBUG] [MainThread] [systray_widget/systray.py:504]: Saving state to disk
2025-12-23 07:02:12,775 [DEBUG] [MainThread] [systray_widget/systray.py:508]: Saving state to C:\Users\ratta\AppData\Local\YASB\systray_state_EKLTDLU28R55H4ZMB00043.json
2025-12-23 07:02:12,776 [DEBUG] [MainThread] [systray_widget/utils.py:96]: Destroying window 2164946
2025-12-23 07:02:12,799 [DEBUG] [MainThread] [qasync._windows._EventPoller/_windows.py:220]: Stopping worker thread...
2025-12-23 07:02:12,814 [DEBUG] [Dummy-5] [qasync._windows._EventWorker/_windows.py:204]: Exiting thread
2025-12-23 07:02:12,821 [DEBUG] [MainThread] [qasync._windows._IocpProactor/_windows.py:78]: Closing
2025-12-23 07:02:12,879 [DEBUG] [MainThread] [systray_widget/utils.py:96]: Destroying window 2164946
2025-12-23 07:02:13,002 [INFO] [MainThread] [root/main.py:71]: Previous instance exited, continuing startup.
2025-12-23 07:02:13,245 [ERROR] [MainThread] [root/weather.py:60]: API key or location is missing. Please provide a valid API key and location.
2025-12-23 07:02:13,472 [INFO] [MainThread] [root/service.py:48]: AudioOutputService starting...
2025-12-23 07:02:13,921 [DEBUG] [MainThread] [root/pin_manager.py:163]: Loaded 0 pinned apps from C:\Users\ratta\AppData\Local\YASB\taskbar_pinned.json
2025-12-23 07:02:13,995 [INFO] [MainThread] [core.utils.widgets.taskbar.window_manager/window_manager.py:191]: TaskbarWindowManager is starting...
2025-12-23 07:02:14,033 [ERROR] [MainThread] [root/weather.py:60]: API key or location is missing. Please provide a valid API key and location.
2025-12-23 07:02:14,267 [INFO] [MainThread] [root/bar_manager.py:85]: Starting WindowsNotificationEventListener...
2025-12-23 07:02:14,267 [INFO] [MainThread] [root/bar_manager.py:85]: Starting SystemEventListener...
2025-12-23 07:02:14,268 [INFO] [MainThread] [root/watcher.py:54]: Created file watcher for path C:\Users\ratta\.config\yasb
2025-12-23 07:02:14,309 [INFO] [MainThread] [root/update_service.py:409]: Background update checker started
2025-12-23 07:02:14,309 [DEBUG] [MainThread] [qasync._windows._EventPoller/_windows.py:215]: Starting (proactor: <_IocpProactor overlapped#=0 result#=0>)...
2025-12-23 07:02:14,311 [DEBUG] [Dummy-5] [qasync._windows._EventWorker/_windows.py:195]: Thread started
2025-12-23 07:02:14,314 [DEBUG] [MainThread] [systray_widget/systray.py:526]: Loading state from C:\Users\ratta\AppData\Local\YASB\systray_state_INCG27Q30UMB6CBWL.json
2025-12-23 07:02:14,315 [DEBUG] [SystrayMonitor] [systray_widget/systray.py:57]: Systray thread is starting...
2025-12-23 07:02:14,316 [DEBUG] [MainThread] [systray_widget/systray.py:526]: Loading state from C:\Users\ratta\AppData\Local\YASB\systray_state_EKLTDLU28R55H4ZMB00043.json
2025-12-23 07:02:14,339 [DEBUG] [MainThread] [systray_widget/systray.py:277]: Systray thread started
2025-12-23 07:02:14,542 [DEBUG] [SystrayMonitor] [systray_widget/systray_monitor.py:164]: Adding TaskbandHWND prop to hwnd 918138
2025-12-23 07:02:14,543 [DEBUG] [SystrayMonitor] [systray_widget/systray_monitor.py:242]: Finding real tray hwnd
2025-12-23 07:02:14,547 [DEBUG] [MainThread] [systray_widget/systray_monitor.py:157]: Sending TaskbarCreated message: 49341
2025-12-23 07:27:48,391 [INFO] [MainThread] [root/bar_manager.py:92]: Stopping WindowsNotificationEventListener...
2025-12-23 07:27:48,391 [INFO] [MainThread] [root/bar_manager.py:92]: Stopping SystemEventListener...
2025-12-23 07:27:48,392 [INFO] [MainThread] [core.utils.widgets.taskbar.window_manager/window_manager.py:218]: TaskbarWindowManager stopped
2025-12-23 07:27:48,393 [DEBUG] [MainThread] [systray_widget/systray.py:504]: Saving state to disk
2025-12-23 07:27:48,394 [DEBUG] [MainThread] [systray_widget/systray.py:508]: Saving state to C:\Users\ratta\AppData\Local\YASB\systray_state_INCG27Q30UMB6CBWL.json
2025-12-23 07:27:48,395 [DEBUG] [MainThread] [systray_widget/utils.py:96]: Destroying window 918138
2025-12-23 07:27:48,395 [DEBUG] [MainThread] [systray_widget/systray.py:504]: Saving state to disk
2025-12-23 07:27:48,396 [DEBUG] [MainThread] [systray_widget/systray.py:508]: Saving state to C:\Users\ratta\AppData\Local\YASB\systray_state_EKLTDLU28R55H4ZMB00043.json
2025-12-23 07:27:48,397 [DEBUG] [MainThread] [systray_widget/utils.py:96]: Destroying window 918138
2025-12-23 17:28:34,934 [INFO] [MainThread] [root/log.py:69]: YASB v1.8.6
2025-12-23 17:28:34,935 [INFO] [Thread-1 (_run_server)] [cli_server/cli_server.py:212]: CLI server started v1.1.4
2025-12-23 17:28:34,936 [INFO] [MainThread] [cli_server/cli_server.py:104]: Log pipe server started
2025-12-23 17:28:35,232 [ERROR] [MainThread] [root/weather.py:60]: API key or location is missing. Please provide a valid API key and location.
2025-12-23 17:28:35,544 [INFO] [MainThread] [root/service.py:48]: AudioOutputService starting...
2025-12-23 17:28:36,042 [DEBUG] [MainThread] [root/pin_manager.py:163]: Loaded 0 pinned apps from C:\Users\ratta\AppData\Local\YASB\taskbar_pinned.json
2025-12-23 17:28:36,078 [INFO] [MainThread] [core.utils.widgets.taskbar.window_manager/window_manager.py:191]: TaskbarWindowManager is starting...
2025-12-23 17:28:36,112 [ERROR] [MainThread] [root/weather.py:60]: API key or location is missing. Please provide a valid API key and location.
2025-12-23 17:28:36,268 [INFO] [MainThread] [root/bar_manager.py:85]: Starting SystemEventListener...
2025-12-23 17:28:36,269 [INFO] [MainThread] [root/bar_manager.py:85]: Starting WindowsNotificationEventListener...
2025-12-23 17:28:36,269 [INFO] [MainThread] [root/watcher.py:54]: Created file watcher for path C:\Users\ratta\.config\yasb
2025-12-23 17:28:36,314 [INFO] [MainThread] [root/update_service.py:409]: Background update checker started
2025-12-23 17:28:36,314 [DEBUG] [MainThread] [qasync._windows._EventPoller/_windows.py:215]: Starting (proactor: <_IocpProactor overlapped#=0 result#=0>)...
2025-12-23 17:28:36,316 [DEBUG] [Dummy-5] [qasync._windows._EventWorker/_windows.py:195]: Thread started
2025-12-23 17:28:36,318 [DEBUG] [MainThread] [systray_widget/systray.py:526]: Loading state from C:\Users\ratta\AppData\Local\YASB\systray_state_INCG27Q30UMB6CBWL.json
2025-12-23 17:28:36,320 [DEBUG] [SystrayMonitor] [systray_widget/systray.py:57]: Systray thread is starting...
2025-12-23 17:28:36,322 [DEBUG] [MainThread] [systray_widget/systray.py:526]: Loading state from C:\Users\ratta\AppData\Local\YASB\systray_state_EKLTDLU28R55H4ZMB00043.json
2025-12-23 17:28:36,336 [DEBUG] [SystrayMonitor] [systray_widget/systray_monitor.py:242]: Finding real tray hwnd
2025-12-23 17:28:36,441 [DEBUG] [MainThread] [systray_widget/systray.py:277]: Systray thread started
2025-12-23 17:28:36,584 [WARNING] [UpdateChecker] [root/update_service.py:275]: Network error checking for updates: [SSL: UNEXPECTED_EOF_WHILE_READING] EOF occurred in violation of protocol (_ssl.c:1077)
2025-12-23 17:28:36,584 [WARNING] [UpdateChecker] [root/update_service.py:405]: Background update check failed: <urlopen error [SSL: UNEXPECTED_EOF_WHILE_READING] EOF occurred in violation of protocol (_ssl.c:1077)>
2025-12-23 17:28:36,641 [DEBUG] [SystrayMonitor] [systray_widget/systray_monitor.py:164]: Adding TaskbandHWND prop to hwnd 67144
2025-12-23 17:28:36,645 [DEBUG] [MainThread] [systray_widget/systray_monitor.py:157]: Sending TaskbarCreated message: 49339
2025-12-23 19:37:31,236 [INFO] [Thread-1 (_run_server)] [cli_server/cli_server.py:253]: CLI server received command: stop
2025-12-23 19:37:31,237 [INFO] [Thread-1 (_run_server)] [root/controller.py:35]: Exiting Application from CLI...
2025-12-23 19:37:31,348 [INFO] [Thread-1 (_run_server)] [cli_server/cli_server.py:112]: Log pipe server stopped
2025-12-23 19:37:31,349 [DEBUG] [Thread-1 (_run_server)] [cli_server/cli_server.py:206]: CLI server stopped
2025-12-23 19:37:31,669 [INFO] [MainThread] [root/bar_manager.py:92]: Stopping SystemEventListener...
2025-12-23 19:37:31,669 [INFO] [MainThread] [root/bar_manager.py:92]: Stopping WindowsNotificationEventListener...
2025-12-23 19:37:31,670 [INFO] [MainThread] [core.utils.widgets.taskbar.window_manager/window_manager.py:218]: TaskbarWindowManager stopped
2025-12-23 19:37:31,671 [DEBUG] [MainThread] [systray_widget/systray.py:504]: Saving state to disk
2025-12-23 19:37:31,672 [DEBUG] [MainThread] [systray_widget/systray.py:508]: Saving state to C:\Users\ratta\AppData\Local\YASB\systray_state_INCG27Q30UMB6CBWL.json
2025-12-23 19:37:31,686 [DEBUG] [MainThread] [systray_widget/utils.py:96]: Destroying window 67144
2025-12-23 19:37:31,690 [DEBUG] [MainThread] [systray_widget/systray.py:504]: Saving state to disk
2025-12-23 19:37:31,690 [DEBUG] [MainThread] [systray_widget/systray.py:508]: Saving state to C:\Users\ratta\AppData\Local\YASB\systray_state_EKLTDLU28R55H4ZMB00043.json
2025-12-23 19:37:31,701 [DEBUG] [MainThread] [systray_widget/utils.py:96]: Destroying window 67144
2025-12-23 19:37:31,720 [DEBUG] [MainThread] [qasync._windows._EventPoller/_windows.py:220]: Stopping worker thread...
2025-12-23 19:37:31,724 [DEBUG] [Dummy-5] [qasync._windows._EventWorker/_windows.py:204]: Exiting thread
2025-12-23 19:37:31,735 [DEBUG] [MainThread] [qasync._windows._IocpProactor/_windows.py:78]: Closing
2025-12-23 19:37:31,794 [DEBUG] [MainThread] [systray_widget/utils.py:96]: Destroying window 67144
2025-12-23 19:37:32,786 [INFO] [MainThread] [root/log.py:69]: YASB v1.8.6
2025-12-23 19:37:32,786 [INFO] [Thread-1 (_run_server)] [cli_server/cli_server.py:212]: CLI server started v1.1.4
2025-12-23 19:37:32,786 [INFO] [MainThread] [cli_server/cli_server.py:104]: Log pipe server started
2025-12-23 19:37:33,541 [INFO] [MainThread] [root/service.py:48]: AudioOutputService starting...
2025-12-23 19:37:33,578 [INFO] [MainThread] [root/service.py:39]: AudioInputService starting...
2025-12-23 19:37:34,119 [DEBUG] [MainThread] [root/pin_manager.py:163]: Loaded 0 pinned apps from C:\Users\ratta\AppData\Local\YASB\taskbar_pinned.json
2025-12-23 19:37:34,215 [INFO] [MainThread] [core.utils.widgets.taskbar.window_manager/window_manager.py:191]: TaskbarWindowManager is starting...
2025-12-23 19:37:34,466 [INFO] [MainThread] [root/bar_manager.py:85]: Starting WindowsNotificationEventListener...
2025-12-23 19:37:34,467 [INFO] [MainThread] [root/bar_manager.py:85]: Starting KomorebiEventListener...
2025-12-23 19:37:34,468 [INFO] [MainThread] [root/bar_manager.py:85]: Starting SystemEventListener...
2025-12-23 19:37:34,468 [INFO] [MainThread] [root/watcher.py:54]: Created file watcher for path C:\Users\ratta\.config\yasb
2025-12-23 19:37:34,479 [INFO] [Dummy-5] [root/event_listener.py:51]: Created named pipe yasb-28056f88-dffc-11f0-8704-d843ae576946
2025-12-23 19:37:34,529 [INFO] [MainThread] [root/update_service.py:409]: Background update checker started
2025-12-23 19:37:34,529 [DEBUG] [MainThread] [qasync._windows._EventPoller/_windows.py:215]: Starting (proactor: <_IocpProactor overlapped#=0 result#=0>)...
2025-12-23 19:37:34,532 [DEBUG] [Dummy-8] [qasync._windows._EventWorker/_windows.py:195]: Thread started
2025-12-23 19:37:34,615 [DEBUG] [MainThread] [systray_widget/systray.py:526]: Loading state from C:\Users\ratta\AppData\Local\YASB\systray_state_INCG27Q30UMB6CBWL.json
2025-12-23 19:37:34,620 [DEBUG] [SystrayMonitor] [systray_widget/systray.py:57]: Systray thread is starting...
2025-12-23 19:37:34,632 [DEBUG] [MainThread] [systray_widget/systray.py:526]: Loading state from C:\Users\ratta\AppData\Local\YASB\systray_state_EKLTDLU28R55H4ZMB00043.json
2025-12-23 19:37:34,684 [DEBUG] [MainThread] [systray_widget/systray.py:277]: Systray thread started
2025-12-23 19:37:34,876 [ERROR] [MainThread] [root/api.py:84]: Weather response error 401: API key is invalid.
2025-12-23 19:37:34,876 [WARNING] [MainThread] [root/weather.py:594]: Error processing weather data: Weather data is empty.. Retrying fetch in 10 seconds.
2025-12-23 19:37:34,878 [WARNING] [MainThread] [root/weather.py:594]: Error processing weather data: Weather data is empty.. Retrying fetch in 10 seconds.
2025-12-23 19:37:34,886 [DEBUG] [SystrayMonitor] [systray_widget/systray_monitor.py:164]: Adding TaskbandHWND prop to hwnd 132650
2025-12-23 19:37:34,887 [DEBUG] [SystrayMonitor] [systray_widget/systray_monitor.py:242]: Finding real tray hwnd
2025-12-23 19:37:34,895 [DEBUG] [MainThread] [systray_widget/systray_monitor.py:157]: Sending TaskbarCreated message: 49339
2025-12-23 19:37:45,509 [ERROR] [MainThread] [root/api.py:84]: Weather response error 401: API key is invalid.
2025-12-23 19:37:45,509 [WARNING] [MainThread] [root/weather.py:594]: Error processing weather data: Weather data is empty.. Retrying fetch in 10 seconds.
2025-12-23 19:37:45,510 [WARNING] [MainThread] [root/weather.py:594]: Error processing weather data: Weather data is empty.. Retrying fetch in 10 seconds.
2025-12-23 19:37:45,515 [ERROR] [MainThread] [root/api.py:84]: Weather response error 401: API key is invalid.
2025-12-23 19:37:50,785 [INFO] [Thread-1 (_run_server)] [cli_server/cli_server.py:253]: CLI server received command: stop
2025-12-23 19:37:50,786 [INFO] [Thread-1 (_run_server)] [root/controller.py:35]: Exiting Application from CLI...
2025-12-23 19:37:50,889 [INFO] [Thread-1 (_run_server)] [cli_server/cli_server.py:112]: Log pipe server stopped
2025-12-23 19:37:50,889 [DEBUG] [Thread-1 (_run_server)] [cli_server/cli_server.py:206]: CLI server stopped
2025-12-23 19:37:51,191 [INFO] [MainThread] [root/bar_manager.py:92]: Stopping WindowsNotificationEventListener...
2025-12-23 19:37:51,191 [INFO] [MainThread] [root/bar_manager.py:92]: Stopping KomorebiEventListener...
2025-12-23 19:37:51,192 [INFO] [MainThread] [root/bar_manager.py:92]: Stopping SystemEventListener...
2025-12-23 19:37:51,192 [INFO] [MainThread] [core.utils.widgets.taskbar.window_manager/window_manager.py:218]: TaskbarWindowManager stopped
2025-12-23 19:37:51,193 [DEBUG] [MainThread] [systray_widget/systray.py:504]: Saving state to disk
2025-12-23 19:37:51,193 [DEBUG] [MainThread] [systray_widget/systray.py:508]: Saving state to C:\Users\ratta\AppData\Local\YASB\systray_state_INCG27Q30UMB6CBWL.json
2025-12-23 19:37:51,194 [DEBUG] [MainThread] [systray_widget/utils.py:96]: Destroying window 132650
2025-12-23 19:37:51,194 [DEBUG] [MainThread] [systray_widget/systray.py:504]: Saving state to disk
2025-12-23 19:37:51,194 [DEBUG] [MainThread] [systray_widget/systray.py:508]: Saving state to C:\Users\ratta\AppData\Local\YASB\systray_state_EKLTDLU28R55H4ZMB00043.json
2025-12-23 19:37:51,195 [DEBUG] [MainThread] [systray_widget/utils.py:96]: Destroying window 132650
2025-12-23 19:37:51,205 [DEBUG] [MainThread] [qasync._windows._EventPoller/_windows.py:220]: Stopping worker thread...
2025-12-23 19:37:51,218 [DEBUG] [Dummy-8] [qasync._windows._EventWorker/_windows.py:204]: Exiting thread
2025-12-23 19:37:51,246 [DEBUG] [MainThread] [qasync._windows._IocpProactor/_windows.py:78]: Closing
2025-12-23 19:37:51,347 [DEBUG] [MainThread] [systray_widget/utils.py:96]: Destroying window 132650
2025-12-23 19:37:52,102 [INFO] [MainThread] [root/log.py:69]: YASB v1.8.6
2025-12-23 19:37:52,103 [INFO] [Thread-1 (_run_server)] [cli_server/cli_server.py:212]: CLI server started v1.1.4
2025-12-23 19:37:52,103 [INFO] [MainThread] [cli_server/cli_server.py:104]: Log pipe server started
2025-12-23 19:37:52,353 [DEBUG] [MainThread] [pyvda.build/build.py:53]: Starting feature detection...
2025-12-23 19:37:52,353 [DEBUG] [MainThread] [pyvda.build/build.py:57]: Feature detection complete. Windows version is over 26100
2025-12-23 19:37:53,520 [INFO] [MainThread] [root/bar_manager.py:85]: Starting WindowsNotificationEventListener...
2025-12-23 19:37:53,521 [INFO] [MainThread] [root/bar_manager.py:85]: Starting SystemEventListener...
2025-12-23 19:37:53,521 [INFO] [MainThread] [root/watcher.py:54]: Created file watcher for path C:\Users\ratta\.config\yasb
2025-12-23 19:37:53,610 [INFO] [MainThread] [root/update_service.py:409]: Background update checker started
2025-12-23 19:37:53,610 [DEBUG] [MainThread] [qasync._windows._EventPoller/_windows.py:215]: Starting (proactor: <_IocpProactor overlapped#=0 result#=0>)...
2025-12-23 19:37:53,611 [DEBUG] [Dummy-5] [qasync._windows._EventWorker/_windows.py:195]: Thread started
2025-12-23 19:37:54,741 [INFO] [MainThread] [root/api.py:69]: Fetching new weather data at 2025-12-23 19:37:54.741200
2025-12-23 19:38:10,159 [INFO] [Thread-1 (_run_server)] [cli_server/cli_server.py:253]: CLI server received command: stop
2025-12-23 19:38:10,159 [INFO] [Thread-1 (_run_server)] [root/controller.py:35]: Exiting Application from CLI...
2025-12-23 19:38:10,260 [INFO] [Thread-1 (_run_server)] [cli_server/cli_server.py:112]: Log pipe server stopped
2025-12-23 19:38:10,260 [DEBUG] [Thread-1 (_run_server)] [cli_server/cli_server.py:206]: CLI server stopped
2025-12-23 19:38:10,629 [INFO] [MainThread] [root/bar_manager.py:92]: Stopping WindowsNotificationEventListener...
2025-12-23 19:38:10,629 [INFO] [MainThread] [root/bar_manager.py:92]: Stopping SystemEventListener...
2025-12-23 19:38:10,672 [DEBUG] [MainThread] [qasync._windows._EventPoller/_windows.py:220]: Stopping worker thread...
2025-12-23 19:38:10,674 [DEBUG] [Dummy-5] [qasync._windows._EventWorker/_windows.py:204]: Exiting thread
2025-12-23 19:38:10,676 [DEBUG] [MainThread] [qasync._windows._IocpProactor/_windows.py:78]: Closing
2025-12-23 19:38:11,375 [INFO] [MainThread] [root/log.py:69]: YASB v1.8.6
2025-12-23 19:38:11,376 [INFO] [Thread-1 (_run_server)] [cli_server/cli_server.py:212]: CLI server started v1.1.4
2025-12-23 19:38:11,376 [INFO] [MainThread] [cli_server/cli_server.py:104]: Log pipe server started
2025-12-23 19:38:11,805 [INFO] [MainThread] [root/service.py:39]: AudioInputService starting...
2025-12-23 19:38:11,834 [INFO] [MainThread] [root/service.py:48]: AudioOutputService starting...
2025-12-23 19:38:11,888 [DEBUG] [MainThread] [root/pin_manager.py:163]: Loaded 0 pinned apps from C:\Users\ratta\AppData\Local\YASB\taskbar_pinned.json
2025-12-23 19:38:11,961 [INFO] [MainThread] [core.utils.widgets.taskbar.window_manager/window_manager.py:191]: TaskbarWindowManager is starting...
2025-12-23 19:38:12,067 [INFO] [MainThread] [root/bar_manager.py:85]: Starting WindowsNotificationEventListener...
2025-12-23 19:38:12,068 [INFO] [MainThread] [root/watcher.py:54]: Created file watcher for path C:\Users\ratta\.config\yasb
2025-12-23 19:38:12,093 [INFO] [MainThread] [root/update_service.py:409]: Background update checker started
2025-12-23 19:38:12,093 [DEBUG] [MainThread] [qasync._windows._EventPoller/_windows.py:215]: Starting (proactor: <_IocpProactor overlapped#=0 result#=0>)...
2025-12-23 19:38:12,095 [DEBUG] [Dummy-5] [qasync._windows._EventWorker/_windows.py:195]: Thread started
2025-12-23 19:38:22,900 [ERROR] [MainThread] [wifi_widget/wifi_managers.py:254]: Error scanning for WiFi networks: Access is denied.
2025-12-23 19:39:23,276 [INFO] [Thread-1 (_run_server)] [cli_server/cli_server.py:253]: CLI server received command: stop
2025-12-23 19:39:23,276 [INFO] [Thread-1 (_run_server)] [root/controller.py:35]: Exiting Application from CLI...
2025-12-23 19:39:23,386 [INFO] [Thread-1 (_run_server)] [cli_server/cli_server.py:112]: Log pipe server stopped
2025-12-23 19:39:23,386 [DEBUG] [Thread-1 (_run_server)] [cli_server/cli_server.py:206]: CLI server stopped
2025-12-23 19:39:23,390 [INFO] [MainThread] [root/bar_manager.py:92]: Stopping WindowsNotificationEventListener...
2025-12-23 19:39:23,391 [INFO] [MainThread] [core.utils.widgets.taskbar.window_manager/window_manager.py:218]: TaskbarWindowManager stopped
2025-12-23 19:39:23,394 [DEBUG] [MainThread] [qasync._windows._EventPoller/_windows.py:220]: Stopping worker thread...
2025-12-23 19:39:23,402 [DEBUG] [Dummy-5] [qasync._windows._EventWorker/_windows.py:204]: Exiting thread
2025-12-23 19:39:23,403 [DEBUG] [MainThread] [qasync._windows._IocpProactor/_windows.py:78]: Closing
2025-12-23 19:39:24,529 [INFO] [MainThread] [root/log.py:69]: YASB v1.8.6
2025-12-23 19:39:24,529 [INFO] [Thread-1 (_run_server)] [cli_server/cli_server.py:212]: CLI server started v1.1.4
2025-12-23 19:39:24,530 [INFO] [MainThread] [cli_server/cli_server.py:104]: Log pipe server started
2025-12-23 19:39:25,005 [INFO] [MainThread] [root/bar_manager.py:85]: Starting KomorebiEventListener...
2025-12-23 19:39:25,005 [INFO] [MainThread] [root/watcher.py:54]: Created file watcher for path C:\Users\ratta\.config\yasb
2025-12-23 19:39:25,065 [INFO] [Dummy-5] [root/event_listener.py:51]: Created named pipe yasb-69e80bea-dffc-11f0-b87a-d843ae576946
2025-12-23 19:39:25,074 [INFO] [MainThread] [root/update_service.py:409]: Background update checker started
2025-12-23 19:39:25,075 [DEBUG] [MainThread] [qasync._windows._EventPoller/_windows.py:215]: Starting (proactor: <_IocpProactor overlapped#=0 result#=0>)...
2025-12-23 19:39:25,077 [DEBUG] [Dummy-6] [qasync._windows._EventWorker/_windows.py:195]: Thread started
2025-12-23 19:39:28,803 [INFO] [Thread-1 (_run_server)] [cli_server/cli_server.py:253]: CLI server received command: stop
2025-12-23 19:39:28,803 [INFO] [Thread-1 (_run_server)] [root/controller.py:35]: Exiting Application from CLI...
2025-12-23 19:39:28,915 [INFO] [Thread-1 (_run_server)] [cli_server/cli_server.py:112]: Log pipe server stopped
2025-12-23 19:39:28,915 [DEBUG] [Thread-1 (_run_server)] [cli_server/cli_server.py:206]: CLI server stopped
2025-12-23 19:39:29,259 [INFO] [MainThread] [root/bar_manager.py:92]: Stopping KomorebiEventListener...
2025-12-23 19:39:29,261 [DEBUG] [MainThread] [qasync._windows._EventPoller/_windows.py:220]: Stopping worker thread...
2025-12-23 19:39:29,273 [DEBUG] [Dummy-6] [qasync._windows._EventWorker/_windows.py:204]: Exiting thread
2025-12-23 19:39:29,285 [DEBUG] [MainThread] [qasync._windows._IocpProactor/_windows.py:78]: Closing
2025-12-23 19:39:30,054 [INFO] [MainThread] [root/log.py:69]: YASB v1.8.6
2025-12-23 19:39:30,054 [INFO] [Thread-1 (_run_server)] [cli_server/cli_server.py:212]: CLI server started v1.1.4
2025-12-23 19:39:30,054 [INFO] [MainThread] [cli_server/cli_server.py:104]: Log pipe server started
2025-12-23 19:39:30,229 [INFO] [MainThread] [root/service.py:48]: AudioOutputService starting...
2025-12-23 19:39:30,831 [INFO] [MainThread] [root/bar_manager.py:85]: Starting SystemEventListener...
2025-12-23 19:39:30,832 [INFO] [MainThread] [root/bar_manager.py:85]: Starting WindowsNotificationEventListener...
2025-12-23 19:39:30,833 [INFO] [MainThread] [root/watcher.py:54]: Created file watcher for path C:\Users\ratta\.config\yasb
2025-12-23 19:39:30,918 [INFO] [MainThread] [root/update_service.py:409]: Background update checker started
2025-12-23 19:39:30,919 [DEBUG] [MainThread] [qasync._windows._EventPoller/_windows.py:215]: Starting (proactor: <_IocpProactor overlapped#=0 result#=0>)...
2025-12-23 19:39:30,921 [DEBUG] [Dummy-5] [qasync._windows._EventWorker/_windows.py:195]: Thread started
2025-12-23 19:39:57,764 [INFO] [Thread-1 (_run_server)] [cli_server/cli_server.py:253]: CLI server received command: stop
2025-12-23 19:39:57,764 [INFO] [Thread-1 (_run_server)] [root/controller.py:35]: Exiting Application from CLI...
2025-12-23 19:39:57,874 [INFO] [Thread-1 (_run_server)] [cli_server/cli_server.py:112]: Log pipe server stopped
2025-12-23 19:39:57,874 [DEBUG] [Thread-1 (_run_server)] [cli_server/cli_server.py:206]: CLI server stopped
2025-12-23 19:39:58,230 [INFO] [MainThread] [root/bar_manager.py:92]: Stopping SystemEventListener...
2025-12-23 19:39:58,230 [INFO] [MainThread] [root/bar_manager.py:92]: Stopping WindowsNotificationEventListener...
2025-12-23 19:39:58,239 [DEBUG] [MainThread] [qasync._windows._EventPoller/_windows.py:220]: Stopping worker thread...
2025-12-23 19:39:58,248 [DEBUG] [Dummy-5] [qasync._windows._EventWorker/_windows.py:204]: Exiting thread
2025-12-23 19:39:58,255 [DEBUG] [MainThread] [qasync._windows._IocpProactor/_windows.py:78]: Closing
2025-12-23 19:39:59,054 [INFO] [MainThread] [root/log.py:69]: YASB v1.8.6
2025-12-23 19:39:59,055 [INFO] [Thread-1 (_run_server)] [cli_server/cli_server.py:212]: CLI server started v1.1.4
2025-12-23 19:39:59,055 [INFO] [MainThread] [cli_server/cli_server.py:104]: Log pipe server started
2025-12-23 19:39:59,455 [INFO] [MainThread] [root/service.py:48]: AudioOutputService starting...
2025-12-23 19:39:59,930 [INFO] [MainThread] [root/bar_manager.py:85]: Starting WindowsNotificationEventListener...
2025-12-23 19:39:59,932 [INFO] [MainThread] [root/bar_manager.py:85]: Starting KomorebiEventListener...
2025-12-23 19:39:59,932 [INFO] [MainThread] [root/watcher.py:54]: Created file watcher for path C:\Users\ratta\.config\yasb
2025-12-23 19:39:59,978 [INFO] [Dummy-5] [root/event_listener.py:51]: Created named pipe yasb-7eb9788d-dffc-11f0-8585-d843ae576946
2025-12-23 19:40:00,007 [INFO] [MainThread] [root/update_service.py:409]: Background update checker started
2025-12-23 19:40:00,007 [DEBUG] [MainThread] [qasync._windows._EventPoller/_windows.py:215]: Starting (proactor: <_IocpProactor overlapped#=0 result#=0>)...
2025-12-23 19:40:00,010 [DEBUG] [Dummy-8] [qasync._windows._EventWorker/_windows.py:195]: Thread started
2025-12-23 19:40:00,011 [DEBUG] [MainThread] [systray_widget/systray.py:526]: Loading state from C:\Users\ratta\AppData\Local\YASB\systray_state_INCG27Q30UMB6CBWL.json
2025-12-23 19:40:00,018 [DEBUG] [SystrayMonitor] [systray_widget/systray.py:57]: Systray thread is starting...
2025-12-23 19:40:00,047 [DEBUG] [MainThread] [systray_widget/systray.py:526]: Loading state from C:\Users\ratta\AppData\Local\YASB\systray_state_EKLTDLU28R55H4ZMB00043.json
2025-12-23 19:40:00,155 [DEBUG] [MainThread] [systray_widget/systray.py:277]: Systray thread started
2025-12-23 19:40:00,210 [INFO] [MainThread] [root/api.py:69]: Fetching new weather data at 2025-12-23 19:40:00.210470
2025-12-23 19:40:00,356 [DEBUG] [SystrayMonitor] [systray_widget/systray_monitor.py:164]: Adding TaskbandHWND prop to hwnd 787112
2025-12-23 19:40:00,357 [DEBUG] [SystrayMonitor] [systray_widget/systray_monitor.py:242]: Finding real tray hwnd
2025-12-23 19:40:00,364 [DEBUG] [MainThread] [systray_widget/systray_monitor.py:157]: Sending TaskbarCreated message: 49339
2025-12-23 19:40:06,707 [INFO] [Thread-1 (_run_server)] [cli_server/cli_server.py:253]: CLI server received command: stop
2025-12-23 19:40:06,708 [INFO] [Thread-1 (_run_server)] [root/controller.py:35]: Exiting Application from CLI...
2025-12-23 19:40:06,817 [INFO] [Thread-1 (_run_server)] [cli_server/cli_server.py:112]: Log pipe server stopped
2025-12-23 19:40:06,817 [DEBUG] [Thread-1 (_run_server)] [cli_server/cli_server.py:206]: CLI server stopped
2025-12-23 19:40:07,106 [INFO] [MainThread] [root/bar_manager.py:92]: Stopping WindowsNotificationEventListener...
2025-12-23 19:40:07,106 [INFO] [MainThread] [root/bar_manager.py:92]: Stopping KomorebiEventListener...
2025-12-23 19:40:07,108 [DEBUG] [MainThread] [systray_widget/systray.py:504]: Saving state to disk
2025-12-23 19:40:07,109 [DEBUG] [MainThread] [systray_widget/systray.py:508]: Saving state to C:\Users\ratta\AppData\Local\YASB\systray_state_INCG27Q30UMB6CBWL.json
2025-12-23 19:40:07,110 [DEBUG] [MainThread] [systray_widget/utils.py:96]: Destroying window 787112
2025-12-23 19:40:07,110 [DEBUG] [MainThread] [systray_widget/systray.py:504]: Saving state to disk
2025-12-23 19:40:07,111 [DEBUG] [MainThread] [systray_widget/systray.py:508]: Saving state to C:\Users\ratta\AppData\Local\YASB\systray_state_EKLTDLU28R55H4ZMB00043.json
2025-12-23 19:40:07,112 [DEBUG] [MainThread] [systray_widget/utils.py:96]: Destroying window 787112
2025-12-23 19:40:07,127 [DEBUG] [MainThread] [qasync._windows._EventPoller/_windows.py:220]: Stopping worker thread...
2025-12-23 19:40:07,128 [DEBUG] [Dummy-8] [qasync._windows._EventWorker/_windows.py:204]: Exiting thread
2025-12-23 19:40:07,130 [DEBUG] [MainThread] [qasync._windows._IocpProactor/_windows.py:78]: Closing
2025-12-23 19:40:07,255 [DEBUG] [MainThread] [systray_widget/utils.py:96]: Destroying window 787112
2025-12-23 19:40:07,926 [INFO] [MainThread] [root/log.py:69]: YASB v1.8.6
2025-12-23 19:40:07,926 [INFO] [Thread-1 (_run_server)] [cli_server/cli_server.py:212]: CLI server started v1.1.4
2025-12-23 19:40:07,926 [INFO] [MainThread] [cli_server/cli_server.py:104]: Log pipe server started
2025-12-23 19:40:08,368 [INFO] [MainThread] [root/service.py:48]: AudioOutputService starting...
2025-12-23 19:40:08,769 [INFO] [MainThread] [root/bar_manager.py:85]: Starting KomorebiEventListener...
2025-12-23 19:40:08,769 [INFO] [MainThread] [root/bar_manager.py:85]: Starting WindowsNotificationEventListener...
2025-12-23 19:40:08,770 [INFO] [MainThread] [root/watcher.py:54]: Created file watcher for path C:\Users\ratta\.config\yasb
2025-12-23 19:40:08,823 [INFO] [Dummy-5] [root/event_listener.py:51]: Created named pipe yasb-83fdf18c-dffc-11f0-8130-d843ae576946
2025-12-23 19:40:08,847 [INFO] [MainThread] [root/update_service.py:409]: Background update checker started
2025-12-23 19:40:08,848 [DEBUG] [MainThread] [qasync._windows._EventPoller/_windows.py:215]: Starting (proactor: <_IocpProactor overlapped#=0 result#=0>)...
2025-12-23 19:40:08,850 [DEBUG] [Dummy-8] [qasync._windows._EventWorker/_windows.py:195]: Thread started
2025-12-23 19:40:08,850 [DEBUG] [MainThread] [systray_widget/systray.py:526]: Loading state from C:\Users\ratta\AppData\Local\YASB\systray_state_INCG27Q30UMB6CBWL.json
2025-12-23 19:40:08,857 [DEBUG] [SystrayMonitor] [systray_widget/systray.py:57]: Systray thread is starting...
2025-12-23 19:40:08,879 [DEBUG] [MainThread] [systray_widget/systray.py:526]: Loading state from C:\Users\ratta\AppData\Local\YASB\systray_state_EKLTDLU28R55H4ZMB00043.json
2025-12-23 19:40:08,975 [DEBUG] [MainThread] [systray_widget/systray.py:277]: Systray thread started
2025-12-23 19:40:08,977 [INFO] [MainThread] [root/api.py:69]: Fetching new weather data at 2025-12-23 19:40:08.977238
2025-12-23 19:40:09,178 [DEBUG] [SystrayMonitor] [systray_widget/systray_monitor.py:164]: Adding TaskbandHWND prop to hwnd 460294
2025-12-23 19:40:09,179 [DEBUG] [SystrayMonitor] [systray_widget/systray_monitor.py:242]: Finding real tray hwnd
2025-12-23 19:40:09,187 [DEBUG] [MainThread] [systray_widget/systray_monitor.py:157]: Sending TaskbarCreated message: 49339
2025-12-23 19:40:31,805 [INFO] [Thread-1 (_run_server)] [cli_server/cli_server.py:253]: CLI server received command: stop
2025-12-23 19:40:31,805 [INFO] [Thread-1 (_run_server)] [root/controller.py:35]: Exiting Application from CLI...
2025-12-23 19:40:31,914 [INFO] [Thread-1 (_run_server)] [cli_server/cli_server.py:112]: Log pipe server stopped
2025-12-23 19:40:31,914 [DEBUG] [Thread-1 (_run_server)] [cli_server/cli_server.py:206]: CLI server stopped
2025-12-23 19:40:32,173 [INFO] [MainThread] [root/bar_manager.py:92]: Stopping KomorebiEventListener...
2025-12-23 19:40:32,173 [INFO] [MainThread] [root/bar_manager.py:92]: Stopping WindowsNotificationEventListener...
2025-12-23 19:40:32,174 [DEBUG] [MainThread] [systray_widget/systray.py:504]: Saving state to disk
2025-12-23 19:40:32,174 [DEBUG] [MainThread] [systray_widget/systray.py:508]: Saving state to C:\Users\ratta\AppData\Local\YASB\systray_state_INCG27Q30UMB6CBWL.json
2025-12-23 19:40:32,175 [DEBUG] [MainThread] [systray_widget/utils.py:96]: Destroying window 460294
2025-12-23 19:40:32,175 [DEBUG] [MainThread] [systray_widget/systray.py:504]: Saving state to disk
2025-12-23 19:40:32,175 [DEBUG] [MainThread] [systray_widget/systray.py:508]: Saving state to C:\Users\ratta\AppData\Local\YASB\systray_state_EKLTDLU28R55H4ZMB00043.json
2025-12-23 19:40:32,176 [DEBUG] [MainThread] [systray_widget/utils.py:96]: Destroying window 460294
2025-12-23 19:40:32,202 [DEBUG] [MainThread] [qasync._windows._EventPoller/_windows.py:220]: Stopping worker thread...
2025-12-23 19:40:32,211 [DEBUG] [Dummy-8] [qasync._windows._EventWorker/_windows.py:204]: Exiting thread
2025-12-23 19:40:32,219 [DEBUG] [MainThread] [qasync._windows._IocpProactor/_windows.py:78]: Closing
2025-12-23 19:40:32,274 [DEBUG] [MainThread] [systray_widget/utils.py:96]: Destroying window 460294
2025-12-23 19:40:33,010 [INFO] [MainThread] [root/log.py:69]: YASB v1.8.6
2025-12-23 19:40:33,011 [INFO] [Thread-1 (_run_server)] [cli_server/cli_server.py:212]: CLI server started v1.1.4
2025-12-23 19:40:33,011 [INFO] [MainThread] [cli_server/cli_server.py:104]: Log pipe server started
2025-12-23 19:40:33,500 [DEBUG] [MainThread] [root/pin_manager.py:163]: Loaded 0 pinned apps from C:\Users\ratta\AppData\Local\YASB\taskbar_pinned.json
2025-12-23 19:40:33,562 [INFO] [MainThread] [core.utils.widgets.taskbar.window_manager/window_manager.py:191]: TaskbarWindowManager is starting...
2025-12-23 19:40:33,760 [INFO] [MainThread] [root/bar_manager.py:85]: Starting WindowsNotificationEventListener...
2025-12-23 19:40:33,761 [INFO] [MainThread] [root/bar_manager.py:85]: Starting KomorebiEventListener...
2025-12-23 19:40:33,761 [INFO] [MainThread] [root/bar_manager.py:85]: Starting SystemEventListener...
2025-12-23 19:40:33,761 [INFO] [MainThread] [root/watcher.py:54]: Created file watcher for path C:\Users\ratta\.config\yasb
2025-12-23 19:40:33,771 [INFO] [Dummy-5] [root/event_listener.py:51]: Created named pipe yasb-92e35d9c-dffc-11f0-8cde-d843ae576946
2025-12-23 19:40:33,786 [INFO] [MainThread] [root/update_service.py:409]: Background update checker started
2025-12-23 19:40:33,786 [DEBUG] [MainThread] [qasync._windows._EventPoller/_windows.py:215]: Starting (proactor: <_IocpProactor overlapped#=0 result#=0>)...
2025-12-23 19:40:33,787 [DEBUG] [Dummy-8] [qasync._windows._EventWorker/_windows.py:195]: Thread started
2025-12-23 19:40:33,788 [DEBUG] [MainThread] [systray_widget/systray.py:526]: Loading state from C:\Users\ratta\AppData\Local\YASB\systray_state_INCG27Q30UMB6CBWL.json
2025-12-23 19:40:33,790 [DEBUG] [MainThread] [systray_widget/systray.py:526]: Loading state from C:\Users\ratta\AppData\Local\YASB\systray_state_EKLTDLU28R55H4ZMB00043.json
2025-12-23 19:40:33,791 [DEBUG] [SystrayMonitor] [systray_widget/systray.py:57]: Systray thread is starting...
2025-12-23 19:40:33,807 [DEBUG] [MainThread] [systray_widget/systray.py:277]: Systray thread started
2025-12-23 19:40:34,010 [DEBUG] [SystrayMonitor] [systray_widget/systray_monitor.py:164]: Adding TaskbandHWND prop to hwnd 1640662
2025-12-23 19:40:34,011 [DEBUG] [SystrayMonitor] [systray_widget/systray_monitor.py:242]: Finding real tray hwnd
2025-12-23 19:40:34,018 [DEBUG] [MainThread] [systray_widget/systray_monitor.py:157]: Sending TaskbarCreated message: 49339
2025-12-23 19:40:52,875 [INFO] [Thread-1 (_run_server)] [cli_server/cli_server.py:253]: CLI server received command: stop
2025-12-23 19:40:52,875 [INFO] [Thread-1 (_run_server)] [root/controller.py:35]: Exiting Application from CLI...
2025-12-23 19:40:52,989 [INFO] [Thread-1 (_run_server)] [cli_server/cli_server.py:112]: Log pipe server stopped
2025-12-23 19:40:52,989 [DEBUG] [Thread-1 (_run_server)] [cli_server/cli_server.py:206]: CLI server stopped
2025-12-23 19:40:53,271 [INFO] [MainThread] [root/bar_manager.py:92]: Stopping WindowsNotificationEventListener...
2025-12-23 19:40:53,271 [INFO] [MainThread] [root/bar_manager.py:92]: Stopping KomorebiEventListener...
2025-12-23 19:40:53,271 [INFO] [MainThread] [root/bar_manager.py:92]: Stopping SystemEventListener...
2025-12-23 19:40:53,271 [INFO] [MainThread] [core.utils.widgets.taskbar.window_manager/window_manager.py:218]: TaskbarWindowManager stopped
2025-12-23 19:40:53,272 [DEBUG] [MainThread] [systray_widget/systray.py:504]: Saving state to disk
2025-12-23 19:40:53,272 [DEBUG] [MainThread] [systray_widget/systray.py:508]: Saving state to C:\Users\ratta\AppData\Local\YASB\systray_state_INCG27Q30UMB6CBWL.json
2025-12-23 19:40:53,273 [DEBUG] [MainThread] [systray_widget/utils.py:96]: Destroying window 1640662
2025-12-23 19:40:53,273 [DEBUG] [MainThread] [systray_widget/systray.py:504]: Saving state to disk
2025-12-23 19:40:53,273 [DEBUG] [MainThread] [systray_widget/systray.py:508]: Saving state to C:\Users\ratta\AppData\Local\YASB\systray_state_EKLTDLU28R55H4ZMB00043.json
2025-12-23 19:40:53,274 [DEBUG] [MainThread] [systray_widget/utils.py:96]: Destroying window 1640662
2025-12-23 19:40:53,277 [DEBUG] [MainThread] [qasync._windows._EventPoller/_windows.py:220]: Stopping worker thread...
2025-12-23 19:40:53,285 [DEBUG] [Dummy-8] [qasync._windows._EventWorker/_windows.py:204]: Exiting thread
2025-12-23 19:40:53,286 [DEBUG] [MainThread] [qasync._windows._IocpProactor/_windows.py:78]: Closing
2025-12-23 19:40:53,406 [DEBUG] [MainThread] [systray_widget/utils.py:96]: Destroying window 1640662
2025-12-23 19:40:54,077 [INFO] [MainThread] [root/log.py:69]: YASB v1.8.6
2025-12-23 19:40:54,077 [INFO] [Thread-1 (_run_server)] [cli_server/cli_server.py:212]: CLI server started v1.1.4
2025-12-23 19:40:54,078 [INFO] [MainThread] [cli_server/cli_server.py:104]: Log pipe server started
2025-12-23 19:40:54,259 [INFO] [MainThread] [root/service.py:48]: AudioOutputService starting...
2025-12-23 19:40:54,957 [INFO] [MainThread] [root/bar_manager.py:85]: Starting SystemEventListener...
2025-12-23 19:40:54,957 [INFO] [MainThread] [root/bar_manager.py:85]: Starting WindowsNotificationEventListener...
2025-12-23 19:40:54,958 [INFO] [MainThread] [root/watcher.py:54]: Created file watcher for path C:\Users\ratta\.config\yasb
2025-12-23 19:40:54,980 [INFO] [MainThread] [root/update_service.py:409]: Background update checker started
2025-12-23 19:40:54,980 [DEBUG] [MainThread] [qasync._windows._EventPoller/_windows.py:215]: Starting (proactor: <_IocpProactor overlapped#=0 result#=0>)...
2025-12-23 19:40:54,981 [DEBUG] [Dummy-5] [qasync._windows._EventWorker/_windows.py:195]: Thread started
2025-12-23 19:40:54,982 [DEBUG] [MainThread] [systray_widget/systray.py:526]: Loading state from C:\Users\ratta\AppData\Local\YASB\systray_state_INCG27Q30UMB6CBWL.json
2025-12-23 19:40:54,989 [DEBUG] [SystrayMonitor] [systray_widget/systray.py:57]: Systray thread is starting...
2025-12-23 19:40:55,006 [DEBUG] [MainThread] [systray_widget/systray.py:526]: Loading state from C:\Users\ratta\AppData\Local\YASB\systray_state_EKLTDLU28R55H4ZMB00043.json
2025-12-23 19:40:55,056 [DEBUG] [MainThread] [systray_widget/systray.py:277]: Systray thread started
2025-12-23 19:40:55,257 [DEBUG] [SystrayMonitor] [systray_widget/systray_monitor.py:164]: Adding TaskbandHWND prop to hwnd 14092558
2025-12-23 19:40:55,258 [DEBUG] [SystrayMonitor] [systray_widget/systray_monitor.py:242]: Finding real tray hwnd
2025-12-23 19:40:55,266 [DEBUG] [MainThread] [systray_widget/systray_monitor.py:157]: Sending TaskbarCreated message: 49339
2025-12-23 19:41:16,927 [INFO] [Thread-1 (_run_server)] [cli_server/cli_server.py:253]: CLI server received command: stop
2025-12-23 19:41:16,927 [INFO] [Thread-1 (_run_server)] [root/controller.py:35]: Exiting Application from CLI...
2025-12-23 19:41:17,031 [INFO] [Thread-1 (_run_server)] [cli_server/cli_server.py:112]: Log pipe server stopped
2025-12-23 19:41:17,031 [DEBUG] [Thread-1 (_run_server)] [cli_server/cli_server.py:206]: CLI server stopped
2025-12-23 19:41:17,343 [INFO] [MainThread] [root/bar_manager.py:92]: Stopping SystemEventListener...
2025-12-23 19:41:17,343 [INFO] [MainThread] [root/bar_manager.py:92]: Stopping WindowsNotificationEventListener...
2025-12-23 19:41:17,345 [DEBUG] [MainThread] [systray_widget/systray.py:504]: Saving state to disk
2025-12-23 19:41:17,345 [DEBUG] [MainThread] [systray_widget/systray.py:508]: Saving state to C:\Users\ratta\AppData\Local\YASB\systray_state_INCG27Q30UMB6CBWL.json
2025-12-23 19:41:17,345 [DEBUG] [MainThread] [systray_widget/utils.py:96]: Destroying window 14092558
2025-12-23 19:41:17,346 [DEBUG] [MainThread] [systray_widget/systray.py:504]: Saving state to disk
2025-12-23 19:41:17,346 [DEBUG] [MainThread] [systray_widget/systray.py:508]: Saving state to C:\Users\ratta\AppData\Local\YASB\systray_state_EKLTDLU28R55H4ZMB00043.json
2025-12-23 19:41:17,346 [DEBUG] [MainThread] [systray_widget/utils.py:96]: Destroying window 14092558
2025-12-23 19:41:17,349 [DEBUG] [MainThread] [qasync._windows._EventPoller/_windows.py:220]: Stopping worker thread...
2025-12-23 19:41:17,358 [DEBUG] [Dummy-5] [qasync._windows._EventWorker/_windows.py:204]: Exiting thread
2025-12-23 19:41:17,388 [DEBUG] [MainThread] [qasync._windows._IocpProactor/_windows.py:78]: Closing
2025-12-23 19:41:17,490 [DEBUG] [MainThread] [systray_widget/utils.py:96]: Destroying window 14092558
2025-12-23 19:41:18,161 [INFO] [MainThread] [root/log.py:69]: YASB v1.8.6
2025-12-23 19:41:18,162 [INFO] [Thread-1 (_run_server)] [cli_server/cli_server.py:212]: CLI server started v1.1.4
2025-12-23 19:41:18,162 [INFO] [MainThread] [cli_server/cli_server.py:104]: Log pipe server started
2025-12-23 19:41:18,365 [INFO] [MainThread] [root/service.py:48]: AudioOutputService starting...
2025-12-23 19:41:18,723 [DEBUG] [MainThread] [root/pin_manager.py:163]: Loaded 0 pinned apps from C:\Users\ratta\AppData\Local\YASB\taskbar_pinned.json
2025-12-23 19:41:18,809 [INFO] [MainThread] [core.utils.widgets.taskbar.window_manager/window_manager.py:191]: TaskbarWindowManager is starting...
2025-12-23 19:41:19,083 [INFO] [MainThread] [root/bar_manager.py:85]: Starting KomorebiEventListener...
2025-12-23 19:41:19,083 [INFO] [MainThread] [root/watcher.py:54]: Created file watcher for path C:\Users\ratta\.config\yasb
2025-12-23 19:41:19,093 [INFO] [Dummy-5] [root/event_listener.py:51]: Created named pipe yasb-ade6fe89-dffc-11f0-a8c1-d843ae576946
2025-12-23 19:41:19,116 [INFO] [MainThread] [root/update_service.py:409]: Background update checker started
2025-12-23 19:41:19,116 [DEBUG] [MainThread] [qasync._windows._EventPoller/_windows.py:215]: Starting (proactor: <_IocpProactor overlapped#=0 result#=0>)...
2025-12-23 19:41:19,118 [DEBUG] [Dummy-8] [qasync._windows._EventWorker/_windows.py:195]: Thread started
2025-12-23 19:41:19,124 [DEBUG] [MainThread] [systray_widget/systray.py:526]: Loading state from C:\Users\ratta\AppData\Local\YASB\systray_state_INCG27Q30UMB6CBWL.json
2025-12-23 19:41:19,132 [DEBUG] [SystrayMonitor] [systray_widget/systray.py:57]: Systray thread is starting...
2025-12-23 19:41:19,147 [DEBUG] [MainThread] [systray_widget/systray.py:526]: Loading state from C:\Users\ratta\AppData\Local\YASB\systray_state_EKLTDLU28R55H4ZMB00043.json
2025-12-23 19:41:19,191 [DEBUG] [MainThread] [systray_widget/systray.py:277]: Systray thread started
2025-12-23 19:41:19,392 [DEBUG] [SystrayMonitor] [systray_widget/systray_monitor.py:164]: Adding TaskbandHWND prop to hwnd 2689248
2025-12-23 19:41:19,393 [DEBUG] [SystrayMonitor] [systray_widget/systray_monitor.py:242]: Finding real tray hwnd
2025-12-23 19:41:19,403 [DEBUG] [MainThread] [systray_widget/systray_monitor.py:157]: Sending TaskbarCreated message: 49339
2025-12-23 19:41:19,527 [INFO] [MainThread] [root/api.py:69]: Fetching new weather data at 2025-12-23 19:41:19.527709
2025-12-23 19:44:09,929 [INFO] [Thread-1 (_run_server)] [cli_server/cli_server.py:253]: CLI server received command: stop
2025-12-23 19:44:09,930 [INFO] [Thread-1 (_run_server)] [root/controller.py:35]: Exiting Application from CLI...
2025-12-23 19:44:10,033 [INFO] [Thread-1 (_run_server)] [cli_server/cli_server.py:112]: Log pipe server stopped
2025-12-23 19:44:10,033 [DEBUG] [Thread-1 (_run_server)] [cli_server/cli_server.py:206]: CLI server stopped
2025-12-23 19:44:10,311 [INFO] [MainThread] [root/bar_manager.py:92]: Stopping KomorebiEventListener...
2025-12-23 19:44:10,311 [INFO] [MainThread] [core.utils.widgets.taskbar.window_manager/window_manager.py:218]: TaskbarWindowManager stopped
2025-12-23 19:44:10,312 [DEBUG] [MainThread] [systray_widget/systray.py:504]: Saving state to disk
2025-12-23 19:44:10,312 [DEBUG] [MainThread] [systray_widget/systray.py:508]: Saving state to C:\Users\ratta\AppData\Local\YASB\systray_state_INCG27Q30UMB6CBWL.json
2025-12-23 19:44:10,313 [DEBUG] [MainThread] [systray_widget/utils.py:96]: Destroying window 2689248
2025-12-23 19:44:10,313 [DEBUG] [MainThread] [systray_widget/systray.py:504]: Saving state to disk
2025-12-23 19:44:10,313 [DEBUG] [MainThread] [systray_widget/systray.py:508]: Saving state to C:\Users\ratta\AppData\Local\YASB\systray_state_EKLTDLU28R55H4ZMB00043.json
2025-12-23 19:44:10,314 [DEBUG] [MainThread] [systray_widget/utils.py:96]: Destroying window 2689248
2025-12-23 19:44:10,318 [DEBUG] [MainThread] [qasync._windows._EventPoller/_windows.py:220]: Stopping worker thread...
2025-12-23 19:44:10,329 [DEBUG] [Dummy-8] [qasync._windows._EventWorker/_windows.py:204]: Exiting thread
2025-12-23 19:44:10,360 [DEBUG] [MainThread] [qasync._windows._IocpProactor/_windows.py:78]: Closing
2025-12-23 19:44:10,474 [DEBUG] [MainThread] [systray_widget/utils.py:96]: Destroying window 2689248
2025-12-23 19:44:11,335 [INFO] [MainThread] [root/log.py:69]: YASB v1.8.6
2025-12-23 19:44:11,336 [INFO] [Thread-1 (_run_server)] [cli_server/cli_server.py:212]: CLI server started v1.1.4
2025-12-23 19:44:11,336 [INFO] [MainThread] [cli_server/cli_server.py:104]: Log pipe server started
2025-12-23 19:44:11,725 [INFO] [MainThread] [root/service.py:48]: AudioOutputService starting...
2025-12-23 19:44:11,983 [DEBUG] [MainThread] [root/pin_manager.py:163]: Loaded 0 pinned apps from C:\Users\ratta\AppData\Local\YASB\taskbar_pinned.json
2025-12-23 19:44:12,048 [INFO] [MainThread] [core.utils.widgets.taskbar.window_manager/window_manager.py:191]: TaskbarWindowManager is starting...
2025-12-23 19:44:12,298 [INFO] [MainThread] [root/bar_manager.py:85]: Starting SystemEventListener...
2025-12-23 19:44:12,298 [INFO] [MainThread] [root/watcher.py:54]: Created file watcher for path C:\Users\ratta\.config\yasb
2025-12-23 19:44:12,322 [INFO] [MainThread] [root/update_service.py:409]: Background update checker started
2025-12-23 19:44:12,322 [DEBUG] [MainThread] [qasync._windows._EventPoller/_windows.py:215]: Starting (proactor: <_IocpProactor overlapped#=0 result#=0>)...
2025-12-23 19:44:12,323 [DEBUG] [Dummy-5] [qasync._windows._EventWorker/_windows.py:195]: Thread started
2025-12-23 19:44:12,465 [ERROR] [MainThread] [root/api.py:82]: Weather API invalid JSON response: Expecting value: line 1 column 1 (char 0)
2025-12-23 19:44:12,465 [WARNING] [MainThread] [root/weather.py:594]: Error processing weather data: Weather data is empty.. Retrying fetch in 10 seconds.
2025-12-23 19:44:12,466 [WARNING] [MainThread] [root/weather.py:594]: Error processing weather data: Weather data is empty.. Retrying fetch in 10 seconds.
2025-12-23 19:44:22,507 [ERROR] [MainThread] [root/api.py:82]: Weather API invalid JSON response: Expecting value: line 1 column 1 (char 0)
2025-12-23 19:44:22,507 [WARNING] [MainThread] [root/weather.py:594]: Error processing weather data: Weather data is empty.. Retrying fetch in 10 seconds.
2025-12-23 19:44:22,508 [WARNING] [MainThread] [root/weather.py:594]: Error processing weather data: Weather data is empty.. Retrying fetch in 10 seconds.
2025-12-23 19:44:22,533 [ERROR] [MainThread] [root/api.py:82]: Weather API invalid JSON response: Expecting value: line 1 column 1 (char 0)
2025-12-23 19:44:28,750 [INFO] [Thread-1 (_run_server)] [cli_server/cli_server.py:253]: CLI server received command: stop
2025-12-23 19:44:28,750 [INFO] [Thread-1 (_run_server)] [root/controller.py:35]: Exiting Application from CLI...
2025-12-23 19:44:28,854 [INFO] [Thread-1 (_run_server)] [cli_server/cli_server.py:112]: Log pipe server stopped
2025-12-23 19:44:28,854 [DEBUG] [Thread-1 (_run_server)] [cli_server/cli_server.py:206]: CLI server stopped
2025-12-23 19:44:29,162 [INFO] [MainThread] [root/bar_manager.py:92]: Stopping SystemEventListener...
2025-12-23 19:44:29,164 [INFO] [MainThread] [core.utils.widgets.taskbar.window_manager/window_manager.py:218]: TaskbarWindowManager stopped
2025-12-23 19:44:29,221 [DEBUG] [MainThread] [qasync._windows._EventPoller/_windows.py:220]: Stopping worker thread...
2025-12-23 19:44:29,231 [DEBUG] [Dummy-5] [qasync._windows._EventWorker/_windows.py:204]: Exiting thread
2025-12-23 19:44:29,238 [DEBUG] [MainThread] [qasync._windows._IocpProactor/_windows.py:78]: Closing
2025-12-23 19:44:29,973 [INFO] [MainThread] [root/log.py:69]: YASB v1.8.6
2025-12-23 19:44:29,973 [INFO] [Thread-1 (_run_server)] [cli_server/cli_server.py:212]: CLI server started v1.1.4
2025-12-23 19:44:29,973 [INFO] [MainThread] [cli_server/cli_server.py:104]: Log pipe server started
2025-12-23 19:44:30,352 [INFO] [MainThread] [root/service.py:48]: AudioOutputService starting...
2025-12-23 19:44:30,771 [INFO] [MainThread] [root/bar_manager.py:85]: Starting SystemEventListener...
2025-12-23 19:44:30,772 [INFO] [MainThread] [root/watcher.py:54]: Created file watcher for path C:\Users\ratta\.config\yasb
2025-12-23 19:44:30,819 [INFO] [MainThread] [root/update_service.py:409]: Background update checker started
2025-12-23 19:44:30,819 [DEBUG] [MainThread] [qasync._windows._EventPoller/_windows.py:215]: Starting (proactor: <_IocpProactor overlapped#=0 result#=0>)...
2025-12-23 19:44:30,822 [DEBUG] [Dummy-5] [qasync._windows._EventWorker/_windows.py:195]: Thread started
2025-12-23 19:44:31,214 [ERROR] [MainThread] [root/api.py:82]: Weather API invalid JSON response: Expecting value: line 1 column 1 (char 0)
2025-12-23 19:44:31,214 [WARNING] [MainThread] [root/weather.py:594]: Error processing weather data: Weather data is empty.. Retrying fetch in 10 seconds.
2025-12-23 19:44:31,216 [WARNING] [MainThread] [root/weather.py:594]: Error processing weather data: Weather data is empty.. Retrying fetch in 10 seconds.
2025-12-23 19:44:41,256 [ERROR] [MainThread] [root/api.py:82]: Weather API invalid JSON response: Expecting value: line 1 column 1 (char 0)
2025-12-23 19:44:41,256 [WARNING] [MainThread] [root/weather.py:594]: Error processing weather data: Weather data is empty.. Retrying fetch in 10 seconds.
2025-12-23 19:44:41,256 [WARNING] [MainThread] [root/weather.py:594]: Error processing weather data: Weather data is empty.. Retrying fetch in 10 seconds.
2025-12-23 19:44:41,257 [ERROR] [MainThread] [root/api.py:82]: Weather API invalid JSON response: Expecting value: line 1 column 1 (char 0)
2025-12-23 19:44:51,348 [ERROR] [MainThread] [root/api.py:82]: Weather API invalid JSON response: Expecting value: line 1 column 1 (char 0)
2025-12-23 19:44:51,348 [WARNING] [MainThread] [root/weather.py:594]: Error processing weather data: Weather data is empty.. Retrying fetch in 10 seconds.
2025-12-23 19:44:51,348 [WARNING] [MainThread] [root/weather.py:594]: Error processing weather data: Weather data is empty.. Retrying fetch in 10 seconds.
2025-12-23 19:44:51,353 [ERROR] [MainThread] [root/api.py:82]: Weather API invalid JSON response: Expecting value: line 1 column 1 (char 0)
2025-12-23 19:44:52,390 [INFO] [Thread-1 (_run_server)] [cli_server/cli_server.py:253]: CLI server received command: stop
2025-12-23 19:44:52,390 [INFO] [Thread-1 (_run_server)] [root/controller.py:35]: Exiting Application from CLI...
2025-12-23 19:44:52,500 [INFO] [Thread-1 (_run_server)] [cli_server/cli_server.py:112]: Log pipe server stopped
2025-12-23 19:44:52,501 [DEBUG] [Thread-1 (_run_server)] [cli_server/cli_server.py:206]: CLI server stopped
2025-12-23 19:44:52,773 [INFO] [MainThread] [root/bar_manager.py:92]: Stopping SystemEventListener...
2025-12-23 19:44:52,819 [DEBUG] [MainThread] [qasync._windows._EventPoller/_windows.py:220]: Stopping worker thread...
2025-12-23 19:44:52,830 [DEBUG] [Dummy-5] [qasync._windows._EventWorker/_windows.py:204]: Exiting thread
2025-12-23 19:44:52,838 [DEBUG] [MainThread] [qasync._windows._IocpProactor/_windows.py:78]: Closing
2025-12-23 19:44:53,025 [INFO] [MainThread] [root/log.py:69]: YASB v1.8.6
2025-12-23 19:44:53,026 [INFO] [Thread-1 (_run_server)] [cli_server/cli_server.py:212]: CLI server started v1.1.4
2025-12-23 19:44:53,026 [INFO] [MainThread] [cli_server/cli_server.py:104]: Log pipe server started
2025-12-23 19:44:53,213 [INFO] [MainThread] [root/service.py:48]: AudioOutputService starting...
2025-12-23 19:44:53,716 [INFO] [MainThread] [root/bar_manager.py:85]: Starting SystemEventListener...
2025-12-23 19:44:53,717 [INFO] [MainThread] [root/bar_manager.py:85]: Starting WindowsNotificationEventListener...
2025-12-23 19:44:53,717 [INFO] [MainThread] [root/watcher.py:54]: Created file watcher for path C:\Users\ratta\.config\yasb
2025-12-23 19:44:53,828 [INFO] [MainThread] [root/update_service.py:409]: Background update checker started
2025-12-23 19:44:53,828 [DEBUG] [MainThread] [qasync._windows._EventPoller/_windows.py:215]: Starting (proactor: <_IocpProactor overlapped#=0 result#=0>)...
2025-12-23 19:44:53,832 [DEBUG] [Dummy-5] [qasync._windows._EventWorker/_windows.py:195]: Thread started
2025-12-23 19:44:53,832 [DEBUG] [MainThread] [systray_widget/systray.py:526]: Loading state from C:\Users\ratta\AppData\Local\YASB\systray_state_INCG27Q30UMB6CBWL.json
2025-12-23 19:44:53,843 [DEBUG] [SystrayMonitor] [systray_widget/systray.py:57]: Systray thread is starting...
2025-12-23 19:44:53,874 [DEBUG] [MainThread] [systray_widget/systray.py:526]: Loading state from C:\Users\ratta\AppData\Local\YASB\systray_state_EKLTDLU28R55H4ZMB00043.json
2025-12-23 19:44:53,918 [DEBUG] [MainThread] [systray_widget/systray.py:277]: Systray thread started
2025-12-23 19:44:53,988 [DEBUG] [SystrayMonitor] [systray_widget/systray_monitor.py:242]: Finding real tray hwnd
2025-12-23 19:44:54,122 [DEBUG] [SystrayMonitor] [systray_widget/systray_monitor.py:164]: Adding TaskbandHWND prop to hwnd 50661648
2025-12-23 19:44:54,130 [DEBUG] [MainThread] [systray_widget/systray_monitor.py:157]: Sending TaskbarCreated message: 49339
2025-12-23 19:45:00,037 [INFO] [Thread-1 (_run_server)] [cli_server/cli_server.py:253]: CLI server received command: stop
2025-12-23 19:45:00,037 [INFO] [Thread-1 (_run_server)] [root/controller.py:35]: Exiting Application from CLI...
2025-12-23 19:45:00,139 [INFO] [Thread-1 (_run_server)] [cli_server/cli_server.py:112]: Log pipe server stopped
2025-12-23 19:45:00,139 [DEBUG] [Thread-1 (_run_server)] [cli_server/cli_server.py:206]: CLI server stopped
2025-12-23 19:45:00,433 [INFO] [MainThread] [root/bar_manager.py:92]: Stopping SystemEventListener...
2025-12-23 19:45:00,433 [INFO] [MainThread] [root/bar_manager.py:92]: Stopping WindowsNotificationEventListener...
2025-12-23 19:45:00,434 [DEBUG] [MainThread] [systray_widget/systray.py:504]: Saving state to disk
2025-12-23 19:45:00,434 [DEBUG] [MainThread] [systray_widget/systray.py:508]: Saving state to C:\Users\ratta\AppData\Local\YASB\systray_state_INCG27Q30UMB6CBWL.json
2025-12-23 19:45:00,435 [DEBUG] [MainThread] [systray_widget/utils.py:96]: Destroying window 50661648
2025-12-23 19:45:00,435 [DEBUG] [MainThread] [systray_widget/systray.py:504]: Saving state to disk
2025-12-23 19:45:00,435 [DEBUG] [MainThread] [systray_widget/systray.py:508]: Saving state to C:\Users\ratta\AppData\Local\YASB\systray_state_EKLTDLU28R55H4ZMB00043.json
2025-12-23 19:45:00,436 [DEBUG] [MainThread] [systray_widget/utils.py:96]: Destroying window 50661648
2025-12-23 19:45:00,437 [DEBUG] [MainThread] [qasync._windows._EventPoller/_windows.py:220]: Stopping worker thread...
2025-12-23 19:45:00,438 [DEBUG] [Dummy-5] [qasync._windows._EventWorker/_windows.py:204]: Exiting thread
2025-12-23 19:45:00,438 [DEBUG] [MainThread] [qasync._windows._IocpProactor/_windows.py:78]: Closing
2025-12-23 19:45:00,537 [DEBUG] [MainThread] [systray_widget/utils.py:96]: Destroying window 50661648
2025-12-23 19:45:01,271 [INFO] [MainThread] [root/log.py:69]: YASB v1.8.6
2025-12-23 19:45:01,272 [INFO] [Thread-1 (_run_server)] [cli_server/cli_server.py:212]: CLI server started v1.1.4
2025-12-23 19:45:01,272 [INFO] [MainThread] [cli_server/cli_server.py:104]: Log pipe server started
2025-12-23 19:45:01,643 [INFO] [MainThread] [root/service.py:48]: AudioOutputService starting...
2025-12-23 19:45:01,982 [INFO] [MainThread] [root/bar_manager.py:85]: Starting WindowsNotificationEventListener...
2025-12-23 19:45:01,983 [INFO] [MainThread] [root/bar_manager.py:85]: Starting KomorebiEventListener...
2025-12-23 19:45:01,983 [INFO] [MainThread] [root/bar_manager.py:85]: Starting SystemEventListener...
2025-12-23 19:45:01,983 [INFO] [MainThread] [root/watcher.py:54]: Created file watcher for path C:\Users\ratta\.config\yasb
2025-12-23 19:45:02,034 [INFO] [Dummy-5] [root/event_listener.py:51]: Created named pipe yasb-32c2d7fa-dffd-11f0-a3b6-d843ae576946
2025-12-23 19:45:02,055 [INFO] [MainThread] [root/update_service.py:409]: Background update checker started
2025-12-23 19:45:02,055 [DEBUG] [MainThread] [qasync._windows._EventPoller/_windows.py:215]: Starting (proactor: <_IocpProactor overlapped#=0 result#=0>)...
2025-12-23 19:45:02,060 [DEBUG] [Dummy-8] [qasync._windows._EventWorker/_windows.py:195]: Thread started
2025-12-23 19:45:02,074 [DEBUG] [MainThread] [systray_widget/systray.py:526]: Loading state from C:\Users\ratta\AppData\Local\YASB\systray_state_INCG27Q30UMB6CBWL.json
2025-12-23 19:45:02,081 [DEBUG] [SystrayMonitor] [systray_widget/systray.py:57]: Systray thread is starting...
2025-12-23 19:45:02,092 [DEBUG] [MainThread] [systray_widget/systray.py:526]: Loading state from C:\Users\ratta\AppData\Local\YASB\systray_state_EKLTDLU28R55H4ZMB00043.json
2025-12-23 19:45:02,172 [DEBUG] [MainThread] [systray_widget/systray.py:277]: Systray thread started
2025-12-23 19:45:02,200 [DEBUG] [SystrayMonitor] [systray_widget/systray_monitor.py:242]: Finding real tray hwnd
2025-12-23 19:45:02,373 [DEBUG] [SystrayMonitor] [systray_widget/systray_monitor.py:164]: Adding TaskbandHWND prop to hwnd 988760
2025-12-23 19:45:02,382 [DEBUG] [MainThread] [systray_widget/systray_monitor.py:157]: Sending TaskbarCreated message: 49339
2025-12-23 19:45:09,566 [INFO] [Thread-1 (_run_server)] [cli_server/cli_server.py:253]: CLI server received command: stop
2025-12-23 19:45:09,566 [INFO] [Thread-1 (_run_server)] [root/controller.py:35]: Exiting Application from CLI...
2025-12-23 19:45:09,675 [INFO] [Thread-1 (_run_server)] [cli_server/cli_server.py:112]: Log pipe server stopped
2025-12-23 19:45:09,675 [DEBUG] [Thread-1 (_run_server)] [cli_server/cli_server.py:206]: CLI server stopped
2025-12-23 19:45:09,964 [INFO] [MainThread] [root/bar_manager.py:92]: Stopping WindowsNotificationEventListener...
2025-12-23 19:45:09,964 [INFO] [MainThread] [root/bar_manager.py:92]: Stopping KomorebiEventListener...
2025-12-23 19:45:09,964 [INFO] [MainThread] [root/bar_manager.py:92]: Stopping SystemEventListener...
2025-12-23 19:45:09,965 [DEBUG] [MainThread] [systray_widget/systray.py:504]: Saving state to disk
2025-12-23 19:45:09,965 [DEBUG] [MainThread] [systray_widget/systray.py:508]: Saving state to C:\Users\ratta\AppData\Local\YASB\systray_state_INCG27Q30UMB6CBWL.json
2025-12-23 19:45:09,966 [DEBUG] [MainThread] [systray_widget/utils.py:96]: Destroying window 988760
2025-12-23 19:45:09,966 [DEBUG] [MainThread] [systray_widget/systray.py:504]: Saving state to disk
2025-12-23 19:45:09,966 [DEBUG] [MainThread] [systray_widget/systray.py:508]: Saving state to C:\Users\ratta\AppData\Local\YASB\systray_state_EKLTDLU28R55H4ZMB00043.json
2025-12-23 19:45:09,967 [DEBUG] [MainThread] [systray_widget/utils.py:96]: Destroying window 988760
2025-12-23 19:45:09,970 [DEBUG] [MainThread] [qasync._windows._EventPoller/_windows.py:220]: Stopping worker thread...
2025-12-23 19:45:09,973 [DEBUG] [Dummy-8] [qasync._windows._EventWorker/_windows.py:204]: Exiting thread
2025-12-23 19:45:09,992 [DEBUG] [MainThread] [qasync._windows._IocpProactor/_windows.py:78]: Closing
2025-12-23 19:45:10,062 [DEBUG] [MainThread] [systray_widget/utils.py:96]: Destroying window 988760
2025-12-23 19:45:10,757 [INFO] [MainThread] [root/log.py:69]: YASB v1.8.6
2025-12-23 19:45:10,758 [INFO] [Thread-1 (_run_server)] [cli_server/cli_server.py:212]: CLI server started v1.1.4
2025-12-23 19:45:10,758 [INFO] [MainThread] [cli_server/cli_server.py:104]: Log pipe server started
2025-12-23 19:45:11,122 [INFO] [MainThread] [root/service.py:48]: AudioOutputService starting...
2025-12-23 19:45:11,472 [INFO] [MainThread] [root/watcher.py:54]: Created file watcher for path C:\Users\ratta\.config\yasb
2025-12-23 19:45:11,538 [INFO] [MainThread] [root/update_service.py:409]: Background update checker started
2025-12-23 19:45:11,538 [DEBUG] [MainThread] [qasync._windows._EventPoller/_windows.py:215]: Starting (proactor: <_IocpProactor overlapped#=0 result#=0>)...
2025-12-23 19:45:11,541 [DEBUG] [Dummy-5] [qasync._windows._EventWorker/_windows.py:195]: Thread started
2025-12-23 19:45:11,650 [INFO] [MainThread] [root/api.py:69]: Fetching new weather data at 2025-12-23 19:45:11.650218
2025-12-23 19:45:25,041 [INFO] [Thread-1 (_run_server)] [cli_server/cli_server.py:253]: CLI server received command: stop
2025-12-23 19:45:25,041 [INFO] [Thread-1 (_run_server)] [root/controller.py:35]: Exiting Application from CLI...
2025-12-23 19:45:25,155 [INFO] [Thread-1 (_run_server)] [cli_server/cli_server.py:112]: Log pipe server stopped
2025-12-23 19:45:25,156 [DEBUG] [Thread-1 (_run_server)] [cli_server/cli_server.py:206]: CLI server stopped
2025-12-23 19:45:25,527 [DEBUG] [MainThread] [qasync._windows._EventPoller/_windows.py:220]: Stopping worker thread...
2025-12-23 19:45:25,530 [DEBUG] [Dummy-5] [qasync._windows._EventWorker/_windows.py:204]: Exiting thread
2025-12-23 19:45:25,532 [DEBUG] [MainThread] [qasync._windows._IocpProactor/_windows.py:78]: Closing
2025-12-23 19:45:26,253 [INFO] [MainThread] [root/log.py:69]: YASB v1.8.6
2025-12-23 19:45:26,254 [INFO] [Thread-1 (_run_server)] [cli_server/cli_server.py:212]: CLI server started v1.1.4
2025-12-23 19:45:26,254 [INFO] [MainThread] [cli_server/cli_server.py:104]: Log pipe server started
2025-12-23 19:45:26,589 [INFO] [MainThread] [root/service.py:48]: AudioOutputService starting...
2025-12-23 19:45:26,929 [INFO] [MainThread] [root/bar_manager.py:85]: Starting SystemEventListener...
2025-12-23 19:45:26,930 [INFO] [MainThread] [root/bar_manager.py:85]: Starting KomorebiEventListener...
2025-12-23 19:45:26,930 [INFO] [MainThread] [root/watcher.py:54]: Created file watcher for path C:\Users\ratta\.config\yasb
2025-12-23 19:45:26,973 [INFO] [Dummy-5] [root/event_listener.py:51]: Created named pipe yasb-41a16d06-dffd-11f0-b0a6-d843ae576946
2025-12-23 19:45:26,999 [INFO] [MainThread] [root/update_service.py:409]: Background update checker started
2025-12-23 19:45:26,999 [DEBUG] [MainThread] [qasync._windows._EventPoller/_windows.py:215]: Starting (proactor: <_IocpProactor overlapped#=0 result#=0>)...
2025-12-23 19:45:27,002 [DEBUG] [Dummy-8] [qasync._windows._EventWorker/_windows.py:195]: Thread started
2025-12-23 19:45:27,013 [DEBUG] [MainThread] [systray_widget/systray.py:526]: Loading state from C:\Users\ratta\AppData\Local\YASB\systray_state_INCG27Q30UMB6CBWL.json
2025-12-23 19:45:27,023 [DEBUG] [SystrayMonitor] [systray_widget/systray.py:57]: Systray thread is starting...
2025-12-23 19:45:27,031 [DEBUG] [MainThread] [systray_widget/systray.py:526]: Loading state from C:\Users\ratta\AppData\Local\YASB\systray_state_EKLTDLU28R55H4ZMB00043.json
2025-12-23 19:45:27,093 [DEBUG] [MainThread] [systray_widget/systray.py:277]: Systray thread started
2025-12-23 19:45:27,295 [DEBUG] [SystrayMonitor] [systray_widget/systray_monitor.py:164]: Adding TaskbandHWND prop to hwnd 4262118
2025-12-23 19:45:27,296 [DEBUG] [SystrayMonitor] [systray_widget/systray_monitor.py:242]: Finding real tray hwnd
2025-12-23 19:45:27,304 [DEBUG] [MainThread] [systray_widget/systray_monitor.py:157]: Sending TaskbarCreated message: 49339
2025-12-23 19:47:16,701 [INFO] [Thread-1 (_run_server)] [cli_server/cli_server.py:253]: CLI server received command: stop
2025-12-23 19:47:16,701 [INFO] [Thread-1 (_run_server)] [root/controller.py:35]: Exiting Application from CLI...
2025-12-23 19:47:16,812 [INFO] [Thread-1 (_run_server)] [cli_server/cli_server.py:112]: Log pipe server stopped
2025-12-23 19:47:16,812 [DEBUG] [Thread-1 (_run_server)] [cli_server/cli_server.py:206]: CLI server stopped
2025-12-23 19:47:17,107 [INFO] [MainThread] [root/bar_manager.py:92]: Stopping SystemEventListener...
2025-12-23 19:47:17,107 [INFO] [MainThread] [root/bar_manager.py:92]: Stopping KomorebiEventListener...
2025-12-23 19:47:17,108 [DEBUG] [MainThread] [systray_widget/systray.py:504]: Saving state to disk
2025-12-23 19:47:17,108 [DEBUG] [MainThread] [systray_widget/systray.py:508]: Saving state to C:\Users\ratta\AppData\Local\YASB\systray_state_INCG27Q30UMB6CBWL.json
2025-12-23 19:47:17,108 [DEBUG] [MainThread] [systray_widget/utils.py:96]: Destroying window 4262118
2025-12-23 19:47:17,109 [DEBUG] [MainThread] [systray_widget/systray.py:504]: Saving state to disk
2025-12-23 19:47:17,109 [DEBUG] [MainThread] [systray_widget/systray.py:508]: Saving state to C:\Users\ratta\AppData\Local\YASB\systray_state_EKLTDLU28R55H4ZMB00043.json
2025-12-23 19:47:17,109 [DEBUG] [MainThread] [systray_widget/utils.py:96]: Destroying window 4262118
2025-12-23 19:47:17,112 [DEBUG] [MainThread] [qasync._windows._EventPoller/_windows.py:220]: Stopping worker thread...
2025-12-23 19:47:17,122 [DEBUG] [Dummy-8] [qasync._windows._EventWorker/_windows.py:204]: Exiting thread
2025-12-23 19:47:17,123 [DEBUG] [MainThread] [qasync._windows._IocpProactor/_windows.py:78]: Closing
2025-12-23 19:47:17,290 [DEBUG] [MainThread] [systray_widget/utils.py:96]: Destroying window 4262118
2025-12-23 19:47:17,318 [INFO] [MainThread] [root/log.py:69]: YASB v1.8.6
2025-12-23 19:47:17,319 [INFO] [Thread-1 (_run_server)] [cli_server/cli_server.py:212]: CLI server started v1.1.4
2025-12-23 19:47:17,319 [INFO] [MainThread] [cli_server/cli_server.py:104]: Log pipe server started
2025-12-23 19:47:17,728 [INFO] [MainThread] [root/service.py:48]: AudioOutputService starting...
2025-12-23 19:47:18,127 [INFO] [MainThread] [root/bar_manager.py:85]: Starting SystemEventListener...
2025-12-23 19:47:18,127 [INFO] [MainThread] [root/watcher.py:54]: Created file watcher for path C:\Users\ratta\.config\yasb
2025-12-23 19:47:18,155 [INFO] [MainThread] [root/update_service.py:409]: Background update checker started
2025-12-23 19:47:18,156 [DEBUG] [MainThread] [qasync._windows._EventPoller/_windows.py:215]: Starting (proactor: <_IocpProactor overlapped#=0 result#=0>)...
2025-12-23 19:47:18,158 [DEBUG] [Dummy-5] [qasync._windows._EventWorker/_windows.py:195]: Thread started
2025-12-23 19:47:18,292 [ERROR] [MainThread] [root/api.py:82]: Weather API invalid JSON response: Expecting value: line 1 column 1 (char 0)
2025-12-23 19:47:18,292 [WARNING] [MainThread] [root/weather.py:594]: Error processing weather data: Weather data is empty.. Retrying fetch in 10 seconds.
2025-12-23 19:47:18,294 [WARNING] [MainThread] [root/weather.py:594]: Error processing weather data: Weather data is empty.. Retrying fetch in 10 seconds.
2025-12-23 19:47:25,973 [INFO] [Thread-1 (_run_server)] [cli_server/cli_server.py:253]: CLI server received command: stop
2025-12-23 19:47:25,973 [INFO] [Thread-1 (_run_server)] [root/controller.py:35]: Exiting Application from CLI...
2025-12-23 19:47:26,078 [INFO] [Thread-1 (_run_server)] [cli_server/cli_server.py:112]: Log pipe server stopped
2025-12-23 19:47:26,078 [DEBUG] [Thread-1 (_run_server)] [cli_server/cli_server.py:206]: CLI server stopped
2025-12-23 19:47:26,374 [INFO] [MainThread] [root/bar_manager.py:92]: Stopping SystemEventListener...
2025-12-23 19:47:26,421 [DEBUG] [MainThread] [qasync._windows._EventPoller/_windows.py:220]: Stopping worker thread...
2025-12-23 19:47:26,437 [DEBUG] [Dummy-5] [qasync._windows._EventWorker/_windows.py:204]: Exiting thread
2025-12-23 19:47:26,442 [DEBUG] [MainThread] [qasync._windows._IocpProactor/_windows.py:78]: Closing
2025-12-23 19:47:27,330 [INFO] [MainThread] [root/log.py:69]: YASB v1.8.6
2025-12-23 19:47:27,330 [INFO] [Thread-1 (_run_server)] [cli_server/cli_server.py:212]: CLI server started v1.1.4
2025-12-23 19:47:27,330 [INFO] [MainThread] [cli_server/cli_server.py:104]: Log pipe server started
2025-12-23 19:47:27,770 [INFO] [MainThread] [root/service.py:48]: AudioOutputService starting...
2025-12-23 19:47:28,179 [INFO] [MainThread] [root/bar_manager.py:85]: Starting KomorebiEventListener...
2025-12-23 19:47:28,179 [INFO] [MainThread] [root/bar_manager.py:85]: Starting WindowsNotificationEventListener...
2025-12-23 19:47:28,180 [INFO] [MainThread] [root/watcher.py:54]: Created file watcher for path C:\Users\ratta\.config\yasb
2025-12-23 19:47:28,217 [INFO] [Dummy-5] [root/event_listener.py:51]: Created named pipe yasb-89e69aff-dffd-11f0-a215-d843ae576946
2025-12-23 19:47:28,277 [INFO] [MainThread] [root/update_service.py:409]: Background update checker started
2025-12-23 19:47:28,277 [DEBUG] [MainThread] [qasync._windows._EventPoller/_windows.py:215]: Starting (proactor: <_IocpProactor overlapped#=0 result#=0>)...
2025-12-23 19:47:28,279 [DEBUG] [Dummy-8] [qasync._windows._EventWorker/_windows.py:195]: Thread started
2025-12-23 19:47:28,290 [DEBUG] [MainThread] [systray_widget/systray.py:526]: Loading state from C:\Users\ratta\AppData\Local\YASB\systray_state_INCG27Q30UMB6CBWL.json
2025-12-23 19:47:28,292 [DEBUG] [SystrayMonitor] [systray_widget/systray.py:57]: Systray thread is starting...
2025-12-23 19:47:28,296 [DEBUG] [MainThread] [systray_widget/systray.py:526]: Loading state from C:\Users\ratta\AppData\Local\YASB\systray_state_EKLTDLU28R55H4ZMB00043.json
2025-12-23 19:47:28,327 [DEBUG] [MainThread] [systray_widget/systray.py:277]: Systray thread started
2025-12-23 19:47:28,406 [DEBUG] [SystrayMonitor] [systray_widget/systray_monitor.py:242]: Finding real tray hwnd
2025-12-23 19:47:28,529 [DEBUG] [SystrayMonitor] [systray_widget/systray_monitor.py:164]: Adding TaskbandHWND prop to hwnd 595524
2025-12-23 19:47:28,536 [DEBUG] [MainThread] [systray_widget/systray_monitor.py:157]: Sending TaskbarCreated message: 49339
2025-12-23 19:47:28,626 [INFO] [MainThread] [root/api.py:69]: Fetching new weather data at 2025-12-23 19:47:28.626402
2025-12-23 19:47:46,187 [INFO] [Thread-1 (_run_server)] [cli_server/cli_server.py:253]: CLI server received command: stop
2025-12-23 19:47:46,187 [INFO] [Thread-1 (_run_server)] [root/controller.py:35]: Exiting Application from CLI...
2025-12-23 19:47:46,290 [INFO] [Thread-1 (_run_server)] [cli_server/cli_server.py:112]: Log pipe server stopped
2025-12-23 19:47:46,290 [DEBUG] [Thread-1 (_run_server)] [cli_server/cli_server.py:206]: CLI server stopped
2025-12-23 19:47:46,560 [INFO] [MainThread] [root/bar_manager.py:92]: Stopping KomorebiEventListener...
2025-12-23 19:47:46,560 [INFO] [MainThread] [root/bar_manager.py:92]: Stopping WindowsNotificationEventListener...
2025-12-23 19:47:46,561 [DEBUG] [MainThread] [systray_widget/systray.py:504]: Saving state to disk
2025-12-23 19:47:46,561 [DEBUG] [MainThread] [systray_widget/systray.py:508]: Saving state to C:\Users\ratta\AppData\Local\YASB\systray_state_INCG27Q30UMB6CBWL.json
2025-12-23 19:47:46,562 [DEBUG] [MainThread] [systray_widget/utils.py:96]: Destroying window 595524
2025-12-23 19:47:46,562 [DEBUG] [MainThread] [systray_widget/systray.py:504]: Saving state to disk
2025-12-23 19:47:46,562 [DEBUG] [MainThread] [systray_widget/systray.py:508]: Saving state to C:\Users\ratta\AppData\Local\YASB\systray_state_EKLTDLU28R55H4ZMB00043.json
2025-12-23 19:47:46,563 [DEBUG] [MainThread] [systray_widget/utils.py:96]: Destroying window 595524
2025-12-23 19:47:46,579 [DEBUG] [MainThread] [qasync._windows._EventPoller/_windows.py:220]: Stopping worker thread...
2025-12-23 19:47:46,584 [DEBUG] [Dummy-8] [qasync._windows._EventWorker/_windows.py:204]: Exiting thread
2025-12-23 19:47:46,602 [DEBUG] [MainThread] [qasync._windows._IocpProactor/_windows.py:78]: Closing
2025-12-23 19:47:46,715 [DEBUG] [MainThread] [systray_widget/utils.py:96]: Destroying window 595524
2025-12-23 19:47:47,345 [INFO] [MainThread] [root/log.py:69]: YASB v1.8.6
2025-12-23 19:47:47,345 [INFO] [Thread-1 (_run_server)] [cli_server/cli_server.py:212]: CLI server started v1.1.4
2025-12-23 19:47:47,345 [INFO] [MainThread] [cli_server/cli_server.py:104]: Log pipe server started
2025-12-23 19:47:47,810 [INFO] [MainThread] [root/service.py:48]: AudioOutputService starting...
2025-12-23 19:47:48,308 [INFO] [MainThread] [root/bar_manager.py:85]: Starting SystemEventListener...
2025-12-23 19:47:48,308 [INFO] [MainThread] [root/watcher.py:54]: Created file watcher for path C:\Users\ratta\.config\yasb
2025-12-23 19:47:48,338 [INFO] [MainThread] [root/update_service.py:409]: Background update checker started
2025-12-23 19:47:48,338 [DEBUG] [MainThread] [qasync._windows._EventPoller/_windows.py:215]: Starting (proactor: <_IocpProactor overlapped#=0 result#=0>)...
2025-12-23 19:47:48,339 [DEBUG] [Dummy-5] [qasync._windows._EventWorker/_windows.py:195]: Thread started
2025-12-23 19:47:48,433 [ERROR] [MainThread] [root/api.py:82]: Weather API invalid JSON response: Expecting value: line 1 column 1 (char 0)
2025-12-23 19:47:48,433 [WARNING] [MainThread] [root/weather.py:594]: Error processing weather data: Weather data is empty.. Retrying fetch in 10 seconds.
2025-12-23 19:47:48,434 [WARNING] [MainThread] [root/weather.py:594]: Error processing weather data: Weather data is empty.. Retrying fetch in 10 seconds.
2025-12-23 19:47:59,667 [ERROR] [MainThread] [root/api.py:82]: Weather API invalid JSON response: Expecting value: line 1 column 1 (char 0)
2025-12-23 19:47:59,667 [WARNING] [MainThread] [root/weather.py:594]: Error processing weather data: Weather data is empty.. Retrying fetch in 10 seconds.
2025-12-23 19:47:59,667 [WARNING] [MainThread] [root/weather.py:594]: Error processing weather data: Weather data is empty.. Retrying fetch in 10 seconds.
2025-12-23 19:47:59,668 [ERROR] [MainThread] [root/api.py:82]: Weather API invalid JSON response: Expecting value: line 1 column 1 (char 0)
2025-12-23 19:48:03,792 [DEBUG] [MainThread] [root/win32_accent.py:123]: Failed to apply settings: invalid literal for int() with base 16: ''
2025-12-23 19:48:04,321 [DEBUG] [MainThread] [root/win32_accent.py:123]: Failed to apply settings: invalid literal for int() with base 16: ''
2025-12-23 19:48:09,711 [ERROR] [MainThread] [root/api.py:82]: Weather API invalid JSON response: Expecting value: line 1 column 1 (char 0)
2025-12-23 19:48:09,711 [WARNING] [MainThread] [root/weather.py:594]: Error processing weather data: Weather data is empty.. Retrying fetch in 10 seconds.
2025-12-23 19:48:09,711 [WARNING] [MainThread] [root/weather.py:594]: Error processing weather data: Weather data is empty.. Retrying fetch in 10 seconds.
2025-12-23 19:48:09,731 [ERROR] [MainThread] [root/api.py:82]: Weather API invalid JSON response: Expecting value: line 1 column 1 (char 0)
2025-12-23 19:48:10,394 [WARNING] [MainThread] [root/api.py:137]: Failed to fetch icon N/A: ProtocolUnknownError 301
2025-12-23 19:48:20,221 [ERROR] [MainThread] [root/api.py:82]: Weather API invalid JSON response: Expecting value: line 1 column 1 (char 0)
2025-12-23 19:48:20,221 [WARNING] [MainThread] [root/weather.py:594]: Error processing weather data: Weather data is empty.. Retrying fetch in 10 seconds.
2025-12-23 19:48:20,221 [WARNING] [MainThread] [root/weather.py:594]: Error processing weather data: Weather data is empty.. Retrying fetch in 10 seconds.
2025-12-23 19:48:20,232 [ERROR] [MainThread] [root/api.py:82]: Weather API invalid JSON response: Expecting value: line 1 column 1 (char 0)
2025-12-23 19:48:30,251 [ERROR] [MainThread] [root/api.py:82]: Weather API invalid JSON response: Expecting value: line 1 column 1 (char 0)
2025-12-23 19:48:30,252 [WARNING] [MainThread] [root/weather.py:594]: Error processing weather data: Weather data is empty.. Retrying fetch in 10 seconds.
2025-12-23 19:48:30,252 [WARNING] [MainThread] [root/weather.py:594]: Error processing weather data: Weather data is empty.. Retrying fetch in 10 seconds.
2025-12-23 19:48:30,257 [ERROR] [MainThread] [root/api.py:82]: Weather API invalid JSON response: Expecting value: line 1 column 1 (char 0)
2025-12-23 19:48:33,149 [INFO] [Thread-1 (_run_server)] [cli_server/cli_server.py:253]: CLI server received command: stop
2025-12-23 19:48:33,149 [INFO] [Thread-1 (_run_server)] [root/controller.py:35]: Exiting Application from CLI...
2025-12-23 19:48:33,249 [INFO] [Thread-1 (_run_server)] [cli_server/cli_server.py:112]: Log pipe server stopped
2025-12-23 19:48:33,250 [DEBUG] [Thread-1 (_run_server)] [cli_server/cli_server.py:206]: CLI server stopped
2025-12-23 19:48:33,543 [INFO] [MainThread] [root/bar_manager.py:92]: Stopping SystemEventListener...
2025-12-23 19:48:33,606 [DEBUG] [MainThread] [qasync._windows._EventPoller/_windows.py:220]: Stopping worker thread...
2025-12-23 19:48:33,607 [DEBUG] [Dummy-5] [qasync._windows._EventWorker/_windows.py:204]: Exiting thread
2025-12-23 19:48:33,617 [DEBUG] [MainThread] [qasync._windows._IocpProactor/_windows.py:78]: Closing
2025-12-23 19:48:34,390 [INFO] [MainThread] [root/log.py:69]: YASB v1.8.6
2025-12-23 19:48:34,390 [INFO] [Thread-1 (_run_server)] [cli_server/cli_server.py:212]: CLI server started v1.1.4
2025-12-23 19:48:34,391 [INFO] [MainThread] [cli_server/cli_server.py:104]: Log pipe server started
2025-12-23 19:48:34,756 [INFO] [MainThread] [root/service.py:48]: AudioOutputService starting...
2025-12-23 19:48:35,120 [INFO] [MainThread] [root/bar_manager.py:85]: Starting KomorebiEventListener...
2025-12-23 19:48:35,120 [INFO] [MainThread] [root/bar_manager.py:85]: Starting SystemEventListener...
2025-12-23 19:48:35,120 [INFO] [MainThread] [root/watcher.py:54]: Created file watcher for path C:\Users\ratta\.config\yasb
2025-12-23 19:48:35,173 [INFO] [Dummy-5] [root/event_listener.py:51]: Created named pipe yasb-b1ccfaa7-dffd-11f0-b066-d843ae576946
2025-12-23 19:48:35,190 [INFO] [MainThread] [root/update_service.py:409]: Background update checker started
2025-12-23 19:48:35,190 [DEBUG] [MainThread] [qasync._windows._EventPoller/_windows.py:215]: Starting (proactor: <_IocpProactor overlapped#=0 result#=0>)...
2025-12-23 19:48:35,193 [DEBUG] [Dummy-8] [qasync._windows._EventWorker/_windows.py:195]: Thread started
2025-12-23 19:48:35,338 [INFO] [MainThread] [root/api.py:69]: Fetching new weather data at 2025-12-23 19:48:35.338392
2025-12-23 19:48:50,601 [INFO] [Thread-1 (_run_server)] [cli_server/cli_server.py:253]: CLI server received command: stop
2025-12-23 19:48:50,601 [INFO] [Thread-1 (_run_server)] [root/controller.py:35]: Exiting Application from CLI...
2025-12-23 19:48:50,702 [INFO] [Thread-1 (_run_server)] [cli_server/cli_server.py:112]: Log pipe server stopped
2025-12-23 19:48:50,702 [DEBUG] [Thread-1 (_run_server)] [cli_server/cli_server.py:206]: CLI server stopped
2025-12-23 19:48:51,018 [INFO] [MainThread] [root/bar_manager.py:92]: Stopping KomorebiEventListener...
2025-12-23 19:48:51,018 [INFO] [MainThread] [root/bar_manager.py:92]: Stopping SystemEventListener...
2025-12-23 19:48:51,060 [DEBUG] [MainThread] [qasync._windows._EventPoller/_windows.py:220]: Stopping worker thread...
2025-12-23 19:48:51,061 [DEBUG] [Dummy-8] [qasync._windows._EventWorker/_windows.py:204]: Exiting thread
2025-12-23 19:48:51,064 [DEBUG] [MainThread] [qasync._windows._IocpProactor/_windows.py:78]: Closing
2025-12-23 19:48:51,767 [INFO] [MainThread] [root/log.py:69]: YASB v1.8.6
2025-12-23 19:48:51,767 [INFO] [Thread-1 (_run_server)] [cli_server/cli_server.py:212]: CLI server started v1.1.4
2025-12-23 19:48:51,768 [INFO] [MainThread] [cli_server/cli_server.py:104]: Log pipe server started
2025-12-23 19:48:52,094 [ERROR] [MainThread] [root/weather.py:60]: API key or location is missing. Please provide a valid API key and location.
2025-12-23 19:48:52,112 [INFO] [MainThread] [root/service.py:48]: AudioOutputService starting...
2025-12-23 19:48:52,257 [ERROR] [MainThread] [root/weather.py:60]: API key or location is missing. Please provide a valid API key and location.
2025-12-23 19:48:52,465 [INFO] [MainThread] [root/bar_manager.py:85]: Starting WindowsNotificationEventListener...
2025-12-23 19:48:52,466 [INFO] [MainThread] [root/bar_manager.py:85]: Starting KomorebiEventListener...
2025-12-23 19:48:52,466 [INFO] [MainThread] [root/watcher.py:54]: Created file watcher for path C:\Users\ratta\.config\yasb
2025-12-23 19:48:52,527 [INFO] [Dummy-5] [root/event_listener.py:51]: Created named pipe yasb-bc23c9c4-dffd-11f0-bb80-d843ae576946
2025-12-23 19:48:52,548 [INFO] [MainThread] [root/update_service.py:409]: Background update checker started
2025-12-23 19:48:52,548 [DEBUG] [MainThread] [qasync._windows._EventPoller/_windows.py:215]: Starting (proactor: <_IocpProactor overlapped#=0 result#=0>)...
2025-12-23 19:48:52,552 [DEBUG] [Dummy-8] [qasync._windows._EventWorker/_windows.py:195]: Thread started
2025-12-23 19:49:13,552 [INFO] [Thread-1 (_run_server)] [cli_server/cli_server.py:253]: CLI server received command: stop
2025-12-23 19:49:13,552 [INFO] [Thread-1 (_run_server)] [root/controller.py:35]: Exiting Application from CLI...
2025-12-23 19:49:13,667 [INFO] [Thread-1 (_run_server)] [cli_server/cli_server.py:112]: Log pipe server stopped
2025-12-23 19:49:13,667 [DEBUG] [Thread-1 (_run_server)] [cli_server/cli_server.py:206]: CLI server stopped
2025-12-23 19:49:13,992 [INFO] [MainThread] [root/bar_manager.py:92]: Stopping WindowsNotificationEventListener...
2025-12-23 19:49:13,993 [INFO] [MainThread] [root/bar_manager.py:92]: Stopping KomorebiEventListener...
2025-12-23 19:49:13,995 [DEBUG] [MainThread] [qasync._windows._EventPoller/_windows.py:220]: Stopping worker thread...
2025-12-23 19:49:13,996 [DEBUG] [Dummy-8] [qasync._windows._EventWorker/_windows.py:204]: Exiting thread
2025-12-23 19:49:14,003 [DEBUG] [MainThread] [qasync._windows._IocpProactor/_windows.py:78]: Closing
2025-12-23 19:49:14,735 [INFO] [MainThread] [root/log.py:69]: YASB v1.8.6
2025-12-23 19:49:14,735 [INFO] [Thread-1 (_run_server)] [cli_server/cli_server.py:212]: CLI server started v1.1.4
2025-12-23 19:49:14,736 [INFO] [MainThread] [cli_server/cli_server.py:104]: Log pipe server started
2025-12-23 19:49:15,256 [INFO] [MainThread] [root/service.py:48]: AudioOutputService starting...
2025-12-23 19:49:15,580 [INFO] [MainThread] [root/bar_manager.py:85]: Starting KomorebiEventListener...
2025-12-23 19:49:15,580 [INFO] [MainThread] [root/bar_manager.py:85]: Starting SystemEventListener...
2025-12-23 19:49:15,580 [INFO] [MainThread] [root/watcher.py:54]: Created file watcher for path C:\Users\ratta\.config\yasb
2025-12-23 19:49:15,631 [INFO] [Dummy-5] [root/event_listener.py:51]: Created named pipe yasb-c9eaa15a-dffd-11f0-b772-d843ae576946
2025-12-23 19:49:15,651 [INFO] [MainThread] [root/update_service.py:409]: Background update checker started
2025-12-23 19:49:15,652 [DEBUG] [MainThread] [qasync._windows._EventPoller/_windows.py:215]: Starting (proactor: <_IocpProactor overlapped#=0 result#=0>)...
2025-12-23 19:49:15,656 [DEBUG] [Dummy-8] [qasync._windows._EventWorker/_windows.py:195]: Thread started
2025-12-23 19:49:15,657 [DEBUG] [MainThread] [systray_widget/systray.py:526]: Loading state from C:\Users\ratta\AppData\Local\YASB\systray_state_INCG27Q30UMB6CBWL.json
2025-12-23 19:49:15,665 [DEBUG] [SystrayMonitor] [systray_widget/systray.py:57]: Systray thread is starting...
2025-12-23 19:49:15,791 [DEBUG] [SystrayMonitor] [systray_widget/systray_monitor.py:242]: Finding real tray hwnd
2025-12-23 19:49:16,125 [DEBUG] [MainThread] [systray_widget/systray.py:526]: Loading state from C:\Users\ratta\AppData\Local\YASB\systray_state_EKLTDLU28R55H4ZMB00043.json
2025-12-23 19:49:16,231 [DEBUG] [MainThread] [systray_widget/systray.py:277]: Systray thread started
2025-12-23 19:49:16,348 [INFO] [MainThread] [root/api.py:69]: Fetching new weather data at 2025-12-23 19:49:16.348041
2025-12-23 19:49:16,433 [DEBUG] [SystrayMonitor] [systray_widget/systray_monitor.py:164]: Adding TaskbandHWND prop to hwnd 1377150
2025-12-23 19:49:16,504 [DEBUG] [MainThread] [systray_widget/systray_monitor.py:157]: Sending TaskbarCreated message: 49339
2025-12-23 19:49:42,705 [INFO] [Thread-1 (_run_server)] [cli_server/cli_server.py:253]: CLI server received command: stop
2025-12-23 19:49:42,705 [INFO] [Thread-1 (_run_server)] [root/controller.py:35]: Exiting Application from CLI...
2025-12-23 19:49:42,813 [INFO] [Thread-1 (_run_server)] [cli_server/cli_server.py:112]: Log pipe server stopped
2025-12-23 19:49:42,813 [DEBUG] [Thread-1 (_run_server)] [cli_server/cli_server.py:206]: CLI server stopped
2025-12-23 19:49:43,093 [INFO] [MainThread] [root/bar_manager.py:92]: Stopping KomorebiEventListener...
2025-12-23 19:49:43,093 [INFO] [MainThread] [root/bar_manager.py:92]: Stopping SystemEventListener...
2025-12-23 19:49:43,094 [DEBUG] [MainThread] [systray_widget/systray.py:504]: Saving state to disk
2025-12-23 19:49:43,094 [DEBUG] [MainThread] [systray_widget/systray.py:508]: Saving state to C:\Users\ratta\AppData\Local\YASB\systray_state_INCG27Q30UMB6CBWL.json
2025-12-23 19:49:43,095 [DEBUG] [MainThread] [systray_widget/utils.py:96]: Destroying window 1377150
2025-12-23 19:49:43,095 [DEBUG] [MainThread] [systray_widget/systray.py:504]: Saving state to disk
2025-12-23 19:49:43,095 [DEBUG] [MainThread] [systray_widget/systray.py:508]: Saving state to C:\Users\ratta\AppData\Local\YASB\systray_state_EKLTDLU28R55H4ZMB00043.json
2025-12-23 19:49:43,096 [DEBUG] [MainThread] [systray_widget/utils.py:96]: Destroying window 1377150
2025-12-23 19:49:43,179 [DEBUG] [MainThread] [qasync._windows._EventPoller/_windows.py:220]: Stopping worker thread...
2025-12-23 19:49:43,189 [DEBUG] [Dummy-8] [qasync._windows._EventWorker/_windows.py:204]: Exiting thread
2025-12-23 19:49:43,194 [DEBUG] [MainThread] [qasync._windows._IocpProactor/_windows.py:78]: Closing
2025-12-23 19:49:43,247 [DEBUG] [MainThread] [systray_widget/utils.py:96]: Destroying window 1377150
2025-12-23 19:49:43,996 [INFO] [MainThread] [root/log.py:69]: YASB v1.8.6
2025-12-23 19:49:43,996 [INFO] [Thread-1 (_run_server)] [cli_server/cli_server.py:212]: CLI server started v1.1.4
2025-12-23 19:49:43,996 [INFO] [MainThread] [cli_server/cli_server.py:104]: Log pipe server started
2025-12-23 19:49:44,198 [INFO] [MainThread] [root/service.py:48]: AudioOutputService starting...
2025-12-23 19:49:44,871 [INFO] [MainThread] [root/bar_manager.py:85]: Starting SystemEventListener...
2025-12-23 19:49:44,871 [INFO] [MainThread] [root/bar_manager.py:85]: Starting WindowsNotificationEventListener...
2025-12-23 19:49:44,872 [INFO] [MainThread] [root/watcher.py:54]: Created file watcher for path C:\Users\ratta\.config\yasb
2025-12-23 19:49:44,895 [INFO] [MainThread] [root/update_service.py:409]: Background update checker started
2025-12-23 19:49:44,895 [DEBUG] [MainThread] [qasync._windows._EventPoller/_windows.py:215]: Starting (proactor: <_IocpProactor overlapped#=0 result#=0>)...
2025-12-23 19:49:44,897 [DEBUG] [Dummy-5] [qasync._windows._EventWorker/_windows.py:195]: Thread started
2025-12-23 19:49:45,017 [INFO] [MainThread] [root/api.py:69]: Fetching new weather data at 2025-12-23 19:49:45.017183
2025-12-23 19:49:50,412 [DEBUG] [MainThread] [root/win32_accent.py:123]: Failed to apply settings: invalid literal for int() with base 16: ''
2025-12-23 19:50:17,150 [INFO] [Thread-1 (_run_server)] [cli_server/cli_server.py:253]: CLI server received command: stop
2025-12-23 19:50:17,151 [INFO] [Thread-1 (_run_server)] [root/controller.py:35]: Exiting Application from CLI...
2025-12-23 19:50:17,263 [INFO] [Thread-1 (_run_server)] [cli_server/cli_server.py:112]: Log pipe server stopped
2025-12-23 19:50:17,263 [DEBUG] [Thread-1 (_run_server)] [cli_server/cli_server.py:206]: CLI server stopped
2025-12-23 19:50:17,559 [INFO] [MainThread] [root/bar_manager.py:92]: Stopping SystemEventListener...
2025-12-23 19:50:17,559 [INFO] [MainThread] [root/bar_manager.py:92]: Stopping WindowsNotificationEventListener...
2025-12-23 19:50:17,632 [DEBUG] [MainThread] [qasync._windows._EventPoller/_windows.py:220]: Stopping worker thread...
2025-12-23 19:50:17,638 [DEBUG] [Dummy-5] [qasync._windows._EventWorker/_windows.py:204]: Exiting thread
2025-12-23 19:50:17,649 [DEBUG] [MainThread] [qasync._windows._IocpProactor/_windows.py:78]: Closing
2025-12-23 19:50:18,311 [INFO] [MainThread] [root/log.py:69]: YASB v1.8.6
2025-12-23 19:50:18,312 [INFO] [Thread-1 (_run_server)] [cli_server/cli_server.py:212]: CLI server started v1.1.4
2025-12-23 19:50:18,312 [INFO] [MainThread] [cli_server/cli_server.py:104]: Log pipe server started
2025-12-23 19:50:18,695 [INFO] [MainThread] [root/service.py:48]: AudioOutputService starting...
2025-12-23 19:50:19,098 [INFO] [MainThread] [root/bar_manager.py:85]: Starting SystemEventListener...
2025-12-23 19:50:19,098 [INFO] [MainThread] [root/bar_manager.py:85]: Starting WindowsNotificationEventListener...
2025-12-23 19:50:19,099 [INFO] [MainThread] [root/watcher.py:54]: Created file watcher for path C:\Users\ratta\.config\yasb
2025-12-23 19:50:19,273 [INFO] [MainThread] [root/update_service.py:409]: Background update checker started
2025-12-23 19:50:19,273 [DEBUG] [MainThread] [qasync._windows._EventPoller/_windows.py:215]: Starting (proactor: <_IocpProactor overlapped#=0 result#=0>)...
2025-12-23 19:50:19,276 [DEBUG] [Dummy-5] [qasync._windows._EventWorker/_windows.py:195]: Thread started
2025-12-23 19:50:19,287 [DEBUG] [MainThread] [systray_widget/systray.py:526]: Loading state from C:\Users\ratta\AppData\Local\YASB\systray_state_INCG27Q30UMB6CBWL.json
2025-12-23 19:50:19,292 [DEBUG] [SystrayMonitor] [systray_widget/systray.py:57]: Systray thread is starting...
2025-12-23 19:50:19,295 [DEBUG] [MainThread] [systray_widget/systray.py:526]: Loading state from C:\Users\ratta\AppData\Local\YASB\systray_state_EKLTDLU28R55H4ZMB00043.json
2025-12-23 19:50:19,304 [DEBUG] [SystrayMonitor] [systray_widget/systray_monitor.py:242]: Finding real tray hwnd
2025-12-23 19:50:19,328 [DEBUG] [MainThread] [systray_widget/systray.py:277]: Systray thread started
2025-12-23 19:50:19,528 [DEBUG] [SystrayMonitor] [systray_widget/systray_monitor.py:164]: Adding TaskbandHWND prop to hwnd 595360
2025-12-23 19:50:19,532 [DEBUG] [MainThread] [systray_widget/systray_monitor.py:157]: Sending TaskbarCreated message: 49339
2025-12-23 19:52:05,721 [INFO] [Thread-1 (_run_server)] [cli_server/cli_server.py:253]: CLI server received command: stop
2025-12-23 19:52:05,721 [INFO] [Thread-1 (_run_server)] [root/controller.py:35]: Exiting Application from CLI...
2025-12-23 19:52:05,835 [INFO] [Thread-1 (_run_server)] [cli_server/cli_server.py:112]: Log pipe server stopped
2025-12-23 19:52:05,835 [DEBUG] [Thread-1 (_run_server)] [cli_server/cli_server.py:206]: CLI server stopped
2025-12-23 19:52:06,110 [INFO] [MainThread] [root/bar_manager.py:92]: Stopping SystemEventListener...
2025-12-23 19:52:06,110 [INFO] [MainThread] [root/bar_manager.py:92]: Stopping WindowsNotificationEventListener...
2025-12-23 19:52:06,111 [DEBUG] [MainThread] [systray_widget/systray.py:504]: Saving state to disk
2025-12-23 19:52:06,111 [DEBUG] [MainThread] [systray_widget/systray.py:508]: Saving state to C:\Users\ratta\AppData\Local\YASB\systray_state_INCG27Q30UMB6CBWL.json
2025-12-23 19:52:06,112 [DEBUG] [MainThread] [systray_widget/utils.py:96]: Destroying window 595360
2025-12-23 19:52:06,112 [DEBUG] [MainThread] [systray_widget/systray.py:504]: Saving state to disk
2025-12-23 19:52:06,112 [DEBUG] [MainThread] [systray_widget/systray.py:508]: Saving state to C:\Users\ratta\AppData\Local\YASB\systray_state_EKLTDLU28R55H4ZMB00043.json
2025-12-23 19:52:06,113 [DEBUG] [MainThread] [systray_widget/utils.py:96]: Destroying window 595360
2025-12-23 19:52:06,115 [DEBUG] [MainThread] [qasync._windows._EventPoller/_windows.py:220]: Stopping worker thread...
2025-12-23 19:52:06,116 [DEBUG] [Dummy-5] [qasync._windows._EventWorker/_windows.py:204]: Exiting thread
2025-12-23 19:52:06,116 [DEBUG] [MainThread] [qasync._windows._IocpProactor/_windows.py:78]: Closing
2025-12-23 19:52:06,220 [DEBUG] [MainThread] [systray_widget/utils.py:96]: Destroying window 595360
2025-12-23 19:52:06,922 [INFO] [MainThread] [root/log.py:69]: YASB v1.8.6
2025-12-23 19:52:06,922 [INFO] [Thread-1 (_run_server)] [cli_server/cli_server.py:212]: CLI server started v1.1.4
2025-12-23 19:52:06,922 [INFO] [MainThread] [cli_server/cli_server.py:104]: Log pipe server started
2025-12-23 19:52:07,271 [INFO] [MainThread] [root/service.py:48]: AudioOutputService starting...
2025-12-23 19:52:07,329 [INFO] [MainThread] [root/api.py:60]: GitHubDataManager started...
2025-12-23 19:52:07,692 [INFO] [MainThread] [root/bar_manager.py:85]: Starting SystemEventListener...
2025-12-23 19:52:07,692 [INFO] [MainThread] [root/bar_manager.py:85]: Starting KomorebiEventListener...
2025-12-23 19:52:07,693 [INFO] [MainThread] [root/watcher.py:54]: Created file watcher for path C:\Users\ratta\.config\yasb
2025-12-23 19:52:07,757 [INFO] [Dummy-5] [root/event_listener.py:51]: Created named pipe yasb-308105b1-dffe-11f0-ac3b-d843ae576946
2025-12-23 19:52:07,782 [INFO] [MainThread] [root/update_service.py:409]: Background update checker started
2025-12-23 19:52:07,782 [DEBUG] [MainThread] [qasync._windows._EventPoller/_windows.py:215]: Starting (proactor: <_IocpProactor overlapped#=0 result#=0>)...
2025-12-23 19:52:07,787 [DEBUG] [Dummy-8] [qasync._windows._EventWorker/_windows.py:195]: Thread started
2025-12-23 19:52:08,172 [ERROR] [MainThread] [root/api.py:84]: Weather response error 401: API key is invalid.
2025-12-23 19:52:08,173 [WARNING] [MainThread] [root/weather.py:594]: Error processing weather data: Weather data is empty.. Retrying fetch in 10 seconds.
2025-12-23 19:52:08,173 [WARNING] [MainThread] [root/weather.py:594]: Error processing weather data: Weather data is empty.. Retrying fetch in 10 seconds.
2025-12-23 19:52:11,648 [DEBUG] [MainThread] [root/win32_accent.py:123]: Failed to apply settings: invalid literal for int() with base 16: ''
2025-12-23 19:52:18,374 [ERROR] [MainThread] [root/api.py:84]: Weather response error 401: API key is invalid.
2025-12-23 19:52:18,374 [WARNING] [MainThread] [root/weather.py:594]: Error processing weather data: Weather data is empty.. Retrying fetch in 10 seconds.
2025-12-23 19:52:18,375 [WARNING] [MainThread] [root/weather.py:594]: Error processing weather data: Weather data is empty.. Retrying fetch in 10 seconds.
2025-12-23 19:52:18,403 [ERROR] [MainThread] [root/api.py:84]: Weather response error 401: API key is invalid.
2025-12-23 19:52:28,578 [ERROR] [MainThread] [root/api.py:84]: Weather response error 401: API key is invalid.
2025-12-23 19:52:28,578 [WARNING] [MainThread] [root/weather.py:594]: Error processing weather data: Weather data is empty.. Retrying fetch in 10 seconds.
2025-12-23 19:52:28,578 [WARNING] [MainThread] [root/weather.py:594]: Error processing weather data: Weather data is empty.. Retrying fetch in 10 seconds.
2025-12-23 19:52:28,582 [ERROR] [MainThread] [root/api.py:84]: Weather response error 401: API key is invalid.
2025-12-23 19:52:38,774 [ERROR] [MainThread] [root/api.py:84]: Weather response error 401: API key is invalid.
2025-12-23 19:52:38,774 [WARNING] [MainThread] [root/weather.py:594]: Error processing weather data: Weather data is empty.. Retrying fetch in 10 seconds.
2025-12-23 19:52:38,775 [WARNING] [MainThread] [root/weather.py:594]: Error processing weather data: Weather data is empty.. Retrying fetch in 10 seconds.
2025-12-23 19:52:38,793 [ERROR] [MainThread] [root/api.py:84]: Weather response error 401: API key is invalid.
2025-12-23 19:52:42,510 [INFO] [Thread-1 (_run_server)] [cli_server/cli_server.py:253]: CLI server received command: stop
2025-12-23 19:52:42,510 [INFO] [Thread-1 (_run_server)] [root/controller.py:35]: Exiting Application from CLI...
2025-12-23 19:52:42,556 [INFO] [MainThread] [root/controller.py:15]: Reloading Application because of config change.
2025-12-23 19:52:42,623 [INFO] [Thread-1 (_run_server)] [cli_server/cli_server.py:112]: Log pipe server stopped
2025-12-23 19:52:42,623 [DEBUG] [Thread-1 (_run_server)] [cli_server/cli_server.py:206]: CLI server stopped
2025-12-23 19:52:42,672 [INFO] [MainThread] [cli_server/cli_server.py:112]: Log pipe server stopped
2025-12-23 19:52:42,672 [DEBUG] [MainThread] [cli_server/cli_server.py:206]: CLI server stopped
2025-12-23 19:52:42,895 [INFO] [MainThread] [root/log.py:69]: YASB v1.8.6
2025-12-23 19:52:42,896 [INFO] [Thread-1 (_run_server)] [cli_server/cli_server.py:212]: CLI server started v1.1.4
2025-12-23 19:52:42,896 [INFO] [MainThread] [cli_server/cli_server.py:104]: Log pipe server started
2025-12-23 19:52:42,896 [ERROR] [MainThread] [root/main.py:74]: Another instance of the YASB is already running.
2025-12-23 19:52:43,073 [INFO] [MainThread] [root/bar_manager.py:92]: Stopping SystemEventListener...
2025-12-23 19:52:43,073 [INFO] [MainThread] [root/bar_manager.py:92]: Stopping KomorebiEventListener...
2025-12-23 19:52:43,078 [INFO] [MainThread] [root/bar_manager.py:76]: Successfully loaded updated config and re-initialised all bars.
2025-12-23 19:52:43,107 [DEBUG] [MainThread] [qasync._windows._EventPoller/_windows.py:220]: Stopping worker thread...
2025-12-23 19:52:43,109 [DEBUG] [Dummy-8] [qasync._windows._EventWorker/_windows.py:204]: Exiting thread
2025-12-23 19:52:43,112 [DEBUG] [MainThread] [qasync._windows._IocpProactor/_windows.py:78]: Closing
2025-12-23 19:52:43,325 [INFO] [MainThread] [root/log.py:69]: YASB v1.8.6
2025-12-23 19:52:43,326 [INFO] [Thread-1 (_run_server)] [cli_server/cli_server.py:212]: CLI server started v1.1.4
2025-12-23 19:52:43,326 [INFO] [MainThread] [cli_server/cli_server.py:104]: Log pipe server started
2025-12-23 19:52:43,477 [ERROR] [MainThread] [root/weather.py:60]: API key or location is missing. Please provide a valid API key and location.
2025-12-23 19:52:43,646 [INFO] [MainThread] [root/service.py:48]: AudioOutputService starting...
2025-12-23 19:52:44,057 [DEBUG] [MainThread] [root/pin_manager.py:163]: Loaded 0 pinned apps from C:\Users\ratta\AppData\Local\YASB\taskbar_pinned.json
2025-12-23 19:52:44,161 [INFO] [MainThread] [core.utils.widgets.taskbar.window_manager/window_manager.py:191]: TaskbarWindowManager is starting...
2025-12-23 19:52:44,197 [ERROR] [MainThread] [root/weather.py:60]: API key or location is missing. Please provide a valid API key and location.
2025-12-23 19:52:44,643 [INFO] [MainThread] [root/bar_manager.py:85]: Starting WindowsNotificationEventListener...
2025-12-23 19:52:44,644 [INFO] [MainThread] [root/bar_manager.py:85]: Starting SystemEventListener...
2025-12-23 19:52:44,645 [INFO] [MainThread] [root/watcher.py:54]: Created file watcher for path C:\Users\ratta\.config\yasb
2025-12-23 19:52:44,686 [INFO] [MainThread] [root/update_service.py:409]: Background update checker started
2025-12-23 19:52:44,686 [DEBUG] [MainThread] [qasync._windows._EventPoller/_windows.py:215]: Starting (proactor: <_IocpProactor overlapped#=0 result#=0>)...
2025-12-23 19:52:44,688 [DEBUG] [Dummy-5] [qasync._windows._EventWorker/_windows.py:195]: Thread started
2025-12-23 19:52:44,689 [DEBUG] [MainThread] [systray_widget/systray.py:526]: Loading state from C:\Users\ratta\AppData\Local\YASB\systray_state_INCG27Q30UMB6CBWL.json
2025-12-23 19:52:44,691 [DEBUG] [SystrayMonitor] [systray_widget/systray.py:57]: Systray thread is starting...
2025-12-23 19:52:44,692 [DEBUG] [MainThread] [systray_widget/systray.py:526]: Loading state from C:\Users\ratta\AppData\Local\YASB\systray_state_EKLTDLU28R55H4ZMB00043.json
2025-12-23 19:52:44,727 [DEBUG] [MainThread] [systray_widget/systray.py:277]: Systray thread started
2025-12-23 19:52:44,927 [DEBUG] [SystrayMonitor] [systray_widget/systray_monitor.py:164]: Adding TaskbandHWND prop to hwnd 201934
2025-12-23 19:52:44,928 [DEBUG] [SystrayMonitor] [systray_widget/systray_monitor.py:242]: Finding real tray hwnd
2025-12-23 19:52:44,932 [DEBUG] [MainThread] [systray_widget/systray_monitor.py:157]: Sending TaskbarCreated message: 49339
2025-12-23 19:53:11,472 [ERROR] [Thread-7 (_run_after_command)] [root/wallpaper_manager.py:159]: error: 'wal' is not recognized as an internal or external command,
operable program or batch file.

2025-12-23 19:53:17,114 [ERROR] [Thread-12 (_run_after_command)] [root/wallpaper_manager.py:159]: error: 'wal' is not recognized as an internal or external command,
operable program or batch file.

2025-12-23 19:53:59,078 [INFO] [Thread-1 (_run_server)] [cli_server/cli_server.py:253]: CLI server received command: stop
2025-12-23 19:53:59,078 [INFO] [Thread-1 (_run_server)] [root/controller.py:35]: Exiting Application from CLI...
2025-12-23 19:53:59,184 [INFO] [Thread-1 (_run_server)] [cli_server/cli_server.py:112]: Log pipe server stopped
2025-12-23 19:53:59,184 [DEBUG] [Thread-1 (_run_server)] [cli_server/cli_server.py:206]: CLI server stopped
2025-12-23 19:53:59,487 [INFO] [MainThread] [root/bar_manager.py:92]: Stopping WindowsNotificationEventListener...
2025-12-23 19:53:59,487 [INFO] [MainThread] [root/bar_manager.py:92]: Stopping SystemEventListener...
2025-12-23 19:53:59,488 [INFO] [MainThread] [core.utils.widgets.taskbar.window_manager/window_manager.py:218]: TaskbarWindowManager stopped
2025-12-23 19:53:59,488 [DEBUG] [MainThread] [systray_widget/systray.py:504]: Saving state to disk
2025-12-23 19:53:59,488 [DEBUG] [MainThread] [systray_widget/systray.py:508]: Saving state to C:\Users\ratta\AppData\Local\YASB\systray_state_INCG27Q30UMB6CBWL.json
2025-12-23 19:53:59,489 [DEBUG] [MainThread] [systray_widget/utils.py:96]: Destroying window 201934
2025-12-23 19:53:59,489 [DEBUG] [MainThread] [systray_widget/systray.py:504]: Saving state to disk
2025-12-23 19:53:59,489 [DEBUG] [MainThread] [systray_widget/systray.py:508]: Saving state to C:\Users\ratta\AppData\Local\YASB\systray_state_EKLTDLU28R55H4ZMB00043.json
2025-12-23 19:53:59,490 [DEBUG] [MainThread] [systray_widget/utils.py:96]: Destroying window 201934
2025-12-23 19:53:59,505 [DEBUG] [MainThread] [qasync._windows._EventPoller/_windows.py:220]: Stopping worker thread...
2025-12-23 19:53:59,508 [DEBUG] [Dummy-5] [qasync._windows._EventWorker/_windows.py:204]: Exiting thread
2025-12-23 19:53:59,521 [DEBUG] [MainThread] [qasync._windows._IocpProactor/_windows.py:78]: Closing
2025-12-23 19:53:59,681 [DEBUG] [MainThread] [systray_widget/utils.py:96]: Destroying window 201934
2025-12-23 19:53:59,750 [INFO] [MainThread] [root/log.py:69]: YASB v1.8.6
2025-12-23 19:53:59,750 [INFO] [Thread-1 (_run_server)] [cli_server/cli_server.py:212]: CLI server started v1.1.4
2025-12-23 19:53:59,750 [INFO] [MainThread] [cli_server/cli_server.py:104]: Log pipe server started
2025-12-23 19:54:00,139 [INFO] [MainThread] [root/service.py:48]: AudioOutputService starting...
2025-12-23 19:54:00,192 [INFO] [MainThread] [root/api.py:60]: GitHubDataManager started...
2025-12-23 19:54:00,403 [INFO] [MainThread] [root/bar_manager.py:85]: Starting SystemEventListener...
2025-12-23 19:54:00,403 [INFO] [MainThread] [root/bar_manager.py:85]: Starting KomorebiEventListener...
2025-12-23 19:54:00,403 [INFO] [MainThread] [root/watcher.py:54]: Created file watcher for path C:\Users\ratta\.config\yasb
2025-12-23 19:54:00,418 [INFO] [Dummy-5] [root/event_listener.py:51]: Created named pipe yasb-73af342b-dffe-11f0-bffc-d843ae576946
2025-12-23 19:54:00,436 [INFO] [MainThread] [root/update_service.py:409]: Background update checker started
2025-12-23 19:54:00,436 [DEBUG] [MainThread] [qasync._windows._EventPoller/_windows.py:215]: Starting (proactor: <_IocpProactor overlapped#=0 result#=0>)...
2025-12-23 19:54:00,439 [DEBUG] [Dummy-8] [qasync._windows._EventWorker/_windows.py:195]: Thread started
2025-12-23 19:54:01,053 [ERROR] [MainThread] [root/api.py:84]: Weather response error 401: API key is invalid.
2025-12-23 19:54:01,053 [WARNING] [MainThread] [root/weather.py:594]: Error processing weather data: Weather data is empty.. Retrying fetch in 10 seconds.
2025-12-23 19:54:01,053 [WARNING] [MainThread] [root/weather.py:594]: Error processing weather data: Weather data is empty.. Retrying fetch in 10 seconds.
2025-12-23 19:54:07,733 [INFO] [Thread-1 (_run_server)] [cli_server/cli_server.py:253]: CLI server received command: stop
2025-12-23 19:54:07,733 [INFO] [Thread-1 (_run_server)] [root/controller.py:35]: Exiting Application from CLI...
2025-12-23 19:54:07,842 [INFO] [Thread-1 (_run_server)] [cli_server/cli_server.py:112]: Log pipe server stopped
2025-12-23 19:54:07,843 [DEBUG] [Thread-1 (_run_server)] [cli_server/cli_server.py:206]: CLI server stopped
2025-12-23 19:54:08,973 [INFO] [MainThread] [root/log.py:69]: YASB v1.8.6
2025-12-23 19:54:08,973 [INFO] [Thread-1 (_run_server)] [cli_server/cli_server.py:212]: CLI server started v1.1.4
2025-12-23 19:54:08,974 [INFO] [MainThread] [cli_server/cli_server.py:104]: Log pipe server started
2025-12-23 19:54:08,974 [ERROR] [MainThread] [root/main.py:74]: Another instance of the YASB is already running.
2025-12-23 19:54:09,063 [INFO] [MainThread] [root/bar_manager.py:92]: Stopping SystemEventListener...
2025-12-23 19:54:09,063 [INFO] [MainThread] [root/bar_manager.py:92]: Stopping KomorebiEventListener...
2025-12-23 19:54:09,104 [INFO] [MainThread] [root/controller.py:15]: Reloading Application because of config change.
2025-12-23 19:54:09,216 [INFO] [MainThread] [cli_server/cli_server.py:112]: Log pipe server stopped
2025-12-23 19:54:09,216 [DEBUG] [MainThread] [cli_server/cli_server.py:206]: CLI server stopped
2025-12-23 19:54:09,223 [INFO] [MainThread] [root/bar_manager.py:76]: Successfully loaded updated config and re-initialised all bars.
2025-12-23 19:54:09,226 [ERROR] [MainThread] [root/main.py:146]: Unhandled exception
Traceback (most recent call last):
  File "D:\a\yasb\yasb\src\core\widgets\yasb\media.py", line 632, in _update_interpolated_position
RuntimeError: wrapped C/C++ object of type MediaWidget has been deleted

During handling of the above exception, another exception occurred:

Traceback (most recent call last):
  File "D:\a\yasb\yasb\src\core\utils\widgets\media\media.py", line 395, in _interpolate_timeline
  File "D:\a\yasb\yasb\src\core\widgets\yasb\media.py", line 201, in <lambda>
  File "D:\a\yasb\yasb\src\core\widgets\yasb\media.py", line 658, in _update_interpolated_position
RuntimeError: wrapped C/C++ object of type MediaWidget has been deleted
2025-12-23 19:54:09,457 [INFO] [MainThread] [root/log.py:69]: YASB v1.8.6
2025-12-23 19:54:09,457 [INFO] [Thread-1 (_run_server)] [cli_server/cli_server.py:212]: CLI server started v1.1.4
2025-12-23 19:54:09,457 [INFO] [MainThread] [cli_server/cli_server.py:104]: Log pipe server started
2025-12-23 19:54:09,861 [INFO] [MainThread] [root/service.py:48]: AudioOutputService starting...
2025-12-23 19:54:10,059 [DEBUG] [MainThread] [root/pin_manager.py:163]: Loaded 0 pinned apps from C:\Users\ratta\AppData\Local\YASB\taskbar_pinned.json
2025-12-23 19:54:10,208 [INFO] [MainThread] [core.utils.widgets.taskbar.window_manager/window_manager.py:191]: TaskbarWindowManager is starting...
2025-12-23 19:54:10,655 [INFO] [MainThread] [root/bar_manager.py:85]: Starting SystemEventListener...
2025-12-23 19:54:10,655 [INFO] [MainThread] [root/bar_manager.py:85]: Starting KomorebiEventListener...
2025-12-23 19:54:10,655 [INFO] [MainThread] [root/watcher.py:54]: Created file watcher for path C:\Users\ratta\.config\yasb
2025-12-23 19:54:10,667 [INFO] [Dummy-5] [root/event_listener.py:51]: Created named pipe yasb-79cb8e1f-dffe-11f0-acfb-d843ae576946
2025-12-23 19:54:10,686 [INFO] [MainThread] [root/update_service.py:409]: Background update checker started
2025-12-23 19:54:10,686 [DEBUG] [MainThread] [qasync._windows._EventPoller/_windows.py:215]: Starting (proactor: <_IocpProactor overlapped#=0 result#=0>)...
2025-12-23 19:54:10,688 [DEBUG] [Dummy-8] [qasync._windows._EventWorker/_windows.py:195]: Thread started
2025-12-23 19:54:10,921 [ERROR] [MainThread] [root/api.py:84]: Weather response error 401: API key is invalid.
2025-12-23 19:54:10,921 [WARNING] [MainThread] [root/weather.py:594]: Error processing weather data: Weather data is empty.. Retrying fetch in 10 seconds.
2025-12-23 19:54:10,922 [WARNING] [MainThread] [root/weather.py:594]: Error processing weather data: Weather data is empty.. Retrying fetch in 10 seconds.
2025-12-23 19:54:21,460 [ERROR] [MainThread] [root/api.py:84]: Weather response error 401: API key is invalid.
2025-12-23 19:54:21,460 [WARNING] [MainThread] [root/weather.py:594]: Error processing weather data: Weather data is empty.. Retrying fetch in 10 seconds.
2025-12-23 19:54:21,460 [WARNING] [MainThread] [root/weather.py:594]: Error processing weather data: Weather data is empty.. Retrying fetch in 10 seconds.
2025-12-23 19:54:21,491 [ERROR] [MainThread] [root/api.py:84]: Weather response error 401: API key is invalid.
2025-12-23 19:54:23,085 [INFO] [Thread-1 (_run_server)] [cli_server/cli_server.py:253]: CLI server received command: stop
2025-12-23 19:54:23,085 [INFO] [Thread-1 (_run_server)] [root/controller.py:35]: Exiting Application from CLI...
2025-12-23 19:54:23,195 [INFO] [Thread-1 (_run_server)] [cli_server/cli_server.py:112]: Log pipe server stopped
2025-12-23 19:54:23,195 [DEBUG] [Thread-1 (_run_server)] [cli_server/cli_server.py:206]: CLI server stopped
2025-12-23 19:54:23,502 [INFO] [MainThread] [root/bar_manager.py:92]: Stopping SystemEventListener...
2025-12-23 19:54:23,503 [INFO] [MainThread] [root/bar_manager.py:92]: Stopping KomorebiEventListener...
2025-12-23 19:54:23,503 [INFO] [MainThread] [core.utils.widgets.taskbar.window_manager/window_manager.py:218]: TaskbarWindowManager stopped
2025-12-23 19:54:23,536 [DEBUG] [MainThread] [qasync._windows._EventPoller/_windows.py:220]: Stopping worker thread...
2025-12-23 19:54:23,542 [DEBUG] [Dummy-8] [qasync._windows._EventWorker/_windows.py:204]: Exiting thread
2025-12-23 19:54:23,548 [DEBUG] [MainThread] [qasync._windows._IocpProactor/_windows.py:78]: Closing
2025-12-23 19:54:24,330 [INFO] [MainThread] [root/log.py:69]: YASB v1.8.6
2025-12-23 19:54:24,330 [INFO] [Thread-1 (_run_server)] [cli_server/cli_server.py:212]: CLI server started v1.1.4
2025-12-23 19:54:24,330 [INFO] [MainThread] [cli_server/cli_server.py:104]: Log pipe server started
2025-12-23 19:54:24,730 [INFO] [MainThread] [root/service.py:48]: AudioOutputService starting...
2025-12-23 19:54:25,136 [INFO] [MainThread] [root/bar_manager.py:85]: Starting WindowsNotificationEventListener...
2025-12-23 19:54:25,136 [INFO] [MainThread] [root/bar_manager.py:85]: Starting SystemEventListener...
2025-12-23 19:54:25,136 [INFO] [MainThread] [root/watcher.py:54]: Created file watcher for path C:\Users\ratta\.config\yasb
2025-12-23 19:54:25,249 [INFO] [MainThread] [root/update_service.py:409]: Background update checker started
2025-12-23 19:54:25,249 [DEBUG] [MainThread] [qasync._windows._EventPoller/_windows.py:215]: Starting (proactor: <_IocpProactor overlapped#=0 result#=0>)...
2025-12-23 19:54:25,251 [DEBUG] [Dummy-5] [qasync._windows._EventWorker/_windows.py:195]: Thread started
2025-12-23 19:54:25,252 [DEBUG] [MainThread] [systray_widget/systray.py:526]: Loading state from C:\Users\ratta\AppData\Local\YASB\systray_state_INCG27Q30UMB6CBWL.json
2025-12-23 19:54:25,255 [DEBUG] [SystrayMonitor] [systray_widget/systray.py:57]: Systray thread is starting...
2025-12-23 19:54:25,284 [DEBUG] [MainThread] [systray_widget/systray.py:526]: Loading state from C:\Users\ratta\AppData\Local\YASB\systray_state_EKLTDLU28R55H4ZMB00043.json
2025-12-23 19:54:25,317 [DEBUG] [MainThread] [systray_widget/systray.py:277]: Systray thread started
2025-12-23 19:54:25,517 [DEBUG] [SystrayMonitor] [systray_widget/systray_monitor.py:164]: Adding TaskbandHWND prop to hwnd 595050
2025-12-23 19:54:25,518 [DEBUG] [SystrayMonitor] [systray_widget/systray_monitor.py:242]: Finding real tray hwnd
2025-12-23 19:54:25,522 [DEBUG] [MainThread] [systray_widget/systray_monitor.py:157]: Sending TaskbarCreated message: 49339
2025-12-23 19:54:25,651 [INFO] [MainThread] [root/api.py:69]: Fetching new weather data at 2025-12-23 19:54:25.651739
2025-12-23 19:54:41,064 [INFO] [Thread-1 (_run_server)] [cli_server/cli_server.py:253]: CLI server received command: stop
2025-12-23 19:54:41,065 [INFO] [Thread-1 (_run_server)] [root/controller.py:35]: Exiting Application from CLI...
2025-12-23 19:54:41,169 [INFO] [Thread-1 (_run_server)] [cli_server/cli_server.py:112]: Log pipe server stopped
2025-12-23 19:54:41,170 [DEBUG] [Thread-1 (_run_server)] [cli_server/cli_server.py:206]: CLI server stopped
2025-12-23 19:54:41,479 [INFO] [MainThread] [root/bar_manager.py:92]: Stopping WindowsNotificationEventListener...
2025-12-23 19:54:41,479 [INFO] [MainThread] [root/bar_manager.py:92]: Stopping SystemEventListener...
2025-12-23 19:54:41,480 [DEBUG] [MainThread] [systray_widget/systray.py:504]: Saving state to disk
2025-12-23 19:54:41,480 [DEBUG] [MainThread] [systray_widget/systray.py:508]: Saving state to C:\Users\ratta\AppData\Local\YASB\systray_state_INCG27Q30UMB6CBWL.json
2025-12-23 19:54:41,481 [DEBUG] [MainThread] [systray_widget/utils.py:96]: Destroying window 595050
2025-12-23 19:54:41,481 [DEBUG] [MainThread] [systray_widget/systray.py:504]: Saving state to disk
2025-12-23 19:54:41,482 [DEBUG] [MainThread] [systray_widget/systray.py:508]: Saving state to C:\Users\ratta\AppData\Local\YASB\systray_state_EKLTDLU28R55H4ZMB00043.json
2025-12-23 19:54:41,482 [DEBUG] [MainThread] [systray_widget/utils.py:96]: Destroying window 595050
2025-12-23 19:54:41,502 [DEBUG] [MainThread] [qasync._windows._EventPoller/_windows.py:220]: Stopping worker thread...
2025-12-23 19:54:41,515 [DEBUG] [Dummy-5] [qasync._windows._EventWorker/_windows.py:204]: Exiting thread
2025-12-23 19:54:41,540 [DEBUG] [MainThread] [qasync._windows._IocpProactor/_windows.py:78]: Closing
2025-12-23 19:54:41,641 [DEBUG] [MainThread] [systray_widget/utils.py:96]: Destroying window 595050
2025-12-23 19:54:42,356 [INFO] [MainThread] [root/log.py:69]: YASB v1.8.6
2025-12-23 19:54:42,356 [INFO] [Thread-1 (_run_server)] [cli_server/cli_server.py:212]: CLI server started v1.1.4
2025-12-23 19:54:42,357 [INFO] [MainThread] [cli_server/cli_server.py:104]: Log pipe server started
2025-12-23 19:54:42,568 [ERROR] [MainThread] [root/weather.py:60]: API key or location is missing. Please provide a valid API key and location.
2025-12-23 19:54:42,590 [INFO] [MainThread] [root/service.py:48]: AudioOutputService starting...
2025-12-23 19:54:42,964 [ERROR] [MainThread] [root/weather.py:60]: API key or location is missing. Please provide a valid API key and location.
2025-12-23 19:54:43,011 [INFO] [MainThread] [root/bar_manager.py:85]: Starting WindowsNotificationEventListener...
2025-12-23 19:54:43,012 [INFO] [MainThread] [root/bar_manager.py:85]: Starting KomorebiEventListener...
2025-12-23 19:54:43,012 [INFO] [MainThread] [root/watcher.py:54]: Created file watcher for path C:\Users\ratta\.config\yasb
2025-12-23 19:54:43,077 [INFO] [Dummy-5] [root/event_listener.py:51]: Created named pipe yasb-8d14c644-dffe-11f0-8c6b-d843ae576946
2025-12-23 19:54:43,178 [INFO] [MainThread] [root/update_service.py:409]: Background update checker started
2025-12-23 19:54:43,178 [DEBUG] [MainThread] [qasync._windows._EventPoller/_windows.py:215]: Starting (proactor: <_IocpProactor overlapped#=0 result#=0>)...
2025-12-23 19:54:43,184 [DEBUG] [Dummy-8] [qasync._windows._EventWorker/_windows.py:195]: Thread started
2025-12-23 19:54:53,226 [INFO] [Thread-1 (_run_server)] [cli_server/cli_server.py:253]: CLI server received command: stop
2025-12-23 19:54:53,226 [INFO] [Thread-1 (_run_server)] [root/controller.py:35]: Exiting Application from CLI...
2025-12-23 19:54:53,333 [INFO] [Thread-1 (_run_server)] [cli_server/cli_server.py:112]: Log pipe server stopped
2025-12-23 19:54:53,333 [DEBUG] [Thread-1 (_run_server)] [cli_server/cli_server.py:206]: CLI server stopped
2025-12-23 19:54:53,719 [INFO] [MainThread] [root/bar_manager.py:92]: Stopping WindowsNotificationEventListener...
2025-12-23 19:54:53,720 [INFO] [MainThread] [root/bar_manager.py:92]: Stopping KomorebiEventListener...
2025-12-23 19:54:53,728 [DEBUG] [MainThread] [qasync._windows._EventPoller/_windows.py:220]: Stopping worker thread...
2025-12-23 19:54:53,742 [DEBUG] [Dummy-8] [qasync._windows._EventWorker/_windows.py:204]: Exiting thread
2025-12-23 19:54:53,745 [DEBUG] [MainThread] [qasync._windows._IocpProactor/_windows.py:78]: Closing
2025-12-23 19:54:54,705 [INFO] [MainThread] [root/log.py:69]: YASB v1.8.6
2025-12-23 19:54:54,706 [INFO] [Thread-1 (_run_server)] [cli_server/cli_server.py:212]: CLI server started v1.1.4
2025-12-23 19:54:54,706 [INFO] [MainThread] [cli_server/cli_server.py:104]: Log pipe server started
2025-12-23 19:54:55,067 [INFO] [MainThread] [root/service.py:48]: AudioOutputService starting...
2025-12-23 19:54:55,174 [DEBUG] [MainThread] [root/pin_manager.py:163]: Loaded 0 pinned apps from C:\Users\ratta\AppData\Local\YASB\taskbar_pinned.json
2025-12-23 19:54:55,358 [INFO] [MainThread] [core.utils.widgets.taskbar.window_manager/window_manager.py:191]: TaskbarWindowManager is starting...
2025-12-23 19:54:55,861 [INFO] [MainThread] [root/bar_manager.py:85]: Starting KomorebiEventListener...
2025-12-23 19:54:55,861 [INFO] [MainThread] [root/bar_manager.py:85]: Starting WindowsNotificationEventListener...
2025-12-23 19:54:55,862 [INFO] [MainThread] [root/watcher.py:54]: Created file watcher for path C:\Users\ratta\.config\yasb
2025-12-23 19:54:55,881 [INFO] [Dummy-5] [root/event_listener.py:51]: Created named pipe yasb-94bd67ce-dffe-11f0-9260-d843ae576946
2025-12-23 19:54:55,917 [INFO] [MainThread] [root/update_service.py:409]: Background update checker started
2025-12-23 19:54:55,917 [DEBUG] [MainThread] [qasync._windows._EventPoller/_windows.py:215]: Starting (proactor: <_IocpProactor overlapped#=0 result#=0>)...
2025-12-23 19:54:55,921 [DEBUG] [Dummy-8] [qasync._windows._EventWorker/_windows.py:195]: Thread started
2025-12-23 19:54:56,301 [INFO] [MainThread] [root/api.py:69]: Fetching new weather data at 2025-12-23 19:54:56.301918
2025-12-23 19:55:22,503 [INFO] [Thread-1 (_run_server)] [cli_server/cli_server.py:253]: CLI server received command: stop
2025-12-23 19:55:22,503 [INFO] [Thread-1 (_run_server)] [root/controller.py:35]: Exiting Application from CLI...
2025-12-23 19:55:22,616 [INFO] [Thread-1 (_run_server)] [cli_server/cli_server.py:112]: Log pipe server stopped
2025-12-23 19:55:22,616 [DEBUG] [Thread-1 (_run_server)] [cli_server/cli_server.py:206]: CLI server stopped
2025-12-23 19:55:22,981 [INFO] [MainThread] [root/bar_manager.py:92]: Stopping KomorebiEventListener...
2025-12-23 19:55:22,981 [INFO] [MainThread] [root/bar_manager.py:92]: Stopping WindowsNotificationEventListener...
2025-12-23 19:55:22,985 [INFO] [MainThread] [core.utils.widgets.taskbar.window_manager/window_manager.py:218]: TaskbarWindowManager stopped
2025-12-23 19:55:23,036 [DEBUG] [MainThread] [qasync._windows._EventPoller/_windows.py:220]: Stopping worker thread...
2025-12-23 19:55:23,051 [DEBUG] [Dummy-8] [qasync._windows._EventWorker/_windows.py:204]: Exiting thread
2025-12-23 19:55:23,054 [DEBUG] [MainThread] [qasync._windows._IocpProactor/_windows.py:78]: Closing
2025-12-23 19:55:23,829 [INFO] [MainThread] [root/log.py:69]: YASB v1.8.6
2025-12-23 19:55:23,829 [INFO] [Thread-1 (_run_server)] [cli_server/cli_server.py:212]: CLI server started v1.1.4
2025-12-23 19:55:23,829 [INFO] [MainThread] [cli_server/cli_server.py:104]: Log pipe server started
2025-12-23 19:55:24,185 [INFO] [MainThread] [root/service.py:48]: AudioOutputService starting...
2025-12-23 19:55:24,237 [INFO] [MainThread] [root/api.py:60]: GitHubDataManager started...
2025-12-23 19:55:24,623 [INFO] [MainThread] [root/bar_manager.py:85]: Starting KomorebiEventListener...
2025-12-23 19:55:24,624 [INFO] [MainThread] [root/bar_manager.py:85]: Starting SystemEventListener...
2025-12-23 19:55:24,624 [INFO] [MainThread] [root/watcher.py:54]: Created file watcher for path C:\Users\ratta\.config\yasb
2025-12-23 19:55:24,719 [INFO] [Dummy-5] [root/event_listener.py:51]: Created named pipe yasb-a5e2401f-dffe-11f0-b2b0-d843ae576946
2025-12-23 19:55:24,744 [INFO] [MainThread] [root/update_service.py:409]: Background update checker started
2025-12-23 19:55:24,744 [DEBUG] [MainThread] [qasync._windows._EventPoller/_windows.py:215]: Starting (proactor: <_IocpProactor overlapped#=0 result#=0>)...
2025-12-23 19:55:24,748 [DEBUG] [Dummy-8] [qasync._windows._EventWorker/_windows.py:195]: Thread started
2025-12-23 19:55:25,034 [ERROR] [MainThread] [root/api.py:84]: Weather response error 401: API key is invalid.
2025-12-23 19:55:25,034 [WARNING] [MainThread] [root/weather.py:594]: Error processing weather data: Weather data is empty.. Retrying fetch in 10 seconds.
2025-12-23 19:55:25,035 [WARNING] [MainThread] [root/weather.py:594]: Error processing weather data: Weather data is empty.. Retrying fetch in 10 seconds.
2025-12-23 19:55:35,333 [ERROR] [MainThread] [root/api.py:84]: Weather response error 401: API key is invalid.
2025-12-23 19:55:35,334 [WARNING] [MainThread] [root/weather.py:594]: Error processing weather data: Weather data is empty.. Retrying fetch in 10 seconds.
2025-12-23 19:55:35,334 [WARNING] [MainThread] [root/weather.py:594]: Error processing weather data: Weather data is empty.. Retrying fetch in 10 seconds.
2025-12-23 19:55:35,829 [ERROR] [MainThread] [root/api.py:84]: Weather response error 401: API key is invalid.
2025-12-23 19:55:40,333 [DEBUG] [MainThread] [root/win32_accent.py:123]: Failed to apply settings: invalid literal for int() with base 16: ''
2025-12-23 19:55:45,526 [ERROR] [MainThread] [root/api.py:84]: Weather response error 401: API key is invalid.
2025-12-23 19:55:45,526 [WARNING] [MainThread] [root/weather.py:594]: Error processing weather data: Weather data is empty.. Retrying fetch in 10 seconds.
2025-12-23 19:55:45,527 [WARNING] [MainThread] [root/weather.py:594]: Error processing weather data: Weather data is empty.. Retrying fetch in 10 seconds.
2025-12-23 19:55:45,551 [ERROR] [MainThread] [root/api.py:84]: Weather response error 401: API key is invalid.
2025-12-23 19:55:53,958 [INFO] [Thread-1 (_run_server)] [cli_server/cli_server.py:253]: CLI server received command: stop
2025-12-23 19:55:53,959 [INFO] [Thread-1 (_run_server)] [root/controller.py:35]: Exiting Application from CLI...
2025-12-23 19:55:54,067 [INFO] [Thread-1 (_run_server)] [cli_server/cli_server.py:112]: Log pipe server stopped
2025-12-23 19:55:54,067 [DEBUG] [Thread-1 (_run_server)] [cli_server/cli_server.py:206]: CLI server stopped
2025-12-23 19:55:54,446 [INFO] [MainThread] [root/bar_manager.py:92]: Stopping KomorebiEventListener...
2025-12-23 19:55:54,446 [INFO] [MainThread] [root/bar_manager.py:92]: Stopping SystemEventListener...
2025-12-23 19:55:54,496 [DEBUG] [MainThread] [qasync._windows._EventPoller/_windows.py:220]: Stopping worker thread...
2025-12-23 19:55:54,505 [DEBUG] [Dummy-8] [qasync._windows._EventWorker/_windows.py:204]: Exiting thread
2025-12-23 19:55:54,510 [DEBUG] [MainThread] [qasync._windows._IocpProactor/_windows.py:78]: Closing
2025-12-23 19:55:55,151 [INFO] [MainThread] [root/log.py:69]: YASB v1.8.6
2025-12-23 19:55:55,152 [INFO] [Thread-1 (_run_server)] [cli_server/cli_server.py:212]: CLI server started v1.1.4
2025-12-23 19:55:55,152 [INFO] [MainThread] [cli_server/cli_server.py:104]: Log pipe server started
2025-12-23 19:55:55,514 [INFO] [MainThread] [root/service.py:48]: AudioOutputService starting...
2025-12-23 19:55:56,111 [INFO] [MainThread] [root/watcher.py:54]: Created file watcher for path C:\Users\ratta\.config\yasb
2025-12-23 19:55:56,142 [INFO] [MainThread] [root/update_service.py:409]: Background update checker started
2025-12-23 19:55:56,142 [DEBUG] [MainThread] [qasync._windows._EventPoller/_windows.py:215]: Starting (proactor: <_IocpProactor overlapped#=0 result#=0>)...
2025-12-23 19:55:56,145 [DEBUG] [Dummy-5] [qasync._windows._EventWorker/_windows.py:195]: Thread started
2025-12-23 19:55:57,273 [INFO] [MainThread] [root/api.py:69]: Fetching new weather data at 2025-12-23 19:55:57.273192
2025-12-23 19:56:11,508 [INFO] [Thread-1 (_run_server)] [cli_server/cli_server.py:253]: CLI server received command: stop
2025-12-23 19:56:11,509 [INFO] [Thread-1 (_run_server)] [root/controller.py:35]: Exiting Application from CLI...
2025-12-23 19:56:11,610 [INFO] [Thread-1 (_run_server)] [cli_server/cli_server.py:112]: Log pipe server stopped
2025-12-23 19:56:11,611 [DEBUG] [Thread-1 (_run_server)] [cli_server/cli_server.py:206]: CLI server stopped
2025-12-23 19:56:12,085 [DEBUG] [MainThread] [qasync._windows._EventPoller/_windows.py:220]: Stopping worker thread...
2025-12-23 19:56:12,091 [DEBUG] [Dummy-5] [qasync._windows._EventWorker/_windows.py:204]: Exiting thread
2025-12-23 19:56:12,095 [DEBUG] [MainThread] [qasync._windows._IocpProactor/_windows.py:78]: Closing
2025-12-23 19:56:12,835 [INFO] [MainThread] [root/log.py:69]: YASB v1.8.6
2025-12-23 19:56:12,835 [INFO] [Thread-1 (_run_server)] [cli_server/cli_server.py:212]: CLI server started v1.1.4
2025-12-23 19:56:12,835 [INFO] [MainThread] [cli_server/cli_server.py:104]: Log pipe server started
2025-12-23 19:56:13,001 [INFO] [MainThread] [root/service.py:48]: AudioOutputService starting...
2025-12-23 19:56:13,579 [INFO] [MainThread] [root/bar_manager.py:85]: Starting KomorebiEventListener...
2025-12-23 19:56:13,579 [INFO] [MainThread] [root/watcher.py:54]: Created file watcher for path C:\Users\ratta\.config\yasb
2025-12-23 19:56:13,667 [INFO] [Dummy-5] [root/event_listener.py:51]: Created named pipe yasb-c3103442-dffe-11f0-98bb-d843ae576946
2025-12-23 19:56:13,689 [INFO] [MainThread] [root/update_service.py:409]: Background update checker started
2025-12-23 19:56:13,689 [DEBUG] [MainThread] [qasync._windows._EventPoller/_windows.py:215]: Starting (proactor: <_IocpProactor overlapped#=0 result#=0>)...
2025-12-23 19:56:13,693 [DEBUG] [Dummy-8] [qasync._windows._EventWorker/_windows.py:195]: Thread started
2025-12-23 19:56:13,887 [INFO] [MainThread] [root/api.py:69]: Fetching new weather data at 2025-12-23 19:56:13.887543
2025-12-23 19:56:21,840 [INFO] [Thread-1 (_run_server)] [cli_server/cli_server.py:253]: CLI server received command: stop
2025-12-23 19:56:21,840 [INFO] [Thread-1 (_run_server)] [root/controller.py:35]: Exiting Application from CLI...
2025-12-23 19:56:21,953 [INFO] [Thread-1 (_run_server)] [cli_server/cli_server.py:112]: Log pipe server stopped
2025-12-23 19:56:21,953 [DEBUG] [Thread-1 (_run_server)] [cli_server/cli_server.py:206]: CLI server stopped
2025-12-23 19:56:22,303 [INFO] [MainThread] [root/bar_manager.py:92]: Stopping KomorebiEventListener...
2025-12-23 19:56:22,358 [DEBUG] [MainThread] [qasync._windows._EventPoller/_windows.py:220]: Stopping worker thread...
2025-12-23 19:56:22,358 [DEBUG] [Dummy-8] [qasync._windows._EventWorker/_windows.py:204]: Exiting thread
2025-12-23 19:56:22,364 [DEBUG] [MainThread] [qasync._windows._IocpProactor/_windows.py:78]: Closing
2025-12-23 19:56:23,192 [INFO] [MainThread] [root/log.py:69]: YASB v1.8.6
2025-12-23 19:56:23,193 [INFO] [Thread-1 (_run_server)] [cli_server/cli_server.py:212]: CLI server started v1.1.4
2025-12-23 19:56:23,193 [INFO] [MainThread] [cli_server/cli_server.py:104]: Log pipe server started
2025-12-23 19:56:23,374 [INFO] [MainThread] [root/service.py:48]: AudioOutputService starting...
2025-12-23 19:56:23,767 [DEBUG] [MainThread] [root/pin_manager.py:163]: Loaded 0 pinned apps from C:\Users\ratta\AppData\Local\YASB\taskbar_pinned.json
2025-12-23 19:56:24,016 [INFO] [MainThread] [core.utils.widgets.taskbar.window_manager/window_manager.py:191]: TaskbarWindowManager is starting...
2025-12-23 19:56:24,490 [INFO] [MainThread] [root/bar_manager.py:85]: Starting KomorebiEventListener...
2025-12-23 19:56:24,490 [INFO] [MainThread] [root/bar_manager.py:85]: Starting SystemEventListener...
2025-12-23 19:56:24,491 [INFO] [MainThread] [root/watcher.py:54]: Created file watcher for path C:\Users\ratta\.config\yasb
2025-12-23 19:56:24,516 [INFO] [Dummy-5] [root/event_listener.py:51]: Created named pipe yasb-c9912df5-dffe-11f0-ac2d-d843ae576946
2025-12-23 19:56:24,534 [INFO] [MainThread] [root/update_service.py:409]: Background update checker started
2025-12-23 19:56:24,534 [DEBUG] [MainThread] [qasync._windows._EventPoller/_windows.py:215]: Starting (proactor: <_IocpProactor overlapped#=0 result#=0>)...
2025-12-23 19:56:24,537 [DEBUG] [Dummy-8] [qasync._windows._EventWorker/_windows.py:195]: Thread started
2025-12-23 19:56:25,368 [ERROR] [MainThread] [root/api.py:82]: Weather API invalid JSON response: Expecting value: line 1 column 1 (char 0)
2025-12-23 19:56:25,368 [WARNING] [MainThread] [root/weather.py:594]: Error processing weather data: Weather data is empty.. Retrying fetch in 10 seconds.
2025-12-23 19:56:25,369 [WARNING] [MainThread] [root/weather.py:594]: Error processing weather data: Weather data is empty.. Retrying fetch in 10 seconds.
2025-12-23 19:56:35,421 [ERROR] [MainThread] [root/api.py:82]: Weather API invalid JSON response: Expecting value: line 1 column 1 (char 0)
2025-12-23 19:56:35,421 [WARNING] [MainThread] [root/weather.py:594]: Error processing weather data: Weather data is empty.. Retrying fetch in 10 seconds.
2025-12-23 19:56:35,421 [WARNING] [MainThread] [root/weather.py:594]: Error processing weather data: Weather data is empty.. Retrying fetch in 10 seconds.
2025-12-23 19:56:35,446 [ERROR] [MainThread] [root/api.py:82]: Weather API invalid JSON response: Expecting value: line 1 column 1 (char 0)
2025-12-23 19:56:40,866 [INFO] [Thread-1 (_run_server)] [cli_server/cli_server.py:253]: CLI server received command: stop
2025-12-23 19:56:40,866 [INFO] [Thread-1 (_run_server)] [root/controller.py:35]: Exiting Application from CLI...
2025-12-23 19:56:40,977 [INFO] [Thread-1 (_run_server)] [cli_server/cli_server.py:112]: Log pipe server stopped
2025-12-23 19:56:40,977 [DEBUG] [Thread-1 (_run_server)] [cli_server/cli_server.py:206]: CLI server stopped
2025-12-23 19:56:41,364 [INFO] [MainThread] [root/bar_manager.py:92]: Stopping KomorebiEventListener...
2025-12-23 19:56:41,365 [INFO] [MainThread] [root/bar_manager.py:92]: Stopping SystemEventListener...
2025-12-23 19:56:41,366 [INFO] [MainThread] [core.utils.widgets.taskbar.window_manager/window_manager.py:218]: TaskbarWindowManager stopped
2025-12-23 19:56:41,417 [DEBUG] [MainThread] [qasync._windows._EventPoller/_windows.py:220]: Stopping worker thread...
2025-12-23 19:56:41,429 [DEBUG] [Dummy-8] [qasync._windows._EventWorker/_windows.py:204]: Exiting thread
2025-12-23 19:56:41,434 [DEBUG] [MainThread] [qasync._windows._IocpProactor/_windows.py:78]: Closing
2025-12-23 19:56:42,083 [INFO] [MainThread] [root/log.py:69]: YASB v1.8.6
2025-12-23 19:56:42,083 [INFO] [Thread-1 (_run_server)] [cli_server/cli_server.py:212]: CLI server started v1.1.4
2025-12-23 19:56:42,084 [INFO] [MainThread] [cli_server/cli_server.py:104]: Log pipe server started
2025-12-23 19:56:42,587 [INFO] [MainThread] [root/service.py:48]: AudioOutputService starting...
2025-12-23 19:56:42,941 [INFO] [MainThread] [root/bar_manager.py:85]: Starting SystemEventListener...
2025-12-23 19:56:42,942 [INFO] [MainThread] [root/bar_manager.py:85]: Starting KomorebiEventListener...
2025-12-23 19:56:42,942 [INFO] [MainThread] [root/watcher.py:54]: Created file watcher for path C:\Users\ratta\.config\yasb
2025-12-23 19:56:43,025 [INFO] [Dummy-5] [root/event_listener.py:51]: Created named pipe yasb-d490a494-dffe-11f0-a676-d843ae576946
2025-12-23 19:56:43,051 [INFO] [MainThread] [root/update_service.py:409]: Background update checker started
2025-12-23 19:56:43,051 [DEBUG] [MainThread] [qasync._windows._EventPoller/_windows.py:215]: Starting (proactor: <_IocpProactor overlapped#=0 result#=0>)...
2025-12-23 19:56:43,055 [DEBUG] [Dummy-8] [qasync._windows._EventWorker/_windows.py:195]: Thread started
2025-12-23 19:56:43,172 [INFO] [MainThread] [root/api.py:69]: Fetching new weather data at 2025-12-23 19:56:43.172936
2025-12-23 19:56:57,284 [INFO] [Thread-1 (_run_server)] [cli_server/cli_server.py:253]: CLI server received command: stop
2025-12-23 19:56:57,284 [INFO] [Thread-1 (_run_server)] [root/controller.py:35]: Exiting Application from CLI...
2025-12-23 19:56:57,395 [INFO] [Thread-1 (_run_server)] [cli_server/cli_server.py:112]: Log pipe server stopped
2025-12-23 19:56:57,395 [DEBUG] [Thread-1 (_run_server)] [cli_server/cli_server.py:206]: CLI server stopped
2025-12-23 19:56:57,754 [INFO] [MainThread] [root/bar_manager.py:92]: Stopping SystemEventListener...
2025-12-23 19:56:57,754 [INFO] [MainThread] [root/bar_manager.py:92]: Stopping KomorebiEventListener...
2025-12-23 19:56:57,818 [DEBUG] [MainThread] [qasync._windows._EventPoller/_windows.py:220]: Stopping worker thread...
2025-12-23 19:56:57,818 [DEBUG] [Dummy-8] [qasync._windows._EventWorker/_windows.py:204]: Exiting thread
2025-12-23 19:56:57,823 [DEBUG] [MainThread] [qasync._windows._IocpProactor/_windows.py:78]: Closing
2025-12-23 19:56:58,516 [INFO] [MainThread] [root/log.py:69]: YASB v1.8.6
2025-12-23 19:56:58,517 [INFO] [Thread-1 (_run_server)] [cli_server/cli_server.py:212]: CLI server started v1.1.4
2025-12-23 19:56:58,517 [INFO] [MainThread] [cli_server/cli_server.py:104]: Log pipe server started
2025-12-23 19:56:58,946 [INFO] [MainThread] [root/service.py:48]: AudioOutputService starting...
2025-12-23 19:56:59,046 [DEBUG] [MainThread] [root/pin_manager.py:163]: Loaded 0 pinned apps from C:\Users\ratta\AppData\Local\YASB\taskbar_pinned.json
2025-12-23 19:56:59,257 [INFO] [MainThread] [core.utils.widgets.taskbar.window_manager/window_manager.py:191]: TaskbarWindowManager is starting...
2025-12-23 19:56:59,678 [INFO] [MainThread] [root/bar_manager.py:85]: Starting SystemEventListener...
2025-12-23 19:56:59,678 [INFO] [MainThread] [root/bar_manager.py:85]: Starting KomorebiEventListener...
2025-12-23 19:56:59,678 [INFO] [MainThread] [root/watcher.py:54]: Created file watcher for path C:\Users\ratta\.config\yasb
2025-12-23 19:56:59,679 [INFO] [Dummy-5] [root/event_listener.py:51]: Created named pipe yasb-de8a62e2-dffe-11f0-84cb-d843ae576946
2025-12-23 19:56:59,707 [INFO] [MainThread] [root/update_service.py:409]: Background update checker started
2025-12-23 19:56:59,707 [DEBUG] [MainThread] [qasync._windows._EventPoller/_windows.py:215]: Starting (proactor: <_IocpProactor overlapped#=0 result#=0>)...
2025-12-23 19:56:59,708 [DEBUG] [Dummy-8] [qasync._windows._EventWorker/_windows.py:195]: Thread started
2025-12-23 19:56:59,884 [INFO] [MainThread] [root/api.py:69]: Fetching new weather data at 2025-12-23 19:56:59.883938
2025-12-23 19:57:25,882 [INFO] [Thread-1 (_run_server)] [cli_server/cli_server.py:253]: CLI server received command: stop
2025-12-23 19:57:25,882 [INFO] [Thread-1 (_run_server)] [root/controller.py:35]: Exiting Application from CLI...
2025-12-23 19:57:25,983 [INFO] [Thread-1 (_run_server)] [cli_server/cli_server.py:112]: Log pipe server stopped
2025-12-23 19:57:25,983 [DEBUG] [Thread-1 (_run_server)] [cli_server/cli_server.py:206]: CLI server stopped
2025-12-23 19:57:26,323 [INFO] [MainThread] [root/bar_manager.py:92]: Stopping SystemEventListener...
2025-12-23 19:57:26,323 [INFO] [MainThread] [root/bar_manager.py:92]: Stopping KomorebiEventListener...
2025-12-23 19:57:26,324 [INFO] [MainThread] [core.utils.widgets.taskbar.window_manager/window_manager.py:218]: TaskbarWindowManager stopped
2025-12-23 19:57:26,386 [DEBUG] [MainThread] [qasync._windows._EventPoller/_windows.py:220]: Stopping worker thread...
2025-12-23 19:57:26,389 [DEBUG] [Dummy-8] [qasync._windows._EventWorker/_windows.py:204]: Exiting thread
2025-12-23 19:57:26,394 [DEBUG] [MainThread] [qasync._windows._IocpProactor/_windows.py:78]: Closing
2025-12-23 19:57:27,129 [INFO] [MainThread] [root/log.py:69]: YASB v1.8.6
2025-12-23 19:57:27,129 [INFO] [Thread-1 (_run_server)] [cli_server/cli_server.py:212]: CLI server started v1.1.4
2025-12-23 19:57:27,130 [INFO] [MainThread] [cli_server/cli_server.py:104]: Log pipe server started
2025-12-23 19:57:27,552 [INFO] [MainThread] [root/service.py:48]: AudioOutputService starting...
2025-12-23 19:57:27,933 [INFO] [MainThread] [root/bar_manager.py:85]: Starting SystemEventListener...
2025-12-23 19:57:27,941 [INFO] [MainThread] [root/bar_manager.py:85]: Starting KomorebiEventListener...
2025-12-23 19:57:27,941 [INFO] [MainThread] [root/watcher.py:54]: Created file watcher for path C:\Users\ratta\.config\yasb
2025-12-23 19:57:28,032 [INFO] [Dummy-5] [root/event_listener.py:51]: Created named pipe yasb-ef62fa8d-dffe-11f0-9ee8-d843ae576946
2025-12-23 19:57:28,063 [INFO] [MainThread] [root/update_service.py:409]: Background update checker started
2025-12-23 19:57:28,063 [DEBUG] [MainThread] [qasync._windows._EventPoller/_windows.py:215]: Starting (proactor: <_IocpProactor overlapped#=0 result#=0>)...
2025-12-23 19:57:28,068 [DEBUG] [Dummy-8] [qasync._windows._EventWorker/_windows.py:195]: Thread started
2025-12-23 19:57:28,357 [INFO] [MainThread] [root/api.py:69]: Fetching new weather data at 2025-12-23 19:57:28.357829
2025-12-23 19:57:42,295 [INFO] [Thread-1 (_run_server)] [cli_server/cli_server.py:253]: CLI server received command: stop
2025-12-23 19:57:42,295 [INFO] [Thread-1 (_run_server)] [root/controller.py:35]: Exiting Application from CLI...
2025-12-23 19:57:42,404 [INFO] [Thread-1 (_run_server)] [cli_server/cli_server.py:112]: Log pipe server stopped
2025-12-23 19:57:42,404 [DEBUG] [Thread-1 (_run_server)] [cli_server/cli_server.py:206]: CLI server stopped
2025-12-23 19:57:42,804 [INFO] [MainThread] [root/bar_manager.py:92]: Stopping SystemEventListener...
2025-12-23 19:57:42,804 [INFO] [MainThread] [root/bar_manager.py:92]: Stopping KomorebiEventListener...
2025-12-23 19:57:42,876 [DEBUG] [MainThread] [qasync._windows._EventPoller/_windows.py:220]: Stopping worker thread...
2025-12-23 19:57:42,888 [DEBUG] [Dummy-8] [qasync._windows._EventWorker/_windows.py:204]: Exiting thread
2025-12-23 19:57:42,891 [DEBUG] [MainThread] [qasync._windows._IocpProactor/_windows.py:78]: Closing
2025-12-23 19:57:43,537 [INFO] [MainThread] [root/log.py:69]: YASB v1.8.6
2025-12-23 19:57:43,537 [INFO] [Thread-1 (_run_server)] [cli_server/cli_server.py:212]: CLI server started v1.1.4
2025-12-23 19:57:43,538 [INFO] [MainThread] [cli_server/cli_server.py:104]: Log pipe server started
2025-12-23 19:57:43,916 [INFO] [MainThread] [root/service.py:48]: AudioOutputService starting...
2025-12-23 19:57:44,350 [INFO] [MainThread] [root/bar_manager.py:85]: Starting KomorebiEventListener...
2025-12-23 19:57:44,350 [INFO] [MainThread] [root/bar_manager.py:85]: Starting SystemEventListener...
2025-12-23 19:57:44,351 [INFO] [MainThread] [root/watcher.py:54]: Created file watcher for path C:\Users\ratta\.config\yasb
2025-12-23 19:57:44,428 [INFO] [Dummy-5] [root/event_listener.py:51]: Created named pipe yasb-f92ad49f-dffe-11f0-9457-d843ae576946
2025-12-23 19:57:44,456 [INFO] [MainThread] [root/update_service.py:409]: Background update checker started
2025-12-23 19:57:44,457 [DEBUG] [MainThread] [qasync._windows._EventPoller/_windows.py:215]: Starting (proactor: <_IocpProactor overlapped#=0 result#=0>)...
2025-12-23 19:57:44,461 [DEBUG] [Dummy-8] [qasync._windows._EventWorker/_windows.py:195]: Thread started
2025-12-23 19:57:44,638 [INFO] [MainThread] [root/api.py:69]: Fetching new weather data at 2025-12-23 19:57:44.638115
2025-12-23 19:57:58,722 [INFO] [Thread-1 (_run_server)] [cli_server/cli_server.py:253]: CLI server received command: stop
2025-12-23 19:57:58,722 [INFO] [Thread-1 (_run_server)] [root/controller.py:35]: Exiting Application from CLI...
2025-12-23 19:57:58,830 [INFO] [Thread-1 (_run_server)] [cli_server/cli_server.py:112]: Log pipe server stopped
2025-12-23 19:57:58,830 [DEBUG] [Thread-1 (_run_server)] [cli_server/cli_server.py:206]: CLI server stopped
2025-12-23 19:57:59,162 [INFO] [MainThread] [root/bar_manager.py:92]: Stopping KomorebiEventListener...
2025-12-23 19:57:59,162 [INFO] [MainThread] [root/bar_manager.py:92]: Stopping SystemEventListener...
2025-12-23 19:57:59,229 [DEBUG] [MainThread] [qasync._windows._EventPoller/_windows.py:220]: Stopping worker thread...
2025-12-23 19:57:59,237 [DEBUG] [Dummy-8] [qasync._windows._EventWorker/_windows.py:204]: Exiting thread
2025-12-23 19:57:59,242 [DEBUG] [MainThread] [qasync._windows._IocpProactor/_windows.py:78]: Closing
2025-12-23 19:57:59,972 [INFO] [MainThread] [root/log.py:69]: YASB v1.8.6
2025-12-23 19:57:59,973 [INFO] [Thread-1 (_run_server)] [cli_server/cli_server.py:212]: CLI server started v1.1.4
2025-12-23 19:57:59,973 [INFO] [MainThread] [cli_server/cli_server.py:104]: Log pipe server started
2025-12-23 19:58:00,345 [INFO] [MainThread] [root/service.py:48]: AudioOutputService starting...
2025-12-23 19:58:00,730 [INFO] [MainThread] [root/bar_manager.py:85]: Starting KomorebiEventListener...
2025-12-23 19:58:00,731 [INFO] [MainThread] [root/bar_manager.py:85]: Starting SystemEventListener...
2025-12-23 19:58:00,731 [INFO] [MainThread] [root/watcher.py:54]: Created file watcher for path C:\Users\ratta\.config\yasb
2025-12-23 19:58:00,810 [INFO] [Dummy-5] [root/event_listener.py:51]: Created named pipe yasb-02ee44ec-dfff-11f0-96f1-d843ae576946
2025-12-23 19:58:00,848 [INFO] [MainThread] [root/update_service.py:409]: Background update checker started
2025-12-23 19:58:00,849 [DEBUG] [MainThread] [qasync._windows._EventPoller/_windows.py:215]: Starting (proactor: <_IocpProactor overlapped#=0 result#=0>)...
2025-12-23 19:58:00,855 [DEBUG] [Dummy-8] [qasync._windows._EventWorker/_windows.py:195]: Thread started
2025-12-23 19:58:14,273 [INFO] [Thread-1 (_run_server)] [cli_server/cli_server.py:253]: CLI server received command: stop
2025-12-23 19:58:14,273 [INFO] [Thread-1 (_run_server)] [root/controller.py:35]: Exiting Application from CLI...
2025-12-23 19:58:14,374 [INFO] [Thread-1 (_run_server)] [cli_server/cli_server.py:112]: Log pipe server stopped
2025-12-23 19:58:14,374 [DEBUG] [Thread-1 (_run_server)] [cli_server/cli_server.py:206]: CLI server stopped
2025-12-23 19:58:14,714 [INFO] [MainThread] [root/bar_manager.py:92]: Stopping KomorebiEventListener...
2025-12-23 19:58:14,714 [INFO] [MainThread] [root/bar_manager.py:92]: Stopping SystemEventListener...
2025-12-23 19:58:14,720 [DEBUG] [MainThread] [qasync._windows._EventPoller/_windows.py:220]: Stopping worker thread...
2025-12-23 19:58:14,733 [DEBUG] [Dummy-8] [qasync._windows._EventWorker/_windows.py:204]: Exiting thread
2025-12-23 19:58:14,742 [DEBUG] [MainThread] [qasync._windows._IocpProactor/_windows.py:78]: Closing
2025-12-23 19:58:15,575 [INFO] [MainThread] [root/log.py:69]: YASB v1.8.6
2025-12-23 19:58:15,576 [INFO] [Thread-1 (_run_server)] [cli_server/cli_server.py:212]: CLI server started v1.1.4
2025-12-23 19:58:15,576 [INFO] [MainThread] [cli_server/cli_server.py:104]: Log pipe server started
2025-12-23 19:58:16,051 [INFO] [MainThread] [root/service.py:48]: AudioOutputService starting...
2025-12-23 19:58:16,450 [INFO] [MainThread] [root/bar_manager.py:85]: Starting KomorebiEventListener...
2025-12-23 19:58:16,450 [INFO] [MainThread] [root/bar_manager.py:85]: Starting SystemEventListener...
2025-12-23 19:58:16,451 [INFO] [MainThread] [root/watcher.py:54]: Created file watcher for path C:\Users\ratta\.config\yasb
2025-12-23 19:58:16,536 [INFO] [Dummy-5] [root/event_listener.py:51]: Created named pipe yasb-0c4cd9d8-dfff-11f0-8398-d843ae576946
2025-12-23 19:58:16,578 [INFO] [MainThread] [root/update_service.py:409]: Background update checker started
2025-12-23 19:58:16,578 [DEBUG] [MainThread] [qasync._windows._EventPoller/_windows.py:215]: Starting (proactor: <_IocpProactor overlapped#=0 result#=0>)...
2025-12-23 19:58:16,584 [DEBUG] [Dummy-8] [qasync._windows._EventWorker/_windows.py:195]: Thread started
2025-12-23 19:58:17,092 [INFO] [MainThread] [root/api.py:69]: Fetching new weather data at 2025-12-23 19:58:17.092674
2025-12-23 19:58:28,007 [INFO] [Thread-1 (_run_server)] [cli_server/cli_server.py:253]: CLI server received command: stop
2025-12-23 19:58:28,007 [INFO] [Thread-1 (_run_server)] [root/controller.py:35]: Exiting Application from CLI...
2025-12-23 19:58:28,122 [INFO] [Thread-1 (_run_server)] [cli_server/cli_server.py:112]: Log pipe server stopped
2025-12-23 19:58:28,122 [DEBUG] [Thread-1 (_run_server)] [cli_server/cli_server.py:206]: CLI server stopped
2025-12-23 19:58:28,512 [INFO] [MainThread] [root/bar_manager.py:92]: Stopping KomorebiEventListener...
2025-12-23 19:58:28,512 [INFO] [MainThread] [root/bar_manager.py:92]: Stopping SystemEventListener...
2025-12-23 19:58:28,570 [DEBUG] [MainThread] [qasync._windows._EventPoller/_windows.py:220]: Stopping worker thread...
2025-12-23 19:58:28,571 [DEBUG] [Dummy-8] [qasync._windows._EventWorker/_windows.py:204]: Exiting thread
2025-12-23 19:58:28,575 [DEBUG] [MainThread] [qasync._windows._IocpProactor/_windows.py:78]: Closing
2025-12-23 19:58:28,894 [INFO] [MainThread] [root/log.py:69]: YASB v1.8.6
2025-12-23 19:58:28,894 [INFO] [Thread-1 (_run_server)] [cli_server/cli_server.py:212]: CLI server started v1.1.4
2025-12-23 19:58:28,895 [INFO] [MainThread] [cli_server/cli_server.py:104]: Log pipe server started
2025-12-23 19:58:29,218 [INFO] [MainThread] [root/service.py:48]: AudioOutputService starting...
2025-12-23 19:58:29,423 [INFO] [MainThread] [root/bar_manager.py:85]: Starting SystemEventListener...
2025-12-23 19:58:29,423 [INFO] [MainThread] [root/bar_manager.py:85]: Starting KomorebiEventListener...
2025-12-23 19:58:29,423 [INFO] [MainThread] [root/watcher.py:54]: Created file watcher for path C:\Users\ratta\.config\yasb
2025-12-23 19:58:29,436 [INFO] [Dummy-5] [root/event_listener.py:51]: Created named pipe yasb-14086fdc-dfff-11f0-9afd-d843ae576946
2025-12-23 19:58:29,458 [INFO] [MainThread] [root/update_service.py:409]: Background update checker started
2025-12-23 19:58:29,459 [DEBUG] [MainThread] [qasync._windows._EventPoller/_windows.py:215]: Starting (proactor: <_IocpProactor overlapped#=0 result#=0>)...
2025-12-23 19:58:29,464 [DEBUG] [Dummy-8] [qasync._windows._EventWorker/_windows.py:195]: Thread started
2025-12-23 19:58:37,095 [INFO] [Thread-1 (_run_server)] [cli_server/cli_server.py:253]: CLI server received command: stop
2025-12-23 19:58:37,095 [INFO] [Thread-1 (_run_server)] [root/controller.py:35]: Exiting Application from CLI...
2025-12-23 19:58:37,207 [INFO] [Thread-1 (_run_server)] [cli_server/cli_server.py:112]: Log pipe server stopped
2025-12-23 19:58:37,207 [DEBUG] [Thread-1 (_run_server)] [cli_server/cli_server.py:206]: CLI server stopped
2025-12-23 19:58:37,544 [INFO] [MainThread] [root/bar_manager.py:92]: Stopping SystemEventListener...
2025-12-23 19:58:37,544 [INFO] [MainThread] [root/bar_manager.py:92]: Stopping KomorebiEventListener...
2025-12-23 19:58:37,551 [DEBUG] [MainThread] [qasync._windows._EventPoller/_windows.py:220]: Stopping worker thread...
2025-12-23 19:58:37,551 [DEBUG] [Dummy-8] [qasync._windows._EventWorker/_windows.py:204]: Exiting thread
2025-12-23 19:58:37,558 [DEBUG] [MainThread] [qasync._windows._IocpProactor/_windows.py:78]: Closing
2025-12-23 19:58:38,594 [INFO] [MainThread] [root/log.py:69]: YASB v1.8.6
2025-12-23 19:58:38,594 [INFO] [Thread-1 (_run_server)] [cli_server/cli_server.py:212]: CLI server started v1.1.4
2025-12-23 19:58:38,595 [INFO] [MainThread] [cli_server/cli_server.py:104]: Log pipe server started
2025-12-23 19:58:38,799 [INFO] [MainThread] [root/service.py:48]: AudioOutputService starting...
2025-12-23 19:58:39,429 [INFO] [MainThread] [root/bar_manager.py:85]: Starting SystemEventListener...
2025-12-23 19:58:39,430 [INFO] [MainThread] [root/bar_manager.py:85]: Starting KomorebiEventListener...
2025-12-23 19:58:39,430 [INFO] [MainThread] [root/watcher.py:54]: Created file watcher for path C:\Users\ratta\.config\yasb
2025-12-23 19:58:39,505 [INFO] [Dummy-5] [root/event_listener.py:51]: Created named pipe yasb-19ff4e67-dfff-11f0-a754-d843ae576946
2025-12-23 19:58:39,546 [INFO] [MainThread] [root/update_service.py:409]: Background update checker started
2025-12-23 19:58:39,546 [DEBUG] [MainThread] [qasync._windows._EventPoller/_windows.py:215]: Starting (proactor: <_IocpProactor overlapped#=0 result#=0>)...
2025-12-23 19:58:39,553 [DEBUG] [Dummy-8] [qasync._windows._EventWorker/_windows.py:195]: Thread started
2025-12-23 19:58:40,736 [INFO] [MainThread] [root/api.py:69]: Fetching new weather data at 2025-12-23 19:58:40.736409
2025-12-23 19:58:52,444 [INFO] [Thread-1 (_run_server)] [cli_server/cli_server.py:253]: CLI server received command: stop
2025-12-23 19:58:52,445 [INFO] [Thread-1 (_run_server)] [root/controller.py:35]: Exiting Application from CLI...
2025-12-23 19:58:52,548 [INFO] [Thread-1 (_run_server)] [cli_server/cli_server.py:112]: Log pipe server stopped
2025-12-23 19:58:52,548 [DEBUG] [Thread-1 (_run_server)] [cli_server/cli_server.py:206]: CLI server stopped
2025-12-23 19:58:52,932 [INFO] [MainThread] [root/bar_manager.py:92]: Stopping SystemEventListener...
2025-12-23 19:58:52,932 [INFO] [MainThread] [root/bar_manager.py:92]: Stopping KomorebiEventListener...
2025-12-23 19:58:52,993 [DEBUG] [MainThread] [qasync._windows._EventPoller/_windows.py:220]: Stopping worker thread...
2025-12-23 19:58:52,995 [DEBUG] [Dummy-8] [qasync._windows._EventWorker/_windows.py:204]: Exiting thread
2025-12-23 19:58:52,999 [DEBUG] [MainThread] [qasync._windows._IocpProactor/_windows.py:78]: Closing
2025-12-23 19:58:53,839 [INFO] [MainThread] [root/log.py:69]: YASB v1.8.6
2025-12-23 19:58:53,839 [INFO] [Thread-1 (_run_server)] [cli_server/cli_server.py:212]: CLI server started v1.1.4
2025-12-23 19:58:53,839 [INFO] [MainThread] [cli_server/cli_server.py:104]: Log pipe server started
2025-12-23 19:58:54,158 [INFO] [MainThread] [root/service.py:48]: AudioOutputService starting...
2025-12-23 19:58:54,194 [INFO] [MainThread] [root/service.py:39]: AudioInputService starting...
2025-12-23 19:58:54,537 [DEBUG] [MainThread] [root/pin_manager.py:163]: Loaded 0 pinned apps from C:\Users\ratta\AppData\Local\YASB\taskbar_pinned.json
2025-12-23 19:58:54,637 [INFO] [MainThread] [core.utils.widgets.taskbar.window_manager/window_manager.py:191]: TaskbarWindowManager is starting...
2025-12-23 19:58:54,994 [INFO] [MainThread] [root/bar_manager.py:85]: Starting SystemEventListener...
2025-12-23 19:58:54,994 [INFO] [MainThread] [root/bar_manager.py:85]: Starting KomorebiEventListener...
2025-12-23 19:58:54,995 [INFO] [MainThread] [root/bar_manager.py:85]: Starting WindowsNotificationEventListener...
2025-12-23 19:58:54,996 [INFO] [MainThread] [root/watcher.py:54]: Created file watcher for path C:\Users\ratta\.config\yasb
2025-12-23 19:58:55,022 [INFO] [Dummy-5] [root/event_listener.py:51]: Created named pipe yasb-23465129-dfff-11f0-8fda-d843ae576946
2025-12-23 19:58:55,043 [INFO] [MainThread] [root/update_service.py:409]: Background update checker started
2025-12-23 19:58:55,043 [DEBUG] [MainThread] [qasync._windows._EventPoller/_windows.py:215]: Starting (proactor: <_IocpProactor overlapped#=0 result#=0>)...
2025-12-23 19:58:55,045 [DEBUG] [Dummy-8] [qasync._windows._EventWorker/_windows.py:195]: Thread started
2025-12-23 19:58:55,056 [DEBUG] [MainThread] [systray_widget/systray.py:526]: Loading state from C:\Users\ratta\AppData\Local\YASB\systray_state_INCG27Q30UMB6CBWL.json
2025-12-23 19:58:55,061 [DEBUG] [SystrayMonitor] [systray_widget/systray.py:57]: Systray thread is starting...
2025-12-23 19:58:55,070 [DEBUG] [MainThread] [systray_widget/systray.py:526]: Loading state from C:\Users\ratta\AppData\Local\YASB\systray_state_EKLTDLU28R55H4ZMB00043.json
2025-12-23 19:58:55,112 [DEBUG] [MainThread] [systray_widget/systray.py:277]: Systray thread started
2025-12-23 19:58:55,311 [ERROR] [MainThread] [root/api.py:84]: Weather response error 401: API key is invalid.
2025-12-23 19:58:55,311 [WARNING] [MainThread] [root/weather.py:594]: Error processing weather data: Weather data is empty.. Retrying fetch in 10 seconds.
2025-12-23 19:58:55,313 [WARNING] [MainThread] [root/weather.py:594]: Error processing weather data: Weather data is empty.. Retrying fetch in 10 seconds.
2025-12-23 19:58:55,316 [DEBUG] [SystrayMonitor] [systray_widget/systray_monitor.py:164]: Adding TaskbandHWND prop to hwnd 3213840
2025-12-23 19:58:55,316 [DEBUG] [SystrayMonitor] [systray_widget/systray_monitor.py:242]: Finding real tray hwnd
2025-12-23 19:58:55,323 [DEBUG] [MainThread] [systray_widget/systray_monitor.py:157]: Sending TaskbarCreated message: 49339
2025-12-23 19:59:02,461 [INFO] [Thread-1 (_run_server)] [cli_server/cli_server.py:253]: CLI server received command: stop
2025-12-23 19:59:02,461 [INFO] [Thread-1 (_run_server)] [root/controller.py:35]: Exiting Application from CLI...
2025-12-23 19:59:02,565 [INFO] [Thread-1 (_run_server)] [cli_server/cli_server.py:112]: Log pipe server stopped
2025-12-23 19:59:02,566 [DEBUG] [Thread-1 (_run_server)] [cli_server/cli_server.py:206]: CLI server stopped
2025-12-23 19:59:03,740 [INFO] [MainThread] [root/log.py:69]: YASB v1.8.6
2025-12-23 19:59:03,740 [INFO] [Thread-1 (_run_server)] [cli_server/cli_server.py:212]: CLI server started v1.1.4
2025-12-23 19:59:03,741 [INFO] [MainThread] [cli_server/cli_server.py:104]: Log pipe server started
2025-12-23 19:59:03,741 [ERROR] [MainThread] [root/main.py:74]: Another instance of the YASB is already running.
2025-12-23 19:59:03,812 [INFO] [MainThread] [root/bar_manager.py:92]: Stopping SystemEventListener...
2025-12-23 19:59:03,813 [INFO] [MainThread] [root/bar_manager.py:92]: Stopping KomorebiEventListener...
2025-12-23 19:59:03,813 [INFO] [MainThread] [root/bar_manager.py:92]: Stopping WindowsNotificationEventListener...
2025-12-23 19:59:03,813 [INFO] [MainThread] [core.utils.widgets.taskbar.window_manager/window_manager.py:218]: TaskbarWindowManager stopped
2025-12-23 19:59:03,814 [DEBUG] [MainThread] [systray_widget/systray.py:504]: Saving state to disk
2025-12-23 19:59:03,814 [DEBUG] [MainThread] [systray_widget/systray.py:508]: Saving state to C:\Users\ratta\AppData\Local\YASB\systray_state_INCG27Q30UMB6CBWL.json
2025-12-23 19:59:03,815 [DEBUG] [MainThread] [systray_widget/utils.py:96]: Destroying window 3213840
2025-12-23 19:59:03,815 [DEBUG] [MainThread] [systray_widget/systray.py:504]: Saving state to disk
2025-12-23 19:59:03,815 [DEBUG] [MainThread] [systray_widget/systray.py:508]: Saving state to C:\Users\ratta\AppData\Local\YASB\systray_state_EKLTDLU28R55H4ZMB00043.json
2025-12-23 19:59:03,816 [DEBUG] [MainThread] [systray_widget/utils.py:96]: Destroying window 3213840
2025-12-23 19:59:03,915 [INFO] [MainThread] [root/controller.py:15]: Reloading Application because of config change.
2025-12-23 19:59:04,017 [INFO] [MainThread] [cli_server/cli_server.py:112]: Log pipe server stopped
2025-12-23 19:59:04,017 [DEBUG] [MainThread] [cli_server/cli_server.py:206]: CLI server stopped
2025-12-23 19:59:04,040 [INFO] [MainThread] [root/bar_manager.py:76]: Successfully loaded updated config and re-initialised all bars.
2025-12-23 19:59:04,044 [ERROR] [MainThread] [root/main.py:146]: Unhandled exception
Traceback (most recent call last):
  File "D:\a\yasb\yasb\src\core\widgets\yasb\media.py", line 632, in _update_interpolated_position
RuntimeError: wrapped C/C++ object of type MediaWidget has been deleted

During handling of the above exception, another exception occurred:

Traceback (most recent call last):
  File "D:\a\yasb\yasb\src\core\utils\widgets\media\media.py", line 395, in _interpolate_timeline
  File "D:\a\yasb\yasb\src\core\widgets\yasb\media.py", line 201, in <lambda>
  File "D:\a\yasb\yasb\src\core\widgets\yasb\media.py", line 658, in _update_interpolated_position
RuntimeError: wrapped C/C++ object of type MediaWidget has been deleted
2025-12-23 19:59:04,045 [DEBUG] [MainThread] [systray_widget/utils.py:96]: Destroying window 3213840
2025-12-23 19:59:04,355 [INFO] [MainThread] [root/log.py:69]: YASB v1.8.6
2025-12-23 19:59:04,355 [INFO] [Thread-1 (_run_server)] [cli_server/cli_server.py:212]: CLI server started v1.1.4
2025-12-23 19:59:04,356 [INFO] [MainThread] [cli_server/cli_server.py:104]: Log pipe server started
2025-12-23 19:59:04,600 [DEBUG] [MainThread] [pyvda.build/build.py:53]: Starting feature detection...
2025-12-23 19:59:04,600 [DEBUG] [MainThread] [pyvda.build/build.py:57]: Feature detection complete. Windows version is over 26100
2025-12-23 19:59:05,617 [INFO] [MainThread] [root/bar_manager.py:85]: Starting SystemEventListener...
2025-12-23 19:59:05,618 [INFO] [MainThread] [root/bar_manager.py:85]: Starting WindowsNotificationEventListener...
2025-12-23 19:59:05,619 [INFO] [MainThread] [root/watcher.py:54]: Created file watcher for path C:\Users\ratta\.config\yasb
2025-12-23 19:59:05,730 [INFO] [MainThread] [root/update_service.py:409]: Background update checker started
2025-12-23 19:59:05,730 [DEBUG] [MainThread] [qasync._windows._EventPoller/_windows.py:215]: Starting (proactor: <_IocpProactor overlapped#=0 result#=0>)...
2025-12-23 19:59:05,733 [DEBUG] [Dummy-5] [qasync._windows._EventWorker/_windows.py:195]: Thread started
2025-12-23 19:59:06,800 [INFO] [MainThread] [root/api.py:69]: Fetching new weather data at 2025-12-23 19:59:06.800763
2025-12-23 19:59:10,979 [ERROR] [MainThread] [wifi_widget/wifi_managers.py:254]: Error scanning for WiFi networks: Access is denied.
2025-12-23 19:59:11,432 [ERROR] [MainThread] [wifi_widget/wifi_managers.py:254]: Error scanning for WiFi networks: Access is denied.
2025-12-23 19:59:11,898 [ERROR] [MainThread] [wifi_widget/wifi_managers.py:254]: Error scanning for WiFi networks: Access is denied.
2025-12-23 19:59:12,974 [ERROR] [MainThread] [wifi_widget/wifi_managers.py:254]: Error scanning for WiFi networks: Access is denied.
2025-12-23 19:59:16,278 [ERROR] [MainThread] [wifi_widget/wifi_managers.py:254]: Error scanning for WiFi networks: Access is denied.
2025-12-23 19:59:18,991 [ERROR] [MainThread] [wifi_widget/wifi_managers.py:254]: Error scanning for WiFi networks: Access is denied.
2025-12-23 19:59:21,777 [ERROR] [MainThread] [wifi_widget/wifi_managers.py:254]: Error scanning for WiFi networks: Access is denied.
2025-12-23 19:59:25,071 [ERROR] [MainThread] [wifi_widget/wifi_managers.py:254]: Error scanning for WiFi networks: Access is denied.
2025-12-23 19:59:27,958 [INFO] [Thread-1 (_run_server)] [cli_server/cli_server.py:253]: CLI server received command: stop
2025-12-23 19:59:27,958 [INFO] [Thread-1 (_run_server)] [root/controller.py:35]: Exiting Application from CLI...
2025-12-23 19:59:28,066 [INFO] [Thread-1 (_run_server)] [cli_server/cli_server.py:112]: Log pipe server stopped
2025-12-23 19:59:28,067 [DEBUG] [Thread-1 (_run_server)] [cli_server/cli_server.py:206]: CLI server stopped
2025-12-23 19:59:28,483 [INFO] [MainThread] [root/bar_manager.py:92]: Stopping SystemEventListener...
2025-12-23 19:59:28,483 [INFO] [MainThread] [root/bar_manager.py:92]: Stopping WindowsNotificationEventListener...
2025-12-23 19:59:28,577 [DEBUG] [MainThread] [qasync._windows._EventPoller/_windows.py:220]: Stopping worker thread...
2025-12-23 19:59:28,584 [DEBUG] [Dummy-5] [qasync._windows._EventWorker/_windows.py:204]: Exiting thread
2025-12-23 19:59:28,588 [DEBUG] [MainThread] [qasync._windows._IocpProactor/_windows.py:78]: Closing
2025-12-23 19:59:28,733 [INFO] [MainThread] [root/log.py:69]: YASB v1.8.6
2025-12-23 19:59:28,733 [INFO] [Thread-1 (_run_server)] [cli_server/cli_server.py:212]: CLI server started v1.1.4
2025-12-23 19:59:28,734 [INFO] [MainThread] [cli_server/cli_server.py:104]: Log pipe server started
2025-12-23 19:59:28,988 [DEBUG] [MainThread] [pyvda.build/build.py:53]: Starting feature detection...
2025-12-23 19:59:28,988 [DEBUG] [MainThread] [pyvda.build/build.py:57]: Feature detection complete. Windows version is over 26100
2025-12-23 19:59:30,075 [INFO] [MainThread] [root/bar_manager.py:85]: Starting WindowsNotificationEventListener...
2025-12-23 19:59:30,076 [INFO] [MainThread] [root/bar_manager.py:85]: Starting SystemEventListener...
2025-12-23 19:59:30,076 [INFO] [MainThread] [root/watcher.py:54]: Created file watcher for path C:\Users\ratta\.config\yasb
2025-12-23 19:59:30,214 [INFO] [MainThread] [root/update_service.py:409]: Background update checker started
2025-12-23 19:59:30,215 [DEBUG] [MainThread] [qasync._windows._EventPoller/_windows.py:215]: Starting (proactor: <_IocpProactor overlapped#=0 result#=0>)...
2025-12-23 19:59:30,216 [DEBUG] [Dummy-5] [qasync._windows._EventWorker/_windows.py:195]: Thread started
2025-12-23 19:59:30,888 [INFO] [MainThread] [root/api.py:69]: Fetching new weather data at 2025-12-23 19:59:30.888391
2025-12-23 19:59:33,580 [INFO] [Thread-1 (_run_server)] [cli_server/cli_server.py:253]: CLI server received command: stop
2025-12-23 19:59:33,580 [INFO] [Thread-1 (_run_server)] [root/controller.py:35]: Exiting Application from CLI...
2025-12-23 19:59:33,681 [INFO] [Thread-1 (_run_server)] [cli_server/cli_server.py:112]: Log pipe server stopped
2025-12-23 19:59:33,681 [DEBUG] [Thread-1 (_run_server)] [cli_server/cli_server.py:206]: CLI server stopped
2025-12-23 19:59:34,831 [INFO] [MainThread] [root/log.py:69]: YASB v1.8.6
2025-12-23 19:59:34,832 [INFO] [Thread-1 (_run_server)] [cli_server/cli_server.py:212]: CLI server started v1.1.4
2025-12-23 19:59:34,832 [INFO] [MainThread] [cli_server/cli_server.py:104]: Log pipe server started
2025-12-23 19:59:34,832 [ERROR] [MainThread] [root/main.py:74]: Another instance of the YASB is already running.
2025-12-23 19:59:34,965 [INFO] [MainThread] [root/bar_manager.py:92]: Stopping WindowsNotificationEventListener...
2025-12-23 19:59:34,966 [INFO] [MainThread] [root/bar_manager.py:92]: Stopping SystemEventListener...
2025-12-23 19:59:35,033 [DEBUG] [MainThread] [qasync._windows._EventPoller/_windows.py:220]: Stopping worker thread...
2025-12-23 19:59:35,041 [DEBUG] [Dummy-5] [qasync._windows._EventWorker/_windows.py:204]: Exiting thread
2025-12-23 19:59:35,046 [DEBUG] [MainThread] [qasync._windows._IocpProactor/_windows.py:78]: Closing
2025-12-23 19:59:41,833 [INFO] [MainThread] [root/log.py:69]: YASB v1.8.6
2025-12-23 19:59:41,833 [INFO] [Thread-1 (_run_server)] [cli_server/cli_server.py:212]: CLI server started v1.1.4
2025-12-23 19:59:41,833 [INFO] [MainThread] [cli_server/cli_server.py:104]: Log pipe server started
2025-12-23 19:59:42,231 [INFO] [MainThread] [root/service.py:39]: AudioInputService starting...
2025-12-23 19:59:42,275 [INFO] [MainThread] [root/service.py:48]: AudioOutputService starting...
2025-12-23 19:59:42,357 [DEBUG] [MainThread] [root/pin_manager.py:163]: Loaded 0 pinned apps from C:\Users\ratta\AppData\Local\YASB\taskbar_pinned.json
2025-12-23 19:59:42,457 [INFO] [MainThread] [core.utils.widgets.taskbar.window_manager/window_manager.py:191]: TaskbarWindowManager is starting...
2025-12-23 19:59:42,672 [INFO] [MainThread] [root/bar_manager.py:85]: Starting WindowsNotificationEventListener...
2025-12-23 19:59:42,673 [INFO] [MainThread] [root/watcher.py:54]: Created file watcher for path C:\Users\ratta\.config\yasb
2025-12-23 19:59:42,703 [INFO] [MainThread] [root/update_service.py:409]: Background update checker started
2025-12-23 19:59:42,703 [DEBUG] [MainThread] [qasync._windows._EventPoller/_windows.py:215]: Starting (proactor: <_IocpProactor overlapped#=0 result#=0>)...
2025-12-23 19:59:42,706 [DEBUG] [Dummy-5] [qasync._windows._EventWorker/_windows.py:195]: Thread started
2025-12-23 19:59:44,514 [ERROR] [MainThread] [wifi_widget/wifi_managers.py:254]: Error scanning for WiFi networks: Access is denied.
2025-12-23 19:59:52,032 [ERROR] [MainThread] [wifi_widget/wifi_managers.py:254]: Error scanning for WiFi networks: Access is denied.
2025-12-23 19:59:53,698 [ERROR] [MainThread] [wifi_widget/wifi_managers.py:254]: Error scanning for WiFi networks: Access is denied.
2025-12-23 20:00:55,851 [ERROR] [MainThread] [wifi_widget/wifi_managers.py:254]: Error scanning for WiFi networks: Access is denied.
2025-12-23 20:00:59,211 [ERROR] [MainThread] [wifi_widget/wifi_managers.py:254]: Error scanning for WiFi networks: Access is denied.
2025-12-23 20:02:17,343 [ERROR] [MainThread] [wifi_widget/wifi_managers.py:254]: Error scanning for WiFi networks: Access is denied.
2025-12-23 20:02:18,830 [ERROR] [MainThread] [wifi_widget/wifi_managers.py:254]: Error scanning for WiFi networks: Access is denied.
2025-12-23 20:02:23,755 [ERROR] [MainThread] [wifi_widget/wifi_managers.py:254]: Error scanning for WiFi networks: Access is denied.
2025-12-23 20:02:28,173 [ERROR] [MainThread] [wifi_widget/wifi_managers.py:254]: Error scanning for WiFi networks: Access is denied.
2025-12-23 20:04:27,101 [ERROR] [MainThread] [wifi_widget/wifi_managers.py:254]: Error scanning for WiFi networks: Access is denied.
2025-12-23 20:04:37,852 [INFO] [Thread-1 (_run_server)] [cli_server/cli_server.py:253]: CLI server received command: stop
2025-12-23 20:04:37,853 [INFO] [Thread-1 (_run_server)] [root/controller.py:35]: Exiting Application from CLI...
2025-12-23 20:04:37,892 [INFO] [MainThread] [root/controller.py:15]: Reloading Application because of config change.
2025-12-23 20:04:37,958 [INFO] [Thread-1 (_run_server)] [cli_server/cli_server.py:112]: Log pipe server stopped
2025-12-23 20:04:37,958 [DEBUG] [Thread-1 (_run_server)] [cli_server/cli_server.py:206]: CLI server stopped
2025-12-23 20:04:38,005 [INFO] [MainThread] [cli_server/cli_server.py:112]: Log pipe server stopped
2025-12-23 20:04:38,006 [DEBUG] [MainThread] [cli_server/cli_server.py:206]: CLI server stopped
2025-12-23 20:04:38,033 [INFO] [MainThread] [root/bar_manager.py:92]: Stopping WindowsNotificationEventListener...
2025-12-23 20:04:38,033 [INFO] [MainThread] [core.utils.widgets.taskbar.window_manager/window_manager.py:218]: TaskbarWindowManager stopped
2025-12-23 20:04:38,036 [INFO] [MainThread] [root/bar_manager.py:76]: Successfully loaded updated config and re-initialised all bars.
2025-12-23 20:04:38,039 [DEBUG] [MainThread] [qasync._windows._EventPoller/_windows.py:220]: Stopping worker thread...
2025-12-23 20:04:38,053 [DEBUG] [Dummy-5] [qasync._windows._EventWorker/_windows.py:204]: Exiting thread
2025-12-23 20:04:38,054 [DEBUG] [MainThread] [qasync._windows._IocpProactor/_windows.py:78]: Closing
2025-12-23 20:04:38,188 [INFO] [MainThread] [root/log.py:69]: YASB v1.8.6
2025-12-23 20:04:38,189 [INFO] [Thread-1 (_run_server)] [cli_server/cli_server.py:212]: CLI server started v1.1.4
2025-12-23 20:04:38,189 [INFO] [MainThread] [cli_server/cli_server.py:104]: Log pipe server started
2025-12-23 20:04:38,266 [INFO] [MainThread] [root/log.py:69]: YASB v1.8.6
2025-12-23 20:04:38,266 [INFO] [Thread-1 (_run_server)] [cli_server/cli_server.py:212]: CLI server started v1.1.4
2025-12-23 20:04:38,267 [INFO] [MainThread] [cli_server/cli_server.py:104]: Log pipe server started
2025-12-23 20:04:38,267 [INFO] [MainThread] [root/main.py:45]: Waiting for previous YASB instance to exit...
2025-12-23 20:04:38,349 [ERROR] [MainThread] [root/weather.py:60]: API key or location is missing. Please provide a valid API key and location.
2025-12-23 20:04:38,483 [INFO] [MainThread] [root/service.py:48]: AudioOutputService starting...
2025-12-23 20:04:38,843 [DEBUG] [MainThread] [root/pin_manager.py:163]: Loaded 0 pinned apps from C:\Users\ratta\AppData\Local\YASB\taskbar_pinned.json
2025-12-23 20:04:39,004 [INFO] [MainThread] [core.utils.widgets.taskbar.window_manager/window_manager.py:191]: TaskbarWindowManager is starting...
2025-12-23 20:04:39,040 [ERROR] [MainThread] [root/weather.py:60]: API key or location is missing. Please provide a valid API key and location.
2025-12-23 20:04:39,421 [INFO] [MainThread] [root/bar_manager.py:85]: Starting SystemEventListener...
2025-12-23 20:04:39,422 [INFO] [MainThread] [root/bar_manager.py:85]: Starting WindowsNotificationEventListener...
2025-12-23 20:04:39,423 [INFO] [MainThread] [root/watcher.py:54]: Created file watcher for path C:\Users\ratta\.config\yasb
2025-12-23 20:04:39,467 [INFO] [MainThread] [root/update_service.py:409]: Background update checker started
2025-12-23 20:04:39,468 [DEBUG] [MainThread] [qasync._windows._EventPoller/_windows.py:215]: Starting (proactor: <_IocpProactor overlapped#=0 result#=0>)...
2025-12-23 20:04:39,471 [DEBUG] [Dummy-5] [qasync._windows._EventWorker/_windows.py:195]: Thread started
2025-12-23 20:04:39,473 [DEBUG] [MainThread] [systray_widget/systray.py:526]: Loading state from C:\Users\ratta\AppData\Local\YASB\systray_state_INCG27Q30UMB6CBWL.json
2025-12-23 20:04:39,476 [DEBUG] [SystrayMonitor] [systray_widget/systray.py:57]: Systray thread is starting...
2025-12-23 20:04:39,477 [DEBUG] [MainThread] [systray_widget/systray.py:526]: Loading state from C:\Users\ratta\AppData\Local\YASB\systray_state_EKLTDLU28R55H4ZMB00043.json
2025-12-23 20:04:39,509 [DEBUG] [MainThread] [systray_widget/systray.py:277]: Systray thread started
2025-12-23 20:04:39,711 [DEBUG] [SystrayMonitor] [systray_widget/systray_monitor.py:164]: Adding TaskbandHWND prop to hwnd 1774844
2025-12-23 20:04:39,712 [DEBUG] [SystrayMonitor] [systray_widget/systray_monitor.py:242]: Finding real tray hwnd
2025-12-23 20:04:39,719 [DEBUG] [MainThread] [systray_widget/systray_monitor.py:157]: Sending TaskbarCreated message: 49339
2025-12-23 20:04:48,285 [ERROR] [MainThread] [root/main.py:68]: Timeout waiting for previous instance. Aborting start.
2025-12-23 20:06:13,055 [INFO] [MainThread] [root/controller.py:15]: Reloading Application because of config change.
2025-12-23 20:06:13,165 [INFO] [MainThread] [cli_server/cli_server.py:112]: Log pipe server stopped
2025-12-23 20:06:13,165 [DEBUG] [MainThread] [cli_server/cli_server.py:206]: CLI server stopped
2025-12-23 20:06:13,170 [INFO] [MainThread] [root/bar_manager.py:76]: Successfully loaded updated config and re-initialised all bars.
2025-12-23 20:06:13,470 [INFO] [MainThread] [root/bar_manager.py:92]: Stopping SystemEventListener...
2025-12-23 20:06:13,470 [INFO] [MainThread] [root/bar_manager.py:92]: Stopping WindowsNotificationEventListener...
2025-12-23 20:06:13,471 [INFO] [MainThread] [core.utils.widgets.taskbar.window_manager/window_manager.py:218]: TaskbarWindowManager stopped
2025-12-23 20:06:13,472 [DEBUG] [MainThread] [systray_widget/systray.py:504]: Saving state to disk
2025-12-23 20:06:13,472 [DEBUG] [MainThread] [systray_widget/systray.py:508]: Saving state to C:\Users\ratta\AppData\Local\YASB\systray_state_INCG27Q30UMB6CBWL.json
2025-12-23 20:06:13,473 [DEBUG] [MainThread] [systray_widget/utils.py:96]: Destroying window 1774844
2025-12-23 20:06:13,473 [DEBUG] [MainThread] [systray_widget/systray.py:504]: Saving state to disk
2025-12-23 20:06:13,474 [DEBUG] [MainThread] [systray_widget/systray.py:508]: Saving state to C:\Users\ratta\AppData\Local\YASB\systray_state_EKLTDLU28R55H4ZMB00043.json
2025-12-23 20:06:13,474 [DEBUG] [MainThread] [systray_widget/utils.py:96]: Destroying window 1774844
2025-12-23 20:06:13,476 [INFO] [MainThread] [root/log.py:69]: YASB v1.8.6
2025-12-23 20:06:13,477 [INFO] [Thread-1 (_run_server)] [cli_server/cli_server.py:212]: CLI server started v1.1.4
2025-12-23 20:06:13,477 [INFO] [MainThread] [cli_server/cli_server.py:104]: Log pipe server started
2025-12-23 20:06:13,477 [INFO] [MainThread] [root/main.py:45]: Waiting for previous YASB instance to exit...
2025-12-23 20:06:13,504 [DEBUG] [MainThread] [qasync._windows._EventPoller/_windows.py:220]: Stopping worker thread...
2025-12-23 20:06:13,508 [DEBUG] [Dummy-5] [qasync._windows._EventWorker/_windows.py:204]: Exiting thread
2025-12-23 20:06:13,523 [DEBUG] [MainThread] [qasync._windows._IocpProactor/_windows.py:78]: Closing
2025-12-23 20:06:13,633 [DEBUG] [MainThread] [systray_widget/utils.py:96]: Destroying window 1774844
2025-12-23 20:06:13,728 [INFO] [MainThread] [root/main.py:71]: Previous instance exited, continuing startup.
2025-12-23 20:06:14,052 [ERROR] [MainThread] [root/weather.py:60]: API key or location is missing. Please provide a valid API key and location.
2025-12-23 20:06:14,308 [INFO] [MainThread] [root/service.py:48]: AudioOutputService starting...
2025-12-23 20:06:14,898 [DEBUG] [MainThread] [root/pin_manager.py:163]: Loaded 0 pinned apps from C:\Users\ratta\AppData\Local\YASB\taskbar_pinned.json
2025-12-23 20:06:15,056 [INFO] [MainThread] [core.utils.widgets.taskbar.window_manager/window_manager.py:191]: TaskbarWindowManager is starting...
2025-12-23 20:06:15,109 [ERROR] [MainThread] [root/weather.py:60]: API key or location is missing. Please provide a valid API key and location.
2025-12-23 20:06:15,456 [INFO] [MainThread] [root/bar_manager.py:85]: Starting SystemEventListener...
2025-12-23 20:06:15,456 [INFO] [MainThread] [root/bar_manager.py:85]: Starting WindowsNotificationEventListener...
2025-12-23 20:06:15,458 [INFO] [MainThread] [root/watcher.py:54]: Created file watcher for path C:\Users\ratta\.config\yasb
2025-12-23 20:06:15,541 [INFO] [MainThread] [root/update_service.py:409]: Background update checker started
2025-12-23 20:06:15,541 [DEBUG] [MainThread] [qasync._windows._EventPoller/_windows.py:215]: Starting (proactor: <_IocpProactor overlapped#=0 result#=0>)...
2025-12-23 20:06:15,544 [DEBUG] [Dummy-5] [qasync._windows._EventWorker/_windows.py:195]: Thread started
2025-12-23 20:06:15,547 [DEBUG] [MainThread] [systray_widget/systray.py:526]: Loading state from C:\Users\ratta\AppData\Local\YASB\systray_state_INCG27Q30UMB6CBWL.json
2025-12-23 20:06:15,551 [DEBUG] [MainThread] [systray_widget/systray.py:526]: Loading state from C:\Users\ratta\AppData\Local\YASB\systray_state_EKLTDLU28R55H4ZMB00043.json
2025-12-23 20:06:15,552 [DEBUG] [SystrayMonitor] [systray_widget/systray.py:57]: Systray thread is starting...
2025-12-23 20:06:15,563 [DEBUG] [SystrayMonitor] [systray_widget/systray_monitor.py:242]: Finding real tray hwnd
2025-12-23 20:06:15,609 [DEBUG] [MainThread] [systray_widget/systray.py:277]: Systray thread started
2025-12-23 20:06:15,812 [DEBUG] [SystrayMonitor] [systray_widget/systray_monitor.py:164]: Adding TaskbandHWND prop to hwnd 2820640
2025-12-23 20:06:15,834 [DEBUG] [MainThread] [systray_widget/systray_monitor.py:157]: Sending TaskbarCreated message: 49339
2025-12-23 20:11:35,051 [ERROR] [Thread-7 (_run_after_command)] [root/wallpaper_manager.py:159]: error: 'wal' is not recognized as an internal or external command,
operable program or batch file.

2025-12-23 20:12:11,507 [INFO] [MainThread] [root/controller.py:15]: Reloading Application because of config change.
2025-12-23 20:12:11,608 [INFO] [MainThread] [cli_server/cli_server.py:112]: Log pipe server stopped
2025-12-23 20:12:11,608 [DEBUG] [MainThread] [cli_server/cli_server.py:206]: CLI server stopped
2025-12-23 20:12:11,612 [INFO] [MainThread] [root/bar_manager.py:76]: Successfully loaded updated config and re-initialised all bars.
2025-12-23 20:12:11,864 [INFO] [MainThread] [root/log.py:69]: YASB v1.8.6
2025-12-23 20:12:11,865 [INFO] [Thread-1 (_run_server)] [cli_server/cli_server.py:212]: CLI server started v1.1.4
2025-12-23 20:12:11,865 [INFO] [MainThread] [cli_server/cli_server.py:104]: Log pipe server started
2025-12-23 20:12:11,865 [INFO] [MainThread] [root/main.py:45]: Waiting for previous YASB instance to exit...
2025-12-23 20:12:11,945 [INFO] [MainThread] [root/bar_manager.py:92]: Stopping SystemEventListener...
2025-12-23 20:12:11,946 [INFO] [MainThread] [root/bar_manager.py:92]: Stopping WindowsNotificationEventListener...
2025-12-23 20:12:11,946 [INFO] [MainThread] [core.utils.widgets.taskbar.window_manager/window_manager.py:218]: TaskbarWindowManager stopped
2025-12-23 20:12:11,948 [DEBUG] [MainThread] [systray_widget/systray.py:504]: Saving state to disk
2025-12-23 20:12:11,948 [DEBUG] [MainThread] [systray_widget/systray.py:508]: Saving state to C:\Users\ratta\AppData\Local\YASB\systray_state_INCG27Q30UMB6CBWL.json
2025-12-23 20:12:11,949 [DEBUG] [MainThread] [systray_widget/utils.py:96]: Destroying window 2820640
2025-12-23 20:12:11,950 [DEBUG] [MainThread] [systray_widget/systray.py:504]: Saving state to disk
2025-12-23 20:12:11,950 [DEBUG] [MainThread] [systray_widget/systray.py:508]: Saving state to C:\Users\ratta\AppData\Local\YASB\systray_state_EKLTDLU28R55H4ZMB00043.json
2025-12-23 20:12:11,951 [DEBUG] [MainThread] [systray_widget/utils.py:96]: Destroying window 2820640
2025-12-23 20:12:11,958 [DEBUG] [MainThread] [qasync._windows._EventPoller/_windows.py:220]: Stopping worker thread...
2025-12-23 20:12:11,966 [DEBUG] [Dummy-5] [qasync._windows._EventWorker/_windows.py:204]: Exiting thread
2025-12-23 20:12:12,003 [DEBUG] [MainThread] [qasync._windows._IocpProactor/_windows.py:78]: Closing
2025-12-23 20:12:12,102 [DEBUG] [MainThread] [systray_widget/utils.py:96]: Destroying window 2820640
2025-12-23 20:12:12,115 [INFO] [MainThread] [root/main.py:71]: Previous instance exited, continuing startup.
2025-12-23 20:12:12,398 [ERROR] [MainThread] [root/weather.py:60]: API key or location is missing. Please provide a valid API key and location.
2025-12-23 20:12:12,600 [INFO] [MainThread] [root/service.py:48]: AudioOutputService starting...
2025-12-23 20:12:13,070 [DEBUG] [MainThread] [root/pin_manager.py:163]: Loaded 0 pinned apps from C:\Users\ratta\AppData\Local\YASB\taskbar_pinned.json
2025-12-23 20:12:13,175 [INFO] [MainThread] [core.utils.widgets.taskbar.window_manager/window_manager.py:191]: TaskbarWindowManager is starting...
2025-12-23 20:12:13,213 [ERROR] [MainThread] [root/weather.py:60]: API key or location is missing. Please provide a valid API key and location.
2025-12-23 20:12:13,614 [INFO] [MainThread] [root/bar_manager.py:85]: Starting SystemEventListener...
2025-12-23 20:12:13,614 [INFO] [MainThread] [root/bar_manager.py:85]: Starting WindowsNotificationEventListener...
2025-12-23 20:12:13,615 [INFO] [MainThread] [root/watcher.py:54]: Created file watcher for path C:\Users\ratta\.config\yasb
2025-12-23 20:12:13,658 [INFO] [MainThread] [root/update_service.py:409]: Background update checker started
2025-12-23 20:12:13,659 [DEBUG] [MainThread] [qasync._windows._EventPoller/_windows.py:215]: Starting (proactor: <_IocpProactor overlapped#=0 result#=0>)...
2025-12-23 20:12:13,660 [DEBUG] [Dummy-5] [qasync._windows._EventWorker/_windows.py:195]: Thread started
2025-12-23 20:12:13,662 [DEBUG] [MainThread] [systray_widget/systray.py:526]: Loading state from C:\Users\ratta\AppData\Local\YASB\systray_state_INCG27Q30UMB6CBWL.json
2025-12-23 20:12:13,664 [DEBUG] [SystrayMonitor] [systray_widget/systray.py:57]: Systray thread is starting...
2025-12-23 20:12:13,665 [DEBUG] [MainThread] [systray_widget/systray.py:526]: Loading state from C:\Users\ratta\AppData\Local\YASB\systray_state_EKLTDLU28R55H4ZMB00043.json
2025-12-23 20:12:13,690 [DEBUG] [MainThread] [systray_widget/systray.py:277]: Systray thread started
2025-12-23 20:12:13,891 [DEBUG] [SystrayMonitor] [systray_widget/systray_monitor.py:164]: Adding TaskbandHWND prop to hwnd 1840666
2025-12-23 20:12:13,892 [DEBUG] [SystrayMonitor] [systray_widget/systray_monitor.py:242]: Finding real tray hwnd
2025-12-23 20:12:13,896 [DEBUG] [MainThread] [systray_widget/systray_monitor.py:157]: Sending TaskbarCreated message: 49339
2025-12-23 20:13:42,270 [ERROR] [MainThread] [root/bar_manager.py:56]: Error loading config: while scanning a double-quoted scalar
  in "C:\Users\ratta\.config\yasb\config.yaml", line 441, column 21
found unknown escape character 'G'
  in "C:\Users\ratta\.config\yasb\config.yaml", line 441, column 67
2025-12-23 20:13:56,576 [INFO] [MainThread] [root/controller.py:15]: Reloading Application because of config change.
2025-12-23 20:13:56,685 [INFO] [MainThread] [cli_server/cli_server.py:112]: Log pipe server stopped
2025-12-23 20:13:56,685 [DEBUG] [MainThread] [cli_server/cli_server.py:206]: CLI server stopped
2025-12-23 20:13:56,689 [INFO] [MainThread] [root/bar_manager.py:76]: Successfully loaded updated config and re-initialised all bars.
2025-12-23 20:13:56,923 [INFO] [MainThread] [root/log.py:69]: YASB v1.8.6
2025-12-23 20:13:56,923 [INFO] [Thread-1 (_run_server)] [cli_server/cli_server.py:212]: CLI server started v1.1.4
2025-12-23 20:13:56,924 [INFO] [MainThread] [cli_server/cli_server.py:104]: Log pipe server started
2025-12-23 20:13:56,924 [INFO] [MainThread] [root/main.py:45]: Waiting for previous YASB instance to exit...
2025-12-23 20:13:57,012 [INFO] [MainThread] [root/bar_manager.py:92]: Stopping SystemEventListener...
2025-12-23 20:13:57,012 [INFO] [MainThread] [root/bar_manager.py:92]: Stopping WindowsNotificationEventListener...
2025-12-23 20:13:57,013 [INFO] [MainThread] [core.utils.widgets.taskbar.window_manager/window_manager.py:218]: TaskbarWindowManager stopped
2025-12-23 20:13:57,014 [DEBUG] [MainThread] [systray_widget/systray.py:504]: Saving state to disk
2025-12-23 20:13:57,014 [DEBUG] [MainThread] [systray_widget/systray.py:508]: Saving state to C:\Users\ratta\AppData\Local\YASB\systray_state_INCG27Q30UMB6CBWL.json
2025-12-23 20:13:57,015 [DEBUG] [MainThread] [systray_widget/utils.py:96]: Destroying window 1840666
2025-12-23 20:13:57,016 [DEBUG] [MainThread] [systray_widget/systray.py:504]: Saving state to disk
2025-12-23 20:13:57,016 [DEBUG] [MainThread] [systray_widget/systray.py:508]: Saving state to C:\Users\ratta\AppData\Local\YASB\systray_state_EKLTDLU28R55H4ZMB00043.json
2025-12-23 20:13:57,016 [DEBUG] [MainThread] [systray_widget/utils.py:96]: Destroying window 1840666
2025-12-23 20:13:57,057 [DEBUG] [MainThread] [qasync._windows._EventPoller/_windows.py:220]: Stopping worker thread...
2025-12-23 20:13:57,058 [DEBUG] [Dummy-5] [qasync._windows._EventWorker/_windows.py:204]: Exiting thread
2025-12-23 20:13:57,074 [DEBUG] [MainThread] [qasync._windows._IocpProactor/_windows.py:78]: Closing
2025-12-23 20:13:57,170 [DEBUG] [MainThread] [systray_widget/utils.py:96]: Destroying window 1840666
2025-12-23 20:13:57,174 [INFO] [MainThread] [root/main.py:71]: Previous instance exited, continuing startup.
2025-12-23 20:13:57,423 [ERROR] [MainThread] [root/weather.py:60]: API key or location is missing. Please provide a valid API key and location.
2025-12-23 20:13:57,653 [INFO] [MainThread] [root/service.py:48]: AudioOutputService starting...
2025-12-23 20:13:58,162 [DEBUG] [MainThread] [root/pin_manager.py:163]: Loaded 0 pinned apps from C:\Users\ratta\AppData\Local\YASB\taskbar_pinned.json
2025-12-23 20:13:58,273 [INFO] [MainThread] [core.utils.widgets.taskbar.window_manager/window_manager.py:191]: TaskbarWindowManager is starting...
2025-12-23 20:13:58,307 [ERROR] [MainThread] [root/weather.py:60]: API key or location is missing. Please provide a valid API key and location.
2025-12-23 20:13:58,633 [INFO] [MainThread] [root/bar_manager.py:85]: Starting WindowsNotificationEventListener...
2025-12-23 20:13:58,634 [INFO] [MainThread] [root/bar_manager.py:85]: Starting SystemEventListener...
2025-12-23 20:13:58,634 [INFO] [MainThread] [root/watcher.py:54]: Created file watcher for path C:\Users\ratta\.config\yasb
2025-12-23 20:13:58,671 [INFO] [MainThread] [root/update_service.py:409]: Background update checker started
2025-12-23 20:13:58,671 [DEBUG] [MainThread] [qasync._windows._EventPoller/_windows.py:215]: Starting (proactor: <_IocpProactor overlapped#=0 result#=0>)...
2025-12-23 20:13:58,672 [DEBUG] [Dummy-5] [qasync._windows._EventWorker/_windows.py:195]: Thread started
2025-12-23 20:13:58,674 [DEBUG] [MainThread] [systray_widget/systray.py:526]: Loading state from C:\Users\ratta\AppData\Local\YASB\systray_state_INCG27Q30UMB6CBWL.json
2025-12-23 20:13:58,676 [DEBUG] [SystrayMonitor] [systray_widget/systray.py:57]: Systray thread is starting...
2025-12-23 20:13:58,677 [DEBUG] [MainThread] [systray_widget/systray.py:526]: Loading state from C:\Users\ratta\AppData\Local\YASB\systray_state_EKLTDLU28R55H4ZMB00043.json
2025-12-23 20:13:58,698 [DEBUG] [MainThread] [systray_widget/systray.py:277]: Systray thread started
2025-12-23 20:13:58,903 [DEBUG] [SystrayMonitor] [systray_widget/systray_monitor.py:164]: Adding TaskbandHWND prop to hwnd 1315856
2025-12-23 20:13:58,904 [DEBUG] [SystrayMonitor] [systray_widget/systray_monitor.py:242]: Finding real tray hwnd
2025-12-23 20:13:58,911 [DEBUG] [MainThread] [systray_widget/systray_monitor.py:157]: Sending TaskbarCreated message: 49339
2025-12-23 20:14:15,837 [INFO] [MainThread] [root/controller.py:15]: Reloading Application because of config change.
2025-12-23 20:14:15,939 [INFO] [MainThread] [cli_server/cli_server.py:112]: Log pipe server stopped
2025-12-23 20:14:15,939 [DEBUG] [MainThread] [cli_server/cli_server.py:206]: CLI server stopped
2025-12-23 20:14:15,943 [INFO] [MainThread] [root/bar_manager.py:76]: Successfully loaded updated config and re-initialised all bars.
2025-12-23 20:14:16,190 [INFO] [MainThread] [root/bar_manager.py:92]: Stopping WindowsNotificationEventListener...
2025-12-23 20:14:16,190 [INFO] [MainThread] [root/bar_manager.py:92]: Stopping SystemEventListener...
2025-12-23 20:14:16,191 [INFO] [MainThread] [core.utils.widgets.taskbar.window_manager/window_manager.py:218]: TaskbarWindowManager stopped
2025-12-23 20:14:16,192 [DEBUG] [MainThread] [systray_widget/systray.py:504]: Saving state to disk
2025-12-23 20:14:16,192 [DEBUG] [MainThread] [systray_widget/systray.py:508]: Saving state to C:\Users\ratta\AppData\Local\YASB\systray_state_INCG27Q30UMB6CBWL.json
2025-12-23 20:14:16,193 [DEBUG] [MainThread] [systray_widget/utils.py:96]: Destroying window 1315856
2025-12-23 20:14:16,193 [DEBUG] [MainThread] [systray_widget/systray.py:504]: Saving state to disk
2025-12-23 20:14:16,194 [DEBUG] [MainThread] [systray_widget/systray.py:508]: Saving state to C:\Users\ratta\AppData\Local\YASB\systray_state_EKLTDLU28R55H4ZMB00043.json
2025-12-23 20:14:16,194 [DEBUG] [MainThread] [systray_widget/utils.py:96]: Destroying window 1315856
2025-12-23 20:14:16,200 [DEBUG] [MainThread] [qasync._windows._EventPoller/_windows.py:220]: Stopping worker thread...
2025-12-23 20:14:16,204 [DEBUG] [Dummy-5] [qasync._windows._EventWorker/_windows.py:204]: Exiting thread
2025-12-23 20:14:16,206 [DEBUG] [MainThread] [qasync._windows._IocpProactor/_windows.py:78]: Closing
2025-12-23 20:14:16,230 [DEBUG] [MainThread] [systray_widget/utils.py:96]: Destroying window 1315856
2025-12-23 20:14:16,288 [INFO] [MainThread] [root/log.py:69]: YASB v1.8.6
2025-12-23 20:14:16,288 [INFO] [Thread-1 (_run_server)] [cli_server/cli_server.py:212]: CLI server started v1.1.4
2025-12-23 20:14:16,289 [INFO] [MainThread] [cli_server/cli_server.py:104]: Log pipe server started
2025-12-23 20:14:16,552 [ERROR] [MainThread] [root/weather.py:60]: API key or location is missing. Please provide a valid API key and location.
2025-12-23 20:14:16,790 [INFO] [MainThread] [root/service.py:48]: AudioOutputService starting...
2025-12-23 20:14:17,189 [DEBUG] [MainThread] [root/pin_manager.py:163]: Loaded 0 pinned apps from C:\Users\ratta\AppData\Local\YASB\taskbar_pinned.json
2025-12-23 20:14:17,275 [INFO] [MainThread] [core.utils.widgets.taskbar.window_manager/window_manager.py:191]: TaskbarWindowManager is starting...
2025-12-23 20:14:17,312 [ERROR] [MainThread] [root/weather.py:60]: API key or location is missing. Please provide a valid API key and location.
2025-12-23 20:14:17,551 [INFO] [MainThread] [root/bar_manager.py:85]: Starting WindowsNotificationEventListener...
2025-12-23 20:14:17,552 [INFO] [MainThread] [root/bar_manager.py:85]: Starting SystemEventListener...
2025-12-23 20:14:17,552 [INFO] [MainThread] [root/watcher.py:54]: Created file watcher for path C:\Users\ratta\.config\yasb
2025-12-23 20:14:17,589 [INFO] [MainThread] [root/update_service.py:409]: Background update checker started
2025-12-23 20:14:17,589 [DEBUG] [MainThread] [qasync._windows._EventPoller/_windows.py:215]: Starting (proactor: <_IocpProactor overlapped#=0 result#=0>)...
2025-12-23 20:14:17,590 [DEBUG] [Dummy-5] [qasync._windows._EventWorker/_windows.py:195]: Thread started
2025-12-23 20:14:17,592 [DEBUG] [MainThread] [systray_widget/systray.py:526]: Loading state from C:\Users\ratta\AppData\Local\YASB\systray_state_INCG27Q30UMB6CBWL.json
2025-12-23 20:14:17,595 [DEBUG] [SystrayMonitor] [systray_widget/systray.py:57]: Systray thread is starting...
2025-12-23 20:14:17,596 [DEBUG] [MainThread] [systray_widget/systray.py:526]: Loading state from C:\Users\ratta\AppData\Local\YASB\systray_state_EKLTDLU28R55H4ZMB00043.json
2025-12-23 20:14:17,619 [DEBUG] [MainThread] [systray_widget/systray.py:277]: Systray thread started
2025-12-23 20:14:17,829 [DEBUG] [SystrayMonitor] [systray_widget/systray_monitor.py:164]: Adding TaskbandHWND prop to hwnd 2296054
2025-12-23 20:14:17,830 [DEBUG] [SystrayMonitor] [systray_widget/systray_monitor.py:242]: Finding real tray hwnd
2025-12-23 20:14:17,836 [DEBUG] [MainThread] [systray_widget/systray_monitor.py:157]: Sending TaskbarCreated message: 49339
2025-12-23 20:15:15,145 [INFO] [MainThread] [root/controller.py:15]: Reloading Application because of config change.
2025-12-23 20:15:15,254 [INFO] [MainThread] [cli_server/cli_server.py:112]: Log pipe server stopped
2025-12-23 20:15:15,255 [DEBUG] [MainThread] [cli_server/cli_server.py:206]: CLI server stopped
2025-12-23 20:15:15,258 [INFO] [MainThread] [root/bar_manager.py:76]: Successfully loaded updated config and re-initialised all bars.
2025-12-23 20:15:15,503 [INFO] [MainThread] [root/bar_manager.py:92]: Stopping WindowsNotificationEventListener...
2025-12-23 20:15:15,504 [INFO] [MainThread] [root/bar_manager.py:92]: Stopping SystemEventListener...
2025-12-23 20:15:15,505 [INFO] [MainThread] [core.utils.widgets.taskbar.window_manager/window_manager.py:218]: TaskbarWindowManager stopped
2025-12-23 20:15:15,506 [DEBUG] [MainThread] [systray_widget/systray.py:504]: Saving state to disk
2025-12-23 20:15:15,506 [DEBUG] [MainThread] [systray_widget/systray.py:508]: Saving state to C:\Users\ratta\AppData\Local\YASB\systray_state_INCG27Q30UMB6CBWL.json
2025-12-23 20:15:15,507 [DEBUG] [MainThread] [systray_widget/utils.py:96]: Destroying window 2296054
2025-12-23 20:15:15,507 [DEBUG] [MainThread] [systray_widget/systray.py:504]: Saving state to disk
2025-12-23 20:15:15,507 [DEBUG] [MainThread] [systray_widget/systray.py:508]: Saving state to C:\Users\ratta\AppData\Local\YASB\systray_state_EKLTDLU28R55H4ZMB00043.json
2025-12-23 20:15:15,508 [DEBUG] [MainThread] [systray_widget/utils.py:96]: Destroying window 2296054
2025-12-23 20:15:15,516 [DEBUG] [MainThread] [qasync._windows._EventPoller/_windows.py:220]: Stopping worker thread...
2025-12-23 20:15:15,520 [DEBUG] [Dummy-5] [qasync._windows._EventWorker/_windows.py:204]: Exiting thread
2025-12-23 20:15:15,523 [DEBUG] [MainThread] [qasync._windows._IocpProactor/_windows.py:78]: Closing
2025-12-23 20:15:15,575 [DEBUG] [MainThread] [systray_widget/utils.py:96]: Destroying window 2296054
2025-12-23 20:15:15,649 [INFO] [MainThread] [root/log.py:69]: YASB v1.8.6
2025-12-23 20:15:15,649 [INFO] [Thread-1 (_run_server)] [cli_server/cli_server.py:212]: CLI server started v1.1.4
2025-12-23 20:15:15,650 [INFO] [MainThread] [cli_server/cli_server.py:104]: Log pipe server started
2025-12-23 20:15:15,886 [ERROR] [MainThread] [root/weather.py:60]: API key or location is missing. Please provide a valid API key and location.
2025-12-23 20:15:16,054 [INFO] [MainThread] [root/service.py:48]: AudioOutputService starting...
2025-12-23 20:15:16,468 [DEBUG] [MainThread] [root/pin_manager.py:163]: Loaded 0 pinned apps from C:\Users\ratta\AppData\Local\YASB\taskbar_pinned.json
2025-12-23 20:15:16,560 [INFO] [MainThread] [core.utils.widgets.taskbar.window_manager/window_manager.py:191]: TaskbarWindowManager is starting...
2025-12-23 20:15:16,595 [ERROR] [MainThread] [root/weather.py:60]: API key or location is missing. Please provide a valid API key and location.
2025-12-23 20:15:16,830 [INFO] [MainThread] [root/bar_manager.py:85]: Starting SystemEventListener...
2025-12-23 20:15:16,830 [INFO] [MainThread] [root/bar_manager.py:85]: Starting WindowsNotificationEventListener...
2025-12-23 20:15:16,831 [INFO] [MainThread] [root/watcher.py:54]: Created file watcher for path C:\Users\ratta\.config\yasb
2025-12-23 20:15:16,868 [INFO] [MainThread] [root/update_service.py:409]: Background update checker started
2025-12-23 20:15:16,868 [DEBUG] [MainThread] [qasync._windows._EventPoller/_windows.py:215]: Starting (proactor: <_IocpProactor overlapped#=0 result#=0>)...
2025-12-23 20:15:16,869 [DEBUG] [Dummy-5] [qasync._windows._EventWorker/_windows.py:195]: Thread started
2025-12-23 20:15:16,872 [DEBUG] [MainThread] [systray_widget/systray.py:526]: Loading state from C:\Users\ratta\AppData\Local\YASB\systray_state_INCG27Q30UMB6CBWL.json
2025-12-23 20:15:16,873 [DEBUG] [SystrayMonitor] [systray_widget/systray.py:57]: Systray thread is starting...
2025-12-23 20:15:16,875 [DEBUG] [MainThread] [systray_widget/systray.py:526]: Loading state from C:\Users\ratta\AppData\Local\YASB\systray_state_EKLTDLU28R55H4ZMB00043.json
2025-12-23 20:15:16,906 [DEBUG] [MainThread] [systray_widget/systray.py:277]: Systray thread started
2025-12-23 20:15:17,114 [DEBUG] [SystrayMonitor] [systray_widget/systray_monitor.py:164]: Adding TaskbandHWND prop to hwnd 3544444
2025-12-23 20:15:17,114 [DEBUG] [SystrayMonitor] [systray_widget/systray_monitor.py:242]: Finding real tray hwnd
2025-12-23 20:15:17,120 [DEBUG] [MainThread] [systray_widget/systray_monitor.py:157]: Sending TaskbarCreated message: 49339
2025-12-23 20:15:53,962 [INFO] [MainThread] [root/controller.py:15]: Reloading Application because of config change.
2025-12-23 20:15:54,063 [INFO] [MainThread] [cli_server/cli_server.py:112]: Log pipe server stopped
2025-12-23 20:15:54,063 [DEBUG] [MainThread] [cli_server/cli_server.py:206]: CLI server stopped
2025-12-23 20:15:54,066 [INFO] [MainThread] [root/bar_manager.py:76]: Successfully loaded updated config and re-initialised all bars.
2025-12-23 20:15:54,281 [INFO] [MainThread] [root/bar_manager.py:92]: Stopping SystemEventListener...
2025-12-23 20:15:54,281 [INFO] [MainThread] [root/bar_manager.py:92]: Stopping WindowsNotificationEventListener...
2025-12-23 20:15:54,283 [INFO] [MainThread] [core.utils.widgets.taskbar.window_manager/window_manager.py:218]: TaskbarWindowManager stopped
2025-12-23 20:15:54,284 [DEBUG] [MainThread] [systray_widget/systray.py:504]: Saving state to disk
2025-12-23 20:15:54,285 [DEBUG] [MainThread] [systray_widget/systray.py:508]: Saving state to C:\Users\ratta\AppData\Local\YASB\systray_state_INCG27Q30UMB6CBWL.json
2025-12-23 20:15:54,286 [DEBUG] [MainThread] [systray_widget/utils.py:96]: Destroying window 3544444
2025-12-23 20:15:54,286 [DEBUG] [MainThread] [systray_widget/systray.py:504]: Saving state to disk
2025-12-23 20:15:54,286 [DEBUG] [MainThread] [systray_widget/systray.py:508]: Saving state to C:\Users\ratta\AppData\Local\YASB\systray_state_EKLTDLU28R55H4ZMB00043.json
2025-12-23 20:15:54,287 [DEBUG] [MainThread] [systray_widget/utils.py:96]: Destroying window 3544444
2025-12-23 20:15:54,298 [DEBUG] [MainThread] [qasync._windows._EventPoller/_windows.py:220]: Stopping worker thread...
2025-12-23 20:15:54,311 [DEBUG] [Dummy-5] [qasync._windows._EventWorker/_windows.py:204]: Exiting thread
2025-12-23 20:15:54,313 [DEBUG] [MainThread] [qasync._windows._IocpProactor/_windows.py:78]: Closing
2025-12-23 20:15:54,351 [DEBUG] [MainThread] [systray_widget/utils.py:96]: Destroying window 3544444
2025-12-23 20:15:54,447 [INFO] [MainThread] [root/log.py:69]: YASB v1.8.6
2025-12-23 20:15:54,448 [INFO] [Thread-1 (_run_server)] [cli_server/cli_server.py:212]: CLI server started v1.1.4
2025-12-23 20:15:54,448 [INFO] [MainThread] [cli_server/cli_server.py:104]: Log pipe server started
2025-12-23 20:15:54,720 [ERROR] [MainThread] [root/weather.py:60]: API key or location is missing. Please provide a valid API key and location.
2025-12-23 20:15:54,921 [INFO] [MainThread] [root/service.py:48]: AudioOutputService starting...
2025-12-23 20:15:55,306 [DEBUG] [MainThread] [root/pin_manager.py:163]: Loaded 0 pinned apps from C:\Users\ratta\AppData\Local\YASB\taskbar_pinned.json
2025-12-23 20:15:55,395 [INFO] [MainThread] [core.utils.widgets.taskbar.window_manager/window_manager.py:191]: TaskbarWindowManager is starting...
2025-12-23 20:15:55,431 [ERROR] [MainThread] [root/weather.py:60]: API key or location is missing. Please provide a valid API key and location.
2025-12-23 20:15:55,661 [INFO] [MainThread] [root/bar_manager.py:85]: Starting SystemEventListener...
2025-12-23 20:15:55,661 [INFO] [MainThread] [root/bar_manager.py:85]: Starting WindowsNotificationEventListener...
2025-12-23 20:15:55,662 [INFO] [MainThread] [root/watcher.py:54]: Created file watcher for path C:\Users\ratta\.config\yasb
2025-12-23 20:15:55,704 [INFO] [MainThread] [root/update_service.py:409]: Background update checker started
2025-12-23 20:15:55,704 [DEBUG] [MainThread] [qasync._windows._EventPoller/_windows.py:215]: Starting (proactor: <_IocpProactor overlapped#=0 result#=0>)...
2025-12-23 20:15:55,705 [DEBUG] [Dummy-5] [qasync._windows._EventWorker/_windows.py:195]: Thread started
2025-12-23 20:15:55,709 [DEBUG] [MainThread] [systray_widget/systray.py:526]: Loading state from C:\Users\ratta\AppData\Local\YASB\systray_state_INCG27Q30UMB6CBWL.json
2025-12-23 20:15:55,711 [DEBUG] [SystrayMonitor] [systray_widget/systray.py:57]: Systray thread is starting...
2025-12-23 20:15:55,713 [DEBUG] [MainThread] [systray_widget/systray.py:526]: Loading state from C:\Users\ratta\AppData\Local\YASB\systray_state_EKLTDLU28R55H4ZMB00043.json
2025-12-23 20:15:55,744 [DEBUG] [MainThread] [systray_widget/systray.py:277]: Systray thread started
2025-12-23 20:15:55,948 [DEBUG] [SystrayMonitor] [systray_widget/systray_monitor.py:164]: Adding TaskbandHWND prop to hwnd 1578144
2025-12-23 20:15:55,949 [DEBUG] [SystrayMonitor] [systray_widget/systray_monitor.py:242]: Finding real tray hwnd
2025-12-23 20:15:55,954 [DEBUG] [MainThread] [systray_widget/systray_monitor.py:157]: Sending TaskbarCreated message: 49339
2025-12-23 20:16:06,027 [INFO] [MainThread] [root/controller.py:15]: Reloading Application because of config change.
2025-12-23 20:16:06,132 [INFO] [MainThread] [cli_server/cli_server.py:112]: Log pipe server stopped
2025-12-23 20:16:06,133 [DEBUG] [MainThread] [cli_server/cli_server.py:206]: CLI server stopped
2025-12-23 20:16:06,138 [INFO] [MainThread] [root/bar_manager.py:76]: Successfully loaded updated config and re-initialised all bars.
2025-12-23 20:16:06,386 [INFO] [MainThread] [root/bar_manager.py:92]: Stopping SystemEventListener...
2025-12-23 20:16:06,387 [INFO] [MainThread] [root/bar_manager.py:92]: Stopping WindowsNotificationEventListener...
2025-12-23 20:16:06,387 [INFO] [MainThread] [core.utils.widgets.taskbar.window_manager/window_manager.py:218]: TaskbarWindowManager stopped
2025-12-23 20:16:06,388 [DEBUG] [MainThread] [systray_widget/systray.py:504]: Saving state to disk
2025-12-23 20:16:06,388 [DEBUG] [MainThread] [systray_widget/systray.py:508]: Saving state to C:\Users\ratta\AppData\Local\YASB\systray_state_INCG27Q30UMB6CBWL.json
2025-12-23 20:16:06,389 [DEBUG] [MainThread] [systray_widget/utils.py:96]: Destroying window 1578144
2025-12-23 20:16:06,390 [DEBUG] [MainThread] [systray_widget/systray.py:504]: Saving state to disk
2025-12-23 20:16:06,390 [DEBUG] [MainThread] [systray_widget/systray.py:508]: Saving state to C:\Users\ratta\AppData\Local\YASB\systray_state_EKLTDLU28R55H4ZMB00043.json
2025-12-23 20:16:06,391 [DEBUG] [MainThread] [systray_widget/utils.py:96]: Destroying window 1578144
2025-12-23 20:16:06,400 [DEBUG] [MainThread] [qasync._windows._EventPoller/_windows.py:220]: Stopping worker thread...
2025-12-23 20:16:06,413 [DEBUG] [Dummy-5] [qasync._windows._EventWorker/_windows.py:204]: Exiting thread
2025-12-23 20:16:06,416 [DEBUG] [MainThread] [qasync._windows._IocpProactor/_windows.py:78]: Closing
2025-12-23 20:16:06,456 [DEBUG] [MainThread] [systray_widget/utils.py:96]: Destroying window 1578144
2025-12-23 20:16:06,513 [INFO] [MainThread] [root/log.py:69]: YASB v1.8.6
2025-12-23 20:16:06,513 [INFO] [Thread-1 (_run_server)] [cli_server/cli_server.py:212]: CLI server started v1.1.4
2025-12-23 20:16:06,514 [INFO] [MainThread] [cli_server/cli_server.py:104]: Log pipe server started
2025-12-23 20:16:06,770 [ERROR] [MainThread] [root/weather.py:60]: API key or location is missing. Please provide a valid API key and location.
2025-12-23 20:16:07,008 [INFO] [MainThread] [root/service.py:48]: AudioOutputService starting...
2025-12-23 20:16:07,431 [DEBUG] [MainThread] [root/pin_manager.py:163]: Loaded 0 pinned apps from C:\Users\ratta\AppData\Local\YASB\taskbar_pinned.json
2025-12-23 20:16:07,526 [INFO] [MainThread] [core.utils.widgets.taskbar.window_manager/window_manager.py:191]: TaskbarWindowManager is starting...
2025-12-23 20:16:07,563 [ERROR] [MainThread] [root/weather.py:60]: API key or location is missing. Please provide a valid API key and location.
2025-12-23 20:16:07,879 [INFO] [MainThread] [root/bar_manager.py:85]: Starting WindowsNotificationEventListener...
2025-12-23 20:16:07,880 [INFO] [MainThread] [root/bar_manager.py:85]: Starting SystemEventListener...
2025-12-23 20:16:07,881 [INFO] [MainThread] [root/watcher.py:54]: Created file watcher for path C:\Users\ratta\.config\yasb
2025-12-23 20:16:07,929 [INFO] [MainThread] [root/update_service.py:409]: Background update checker started
2025-12-23 20:16:07,929 [DEBUG] [MainThread] [qasync._windows._EventPoller/_windows.py:215]: Starting (proactor: <_IocpProactor overlapped#=0 result#=0>)...
2025-12-23 20:16:07,931 [DEBUG] [Dummy-5] [qasync._windows._EventWorker/_windows.py:195]: Thread started
2025-12-23 20:16:07,933 [DEBUG] [MainThread] [systray_widget/systray.py:526]: Loading state from C:\Users\ratta\AppData\Local\YASB\systray_state_INCG27Q30UMB6CBWL.json
2025-12-23 20:16:07,934 [DEBUG] [SystrayMonitor] [systray_widget/systray.py:57]: Systray thread is starting...
2025-12-23 20:16:07,937 [DEBUG] [MainThread] [systray_widget/systray.py:526]: Loading state from C:\Users\ratta\AppData\Local\YASB\systray_state_EKLTDLU28R55H4ZMB00043.json
2025-12-23 20:16:07,960 [DEBUG] [MainThread] [systray_widget/systray.py:277]: Systray thread started
2025-12-23 20:16:08,162 [DEBUG] [SystrayMonitor] [systray_widget/systray_monitor.py:164]: Adding TaskbandHWND prop to hwnd 8066326
2025-12-23 20:16:08,162 [DEBUG] [SystrayMonitor] [systray_widget/systray_monitor.py:242]: Finding real tray hwnd
2025-12-23 20:16:08,168 [DEBUG] [MainThread] [systray_widget/systray_monitor.py:157]: Sending TaskbarCreated message: 49339
2025-12-23 20:16:20,753 [INFO] [MainThread] [root/controller.py:15]: Reloading Application because of config change.
2025-12-23 20:16:20,864 [INFO] [MainThread] [cli_server/cli_server.py:112]: Log pipe server stopped
2025-12-23 20:16:20,864 [DEBUG] [MainThread] [cli_server/cli_server.py:206]: CLI server stopped
2025-12-23 20:16:20,869 [INFO] [MainThread] [root/bar_manager.py:76]: Successfully loaded updated config and re-initialised all bars.
2025-12-23 20:16:21,113 [INFO] [MainThread] [root/bar_manager.py:92]: Stopping WindowsNotificationEventListener...
2025-12-23 20:16:21,113 [INFO] [MainThread] [root/bar_manager.py:92]: Stopping SystemEventListener...
2025-12-23 20:16:21,114 [INFO] [MainThread] [core.utils.widgets.taskbar.window_manager/window_manager.py:218]: TaskbarWindowManager stopped
2025-12-23 20:16:21,115 [DEBUG] [MainThread] [systray_widget/systray.py:504]: Saving state to disk
2025-12-23 20:16:21,116 [DEBUG] [MainThread] [systray_widget/systray.py:508]: Saving state to C:\Users\ratta\AppData\Local\YASB\systray_state_INCG27Q30UMB6CBWL.json
2025-12-23 20:16:21,117 [DEBUG] [MainThread] [systray_widget/utils.py:96]: Destroying window 8066326
2025-12-23 20:16:21,117 [DEBUG] [MainThread] [systray_widget/systray.py:504]: Saving state to disk
2025-12-23 20:16:21,118 [DEBUG] [MainThread] [systray_widget/systray.py:508]: Saving state to C:\Users\ratta\AppData\Local\YASB\systray_state_EKLTDLU28R55H4ZMB00043.json
2025-12-23 20:16:21,119 [DEBUG] [MainThread] [systray_widget/utils.py:96]: Destroying window 8066326
2025-12-23 20:16:21,128 [DEBUG] [MainThread] [qasync._windows._EventPoller/_windows.py:220]: Stopping worker thread...
2025-12-23 20:16:21,143 [DEBUG] [Dummy-5] [qasync._windows._EventWorker/_windows.py:204]: Exiting thread
2025-12-23 20:16:21,147 [DEBUG] [MainThread] [qasync._windows._IocpProactor/_windows.py:78]: Closing
2025-12-23 20:16:21,181 [DEBUG] [MainThread] [systray_widget/utils.py:96]: Destroying window 8066326
2025-12-23 20:16:21,246 [INFO] [MainThread] [root/log.py:69]: YASB v1.8.6
2025-12-23 20:16:21,247 [INFO] [Thread-1 (_run_server)] [cli_server/cli_server.py:212]: CLI server started v1.1.4
2025-12-23 20:16:21,247 [INFO] [MainThread] [cli_server/cli_server.py:104]: Log pipe server started
2025-12-23 20:16:21,536 [ERROR] [MainThread] [root/weather.py:60]: API key or location is missing. Please provide a valid API key and location.
2025-12-23 20:16:21,804 [INFO] [MainThread] [root/service.py:48]: AudioOutputService starting...
2025-12-23 20:16:22,285 [DEBUG] [MainThread] [root/pin_manager.py:163]: Loaded 0 pinned apps from C:\Users\ratta\AppData\Local\YASB\taskbar_pinned.json
2025-12-23 20:16:22,388 [INFO] [MainThread] [core.utils.widgets.taskbar.window_manager/window_manager.py:191]: TaskbarWindowManager is starting...
2025-12-23 20:16:22,428 [ERROR] [MainThread] [root/weather.py:60]: API key or location is missing. Please provide a valid API key and location.
2025-12-23 20:16:22,710 [INFO] [MainThread] [root/bar_manager.py:85]: Starting WindowsNotificationEventListener...
2025-12-23 20:16:22,711 [INFO] [MainThread] [root/bar_manager.py:85]: Starting SystemEventListener...
2025-12-23 20:16:22,712 [INFO] [MainThread] [root/watcher.py:54]: Created file watcher for path C:\Users\ratta\.config\yasb
2025-12-23 20:16:22,764 [INFO] [MainThread] [root/update_service.py:409]: Background update checker started
2025-12-23 20:16:22,764 [DEBUG] [MainThread] [qasync._windows._EventPoller/_windows.py:215]: Starting (proactor: <_IocpProactor overlapped#=0 result#=0>)...
2025-12-23 20:16:22,766 [DEBUG] [Dummy-5] [qasync._windows._EventWorker/_windows.py:195]: Thread started
2025-12-23 20:16:22,769 [DEBUG] [MainThread] [systray_widget/systray.py:526]: Loading state from C:\Users\ratta\AppData\Local\YASB\systray_state_INCG27Q30UMB6CBWL.json
2025-12-23 20:16:22,772 [DEBUG] [SystrayMonitor] [systray_widget/systray.py:57]: Systray thread is starting...
2025-12-23 20:16:22,772 [DEBUG] [MainThread] [systray_widget/systray.py:526]: Loading state from C:\Users\ratta\AppData\Local\YASB\systray_state_EKLTDLU28R55H4ZMB00043.json
2025-12-23 20:16:22,825 [DEBUG] [MainThread] [systray_widget/systray.py:277]: Systray thread started
2025-12-23 20:16:23,030 [DEBUG] [SystrayMonitor] [systray_widget/systray_monitor.py:164]: Adding TaskbandHWND prop to hwnd 3741052
2025-12-23 20:16:23,031 [DEBUG] [SystrayMonitor] [systray_widget/systray_monitor.py:242]: Finding real tray hwnd
2025-12-23 20:16:23,038 [DEBUG] [MainThread] [systray_widget/systray_monitor.py:157]: Sending TaskbarCreated message: 49339
2025-12-23 20:16:37,820 [ERROR] [Thread-7 (_run_after_command)] [root/wallpaper_manager.py:159]: error: 'wal' is not recognized as an internal or external command,
operable program or batch file.

2025-12-23 20:16:43,453 [ERROR] [Thread-12 (_run_after_command)] [root/wallpaper_manager.py:159]: error: 'wal' is not recognized as an internal or external command,
operable program or batch file.

2025-12-23 20:16:59,676 [INFO] [MainThread] [root/controller.py:15]: Reloading Application because of config change.
2025-12-23 20:16:59,781 [INFO] [MainThread] [cli_server/cli_server.py:112]: Log pipe server stopped
2025-12-23 20:16:59,781 [DEBUG] [MainThread] [cli_server/cli_server.py:206]: CLI server stopped
2025-12-23 20:16:59,785 [INFO] [MainThread] [root/bar_manager.py:76]: Successfully loaded updated config and re-initialised all bars.
2025-12-23 20:16:59,957 [INFO] [MainThread] [root/bar_manager.py:92]: Stopping WindowsNotificationEventListener...
2025-12-23 20:16:59,957 [INFO] [MainThread] [root/bar_manager.py:92]: Stopping SystemEventListener...
2025-12-23 20:16:59,960 [INFO] [MainThread] [core.utils.widgets.taskbar.window_manager/window_manager.py:218]: TaskbarWindowManager stopped
2025-12-23 20:16:59,964 [DEBUG] [MainThread] [systray_widget/systray.py:504]: Saving state to disk
2025-12-23 20:16:59,964 [DEBUG] [MainThread] [systray_widget/systray.py:508]: Saving state to C:\Users\ratta\AppData\Local\YASB\systray_state_INCG27Q30UMB6CBWL.json
2025-12-23 20:16:59,965 [DEBUG] [MainThread] [systray_widget/utils.py:96]: Destroying window 3741052
2025-12-23 20:16:59,967 [DEBUG] [MainThread] [systray_widget/systray.py:504]: Saving state to disk
2025-12-23 20:16:59,967 [DEBUG] [MainThread] [systray_widget/systray.py:508]: Saving state to C:\Users\ratta\AppData\Local\YASB\systray_state_EKLTDLU28R55H4ZMB00043.json
2025-12-23 20:16:59,967 [DEBUG] [MainThread] [systray_widget/utils.py:96]: Destroying window 3741052
2025-12-23 20:16:59,978 [DEBUG] [MainThread] [qasync._windows._EventPoller/_windows.py:220]: Stopping worker thread...
2025-12-23 20:16:59,985 [DEBUG] [Dummy-5] [qasync._windows._EventWorker/_windows.py:204]: Exiting thread
2025-12-23 20:16:59,991 [DEBUG] [MainThread] [qasync._windows._IocpProactor/_windows.py:78]: Closing
2025-12-23 20:17:00,073 [DEBUG] [MainThread] [systray_widget/utils.py:96]: Destroying window 3741052
2025-12-23 20:17:00,175 [INFO] [MainThread] [root/log.py:69]: YASB v1.8.6
2025-12-23 20:17:00,175 [INFO] [Thread-1 (_run_server)] [cli_server/cli_server.py:212]: CLI server started v1.1.4
2025-12-23 20:17:00,176 [INFO] [MainThread] [cli_server/cli_server.py:104]: Log pipe server started
2025-12-23 20:17:00,432 [ERROR] [MainThread] [root/weather.py:60]: API key or location is missing. Please provide a valid API key and location.
2025-12-23 20:17:00,665 [INFO] [MainThread] [root/service.py:48]: AudioOutputService starting...
2025-12-23 20:17:01,073 [DEBUG] [MainThread] [root/pin_manager.py:163]: Loaded 0 pinned apps from C:\Users\ratta\AppData\Local\YASB\taskbar_pinned.json
2025-12-23 20:17:01,174 [INFO] [MainThread] [core.utils.widgets.taskbar.window_manager/window_manager.py:191]: TaskbarWindowManager is starting...
2025-12-23 20:17:01,213 [ERROR] [MainThread] [root/weather.py:60]: API key or location is missing. Please provide a valid API key and location.
2025-12-23 20:17:01,484 [INFO] [MainThread] [root/bar_manager.py:85]: Starting SystemEventListener...
2025-12-23 20:17:01,484 [INFO] [MainThread] [root/bar_manager.py:85]: Starting WindowsNotificationEventListener...
2025-12-23 20:17:01,485 [INFO] [MainThread] [root/watcher.py:54]: Created file watcher for path C:\Users\ratta\.config\yasb
2025-12-23 20:17:01,526 [INFO] [MainThread] [root/update_service.py:409]: Background update checker started
2025-12-23 20:17:01,526 [DEBUG] [MainThread] [qasync._windows._EventPoller/_windows.py:215]: Starting (proactor: <_IocpProactor overlapped#=0 result#=0>)...
2025-12-23 20:17:01,528 [DEBUG] [Dummy-5] [qasync._windows._EventWorker/_windows.py:195]: Thread started
2025-12-23 20:17:01,531 [DEBUG] [MainThread] [systray_widget/systray.py:526]: Loading state from C:\Users\ratta\AppData\Local\YASB\systray_state_INCG27Q30UMB6CBWL.json
2025-12-23 20:17:01,533 [DEBUG] [SystrayMonitor] [systray_widget/systray.py:57]: Systray thread is starting...
2025-12-23 20:17:01,534 [DEBUG] [MainThread] [systray_widget/systray.py:526]: Loading state from C:\Users\ratta\AppData\Local\YASB\systray_state_EKLTDLU28R55H4ZMB00043.json
2025-12-23 20:17:01,569 [DEBUG] [MainThread] [systray_widget/systray.py:277]: Systray thread started
2025-12-23 20:17:01,762 [DEBUG] [SystrayMonitor] [systray_widget/systray_monitor.py:164]: Adding TaskbandHWND prop to hwnd 1840558
2025-12-23 20:17:01,762 [DEBUG] [SystrayMonitor] [systray_widget/systray_monitor.py:242]: Finding real tray hwnd
2025-12-23 20:17:01,767 [DEBUG] [MainThread] [systray_widget/systray_monitor.py:157]: Sending TaskbarCreated message: 49339
2025-12-23 20:17:07,248 [INFO] [MainThread] [root/controller.py:15]: Reloading Application because of config change.
2025-12-23 20:17:07,357 [INFO] [MainThread] [cli_server/cli_server.py:112]: Log pipe server stopped
2025-12-23 20:17:07,357 [DEBUG] [MainThread] [cli_server/cli_server.py:206]: CLI server stopped
2025-12-23 20:17:07,361 [INFO] [MainThread] [root/bar_manager.py:76]: Successfully loaded updated config and re-initialised all bars.
2025-12-23 20:17:07,585 [INFO] [MainThread] [root/bar_manager.py:92]: Stopping SystemEventListener...
2025-12-23 20:17:07,585 [INFO] [MainThread] [root/bar_manager.py:92]: Stopping WindowsNotificationEventListener...
2025-12-23 20:17:07,585 [INFO] [MainThread] [core.utils.widgets.taskbar.window_manager/window_manager.py:218]: TaskbarWindowManager stopped
2025-12-23 20:17:07,587 [DEBUG] [MainThread] [systray_widget/systray.py:504]: Saving state to disk
2025-12-23 20:17:07,587 [DEBUG] [MainThread] [systray_widget/systray.py:508]: Saving state to C:\Users\ratta\AppData\Local\YASB\systray_state_INCG27Q30UMB6CBWL.json
2025-12-23 20:17:07,588 [DEBUG] [MainThread] [systray_widget/utils.py:96]: Destroying window 1840558
2025-12-23 20:17:07,589 [DEBUG] [MainThread] [systray_widget/systray.py:504]: Saving state to disk
2025-12-23 20:17:07,589 [DEBUG] [MainThread] [systray_widget/systray.py:508]: Saving state to C:\Users\ratta\AppData\Local\YASB\systray_state_EKLTDLU28R55H4ZMB00043.json
2025-12-23 20:17:07,590 [DEBUG] [MainThread] [systray_widget/utils.py:96]: Destroying window 1840558
2025-12-23 20:17:07,599 [DEBUG] [MainThread] [qasync._windows._EventPoller/_windows.py:220]: Stopping worker thread...
2025-12-23 20:17:07,608 [DEBUG] [Dummy-5] [qasync._windows._EventWorker/_windows.py:204]: Exiting thread
2025-12-23 20:17:07,618 [DEBUG] [MainThread] [qasync._windows._IocpProactor/_windows.py:78]: Closing
2025-12-23 20:17:07,643 [DEBUG] [MainThread] [systray_widget/utils.py:96]: Destroying window 1840558
2025-12-23 20:17:07,729 [INFO] [MainThread] [root/log.py:69]: YASB v1.8.6
2025-12-23 20:17:07,730 [INFO] [Thread-1 (_run_server)] [cli_server/cli_server.py:212]: CLI server started v1.1.4
2025-12-23 20:17:07,730 [INFO] [MainThread] [cli_server/cli_server.py:104]: Log pipe server started
2025-12-23 20:17:07,988 [ERROR] [MainThread] [root/weather.py:60]: API key or location is missing. Please provide a valid API key and location.
2025-12-23 20:17:08,205 [INFO] [MainThread] [root/service.py:48]: AudioOutputService starting...
2025-12-23 20:17:08,628 [DEBUG] [MainThread] [root/pin_manager.py:163]: Loaded 0 pinned apps from C:\Users\ratta\AppData\Local\YASB\taskbar_pinned.json
2025-12-23 20:17:08,716 [INFO] [MainThread] [core.utils.widgets.taskbar.window_manager/window_manager.py:191]: TaskbarWindowManager is starting...
2025-12-23 20:17:08,755 [ERROR] [MainThread] [root/weather.py:60]: API key or location is missing. Please provide a valid API key and location.
2025-12-23 20:17:09,030 [INFO] [MainThread] [root/bar_manager.py:85]: Starting WindowsNotificationEventListener...
2025-12-23 20:17:09,031 [INFO] [MainThread] [root/bar_manager.py:85]: Starting SystemEventListener...
2025-12-23 20:17:09,032 [INFO] [MainThread] [root/watcher.py:54]: Created file watcher for path C:\Users\ratta\.config\yasb
2025-12-23 20:17:09,073 [INFO] [MainThread] [root/update_service.py:409]: Background update checker started
2025-12-23 20:17:09,073 [DEBUG] [MainThread] [qasync._windows._EventPoller/_windows.py:215]: Starting (proactor: <_IocpProactor overlapped#=0 result#=0>)...
2025-12-23 20:17:09,074 [DEBUG] [Dummy-5] [qasync._windows._EventWorker/_windows.py:195]: Thread started
2025-12-23 20:17:09,076 [DEBUG] [MainThread] [systray_widget/systray.py:526]: Loading state from C:\Users\ratta\AppData\Local\YASB\systray_state_INCG27Q30UMB6CBWL.json
2025-12-23 20:17:09,078 [DEBUG] [SystrayMonitor] [systray_widget/systray.py:57]: Systray thread is starting...
2025-12-23 20:17:09,079 [DEBUG] [MainThread] [systray_widget/systray.py:526]: Loading state from C:\Users\ratta\AppData\Local\YASB\systray_state_EKLTDLU28R55H4ZMB00043.json
2025-12-23 20:17:09,100 [DEBUG] [MainThread] [systray_widget/systray.py:277]: Systray thread started
2025-12-23 20:17:09,294 [DEBUG] [SystrayMonitor] [systray_widget/systray_monitor.py:164]: Adding TaskbandHWND prop to hwnd 13633816
2025-12-23 20:17:09,295 [DEBUG] [SystrayMonitor] [systray_widget/systray_monitor.py:242]: Finding real tray hwnd
2025-12-23 20:17:09,302 [DEBUG] [MainThread] [systray_widget/systray_monitor.py:157]: Sending TaskbarCreated message: 49339
2025-12-23 20:17:11,587 [INFO] [MainThread] [root/controller.py:15]: Reloading Application because of config change.
2025-12-23 20:17:11,691 [INFO] [MainThread] [cli_server/cli_server.py:112]: Log pipe server stopped
2025-12-23 20:17:11,691 [DEBUG] [MainThread] [cli_server/cli_server.py:206]: CLI server stopped
2025-12-23 20:17:11,694 [INFO] [MainThread] [root/bar_manager.py:76]: Successfully loaded updated config and re-initialised all bars.
2025-12-23 20:17:11,891 [INFO] [MainThread] [root/bar_manager.py:92]: Stopping WindowsNotificationEventListener...
2025-12-23 20:17:11,891 [INFO] [MainThread] [root/bar_manager.py:92]: Stopping SystemEventListener...
2025-12-23 20:17:11,892 [INFO] [MainThread] [core.utils.widgets.taskbar.window_manager/window_manager.py:218]: TaskbarWindowManager stopped
2025-12-23 20:17:11,893 [DEBUG] [MainThread] [systray_widget/systray.py:504]: Saving state to disk
2025-12-23 20:17:11,893 [DEBUG] [MainThread] [systray_widget/systray.py:508]: Saving state to C:\Users\ratta\AppData\Local\YASB\systray_state_INCG27Q30UMB6CBWL.json
2025-12-23 20:17:11,894 [DEBUG] [MainThread] [systray_widget/utils.py:96]: Destroying window 13633816
2025-12-23 20:17:11,895 [DEBUG] [MainThread] [systray_widget/systray.py:504]: Saving state to disk
2025-12-23 20:17:11,895 [DEBUG] [MainThread] [systray_widget/systray.py:508]: Saving state to C:\Users\ratta\AppData\Local\YASB\systray_state_EKLTDLU28R55H4ZMB00043.json
2025-12-23 20:17:11,895 [DEBUG] [MainThread] [systray_widget/utils.py:96]: Destroying window 13633816
2025-12-23 20:17:11,906 [DEBUG] [MainThread] [qasync._windows._EventPoller/_windows.py:220]: Stopping worker thread...
2025-12-23 20:17:11,909 [DEBUG] [Dummy-5] [qasync._windows._EventWorker/_windows.py:204]: Exiting thread
2025-12-23 20:17:11,913 [DEBUG] [MainThread] [qasync._windows._IocpProactor/_windows.py:78]: Closing
2025-12-23 20:17:11,940 [DEBUG] [MainThread] [systray_widget/utils.py:96]: Destroying window 13633816
2025-12-23 20:17:12,076 [INFO] [MainThread] [root/log.py:69]: YASB v1.8.6
2025-12-23 20:17:12,076 [INFO] [Thread-1 (_run_server)] [cli_server/cli_server.py:212]: CLI server started v1.1.4
2025-12-23 20:17:12,077 [INFO] [MainThread] [cli_server/cli_server.py:104]: Log pipe server started
2025-12-23 20:17:12,360 [ERROR] [MainThread] [root/weather.py:60]: API key or location is missing. Please provide a valid API key and location.
2025-12-23 20:17:12,576 [INFO] [MainThread] [root/service.py:48]: AudioOutputService starting...
2025-12-23 20:17:12,994 [DEBUG] [MainThread] [root/pin_manager.py:163]: Loaded 0 pinned apps from C:\Users\ratta\AppData\Local\YASB\taskbar_pinned.json
2025-12-23 20:17:13,083 [INFO] [MainThread] [core.utils.widgets.taskbar.window_manager/window_manager.py:191]: TaskbarWindowManager is starting...
2025-12-23 20:17:13,121 [ERROR] [MainThread] [root/weather.py:60]: API key or location is missing. Please provide a valid API key and location.
2025-12-23 20:17:13,412 [INFO] [MainThread] [root/bar_manager.py:85]: Starting SystemEventListener...
2025-12-23 20:17:13,412 [INFO] [MainThread] [root/bar_manager.py:85]: Starting WindowsNotificationEventListener...
2025-12-23 20:17:13,413 [INFO] [MainThread] [root/watcher.py:54]: Created file watcher for path C:\Users\ratta\.config\yasb
2025-12-23 20:17:13,450 [INFO] [MainThread] [root/update_service.py:409]: Background update checker started
2025-12-23 20:17:13,450 [DEBUG] [MainThread] [qasync._windows._EventPoller/_windows.py:215]: Starting (proactor: <_IocpProactor overlapped#=0 result#=0>)...
2025-12-23 20:17:13,451 [DEBUG] [Dummy-5] [qasync._windows._EventWorker/_windows.py:195]: Thread started
2025-12-23 20:17:13,453 [DEBUG] [MainThread] [systray_widget/systray.py:526]: Loading state from C:\Users\ratta\AppData\Local\YASB\systray_state_INCG27Q30UMB6CBWL.json
2025-12-23 20:17:13,454 [DEBUG] [SystrayMonitor] [systray_widget/systray.py:57]: Systray thread is starting...
2025-12-23 20:17:13,456 [DEBUG] [MainThread] [systray_widget/systray.py:526]: Loading state from C:\Users\ratta\AppData\Local\YASB\systray_state_EKLTDLU28R55H4ZMB00043.json
2025-12-23 20:17:13,476 [DEBUG] [MainThread] [systray_widget/systray.py:277]: Systray thread started
2025-12-23 20:17:13,678 [DEBUG] [SystrayMonitor] [systray_widget/systray_monitor.py:164]: Adding TaskbandHWND prop to hwnd 2233522
2025-12-23 20:17:13,679 [DEBUG] [SystrayMonitor] [systray_widget/systray_monitor.py:242]: Finding real tray hwnd
2025-12-23 20:17:13,686 [DEBUG] [MainThread] [systray_widget/systray_monitor.py:157]: Sending TaskbarCreated message: 49339
2025-12-23 20:17:23,461 [INFO] [MainThread] [root/controller.py:15]: Reloading Application because of config change.
2025-12-23 20:17:23,576 [INFO] [MainThread] [cli_server/cli_server.py:112]: Log pipe server stopped
2025-12-23 20:17:23,576 [DEBUG] [MainThread] [cli_server/cli_server.py:206]: CLI server stopped
2025-12-23 20:17:23,580 [INFO] [MainThread] [root/bar_manager.py:76]: Successfully loaded updated config and re-initialised all bars.
2025-12-23 20:17:23,786 [INFO] [MainThread] [root/bar_manager.py:92]: Stopping SystemEventListener...
2025-12-23 20:17:23,786 [INFO] [MainThread] [root/bar_manager.py:92]: Stopping WindowsNotificationEventListener...
2025-12-23 20:17:23,787 [INFO] [MainThread] [core.utils.widgets.taskbar.window_manager/window_manager.py:218]: TaskbarWindowManager stopped
2025-12-23 20:17:23,790 [DEBUG] [MainThread] [systray_widget/systray.py:504]: Saving state to disk
2025-12-23 20:17:23,790 [DEBUG] [MainThread] [systray_widget/systray.py:508]: Saving state to C:\Users\ratta\AppData\Local\YASB\systray_state_INCG27Q30UMB6CBWL.json
2025-12-23 20:17:23,791 [DEBUG] [MainThread] [systray_widget/utils.py:96]: Destroying window 2233522
2025-12-23 20:17:23,792 [DEBUG] [MainThread] [systray_widget/systray.py:504]: Saving state to disk
2025-12-23 20:17:23,792 [DEBUG] [MainThread] [systray_widget/systray.py:508]: Saving state to C:\Users\ratta\AppData\Local\YASB\systray_state_EKLTDLU28R55H4ZMB00043.json
2025-12-23 20:17:23,793 [DEBUG] [MainThread] [systray_widget/utils.py:96]: Destroying window 2233522
2025-12-23 20:17:23,800 [DEBUG] [MainThread] [qasync._windows._EventPoller/_windows.py:220]: Stopping worker thread...
2025-12-23 20:17:23,809 [DEBUG] [Dummy-5] [qasync._windows._EventWorker/_windows.py:204]: Exiting thread
2025-12-23 20:17:23,812 [DEBUG] [MainThread] [qasync._windows._IocpProactor/_windows.py:78]: Closing
2025-12-23 20:17:23,840 [DEBUG] [MainThread] [systray_widget/utils.py:96]: Destroying window 2233522
2025-12-23 20:17:23,939 [INFO] [MainThread] [root/log.py:69]: YASB v1.8.6
2025-12-23 20:17:23,940 [INFO] [Thread-1 (_run_server)] [cli_server/cli_server.py:212]: CLI server started v1.1.4
2025-12-23 20:17:23,940 [INFO] [MainThread] [cli_server/cli_server.py:104]: Log pipe server started
2025-12-23 20:17:24,188 [ERROR] [MainThread] [root/weather.py:60]: API key or location is missing. Please provide a valid API key and location.
2025-12-23 20:17:24,413 [INFO] [MainThread] [root/service.py:48]: AudioOutputService starting...
2025-12-23 20:17:24,882 [DEBUG] [MainThread] [root/pin_manager.py:163]: Loaded 0 pinned apps from C:\Users\ratta\AppData\Local\YASB\taskbar_pinned.json
2025-12-23 20:17:24,969 [INFO] [MainThread] [core.utils.widgets.taskbar.window_manager/window_manager.py:191]: TaskbarWindowManager is starting...
2025-12-23 20:17:25,005 [ERROR] [MainThread] [root/weather.py:60]: API key or location is missing. Please provide a valid API key and location.
2025-12-23 20:17:25,291 [INFO] [MainThread] [root/bar_manager.py:85]: Starting SystemEventListener...
2025-12-23 20:17:25,291 [INFO] [MainThread] [root/bar_manager.py:85]: Starting WindowsNotificationEventListener...
2025-12-23 20:17:25,292 [INFO] [MainThread] [root/watcher.py:54]: Created file watcher for path C:\Users\ratta\.config\yasb
2025-12-23 20:17:25,331 [INFO] [MainThread] [root/update_service.py:409]: Background update checker started
2025-12-23 20:17:25,331 [DEBUG] [MainThread] [qasync._windows._EventPoller/_windows.py:215]: Starting (proactor: <_IocpProactor overlapped#=0 result#=0>)...
2025-12-23 20:17:25,332 [DEBUG] [Dummy-5] [qasync._windows._EventWorker/_windows.py:195]: Thread started
2025-12-23 20:17:25,335 [DEBUG] [MainThread] [systray_widget/systray.py:526]: Loading state from C:\Users\ratta\AppData\Local\YASB\systray_state_INCG27Q30UMB6CBWL.json
2025-12-23 20:17:25,337 [DEBUG] [SystrayMonitor] [systray_widget/systray.py:57]: Systray thread is starting...
2025-12-23 20:17:25,338 [DEBUG] [MainThread] [systray_widget/systray.py:526]: Loading state from C:\Users\ratta\AppData\Local\YASB\systray_state_EKLTDLU28R55H4ZMB00043.json
2025-12-23 20:17:25,370 [DEBUG] [MainThread] [systray_widget/systray.py:277]: Systray thread started
2025-12-23 20:17:25,580 [DEBUG] [SystrayMonitor] [systray_widget/systray_monitor.py:164]: Adding TaskbandHWND prop to hwnd 1378618
2025-12-23 20:17:25,580 [DEBUG] [SystrayMonitor] [systray_widget/systray_monitor.py:242]: Finding real tray hwnd
2025-12-23 20:17:25,584 [DEBUG] [MainThread] [systray_widget/systray_monitor.py:157]: Sending TaskbarCreated message: 49339
2025-12-23 20:17:53,999 [INFO] [MainThread] [root/controller.py:15]: Reloading Application because of config change.
2025-12-23 20:17:54,109 [INFO] [MainThread] [cli_server/cli_server.py:112]: Log pipe server stopped
2025-12-23 20:17:54,109 [DEBUG] [MainThread] [cli_server/cli_server.py:206]: CLI server stopped
2025-12-23 20:17:54,113 [INFO] [MainThread] [root/bar_manager.py:76]: Successfully loaded updated config and re-initialised all bars.
2025-12-23 20:17:54,326 [INFO] [MainThread] [root/bar_manager.py:92]: Stopping SystemEventListener...
2025-12-23 20:17:54,326 [INFO] [MainThread] [root/bar_manager.py:92]: Stopping WindowsNotificationEventListener...
2025-12-23 20:17:54,327 [INFO] [MainThread] [core.utils.widgets.taskbar.window_manager/window_manager.py:218]: TaskbarWindowManager stopped
2025-12-23 20:17:54,329 [DEBUG] [MainThread] [systray_widget/systray.py:504]: Saving state to disk
2025-12-23 20:17:54,329 [DEBUG] [MainThread] [systray_widget/systray.py:508]: Saving state to C:\Users\ratta\AppData\Local\YASB\systray_state_INCG27Q30UMB6CBWL.json
2025-12-23 20:17:54,330 [DEBUG] [MainThread] [systray_widget/utils.py:96]: Destroying window 1378618
2025-12-23 20:17:54,331 [DEBUG] [MainThread] [systray_widget/systray.py:504]: Saving state to disk
2025-12-23 20:17:54,331 [DEBUG] [MainThread] [systray_widget/systray.py:508]: Saving state to C:\Users\ratta\AppData\Local\YASB\systray_state_EKLTDLU28R55H4ZMB00043.json
2025-12-23 20:17:54,332 [DEBUG] [MainThread] [systray_widget/utils.py:96]: Destroying window 1378618
2025-12-23 20:17:54,341 [DEBUG] [MainThread] [qasync._windows._EventPoller/_windows.py:220]: Stopping worker thread...
2025-12-23 20:17:54,343 [DEBUG] [Dummy-5] [qasync._windows._EventWorker/_windows.py:204]: Exiting thread
2025-12-23 20:17:54,347 [DEBUG] [MainThread] [qasync._windows._IocpProactor/_windows.py:78]: Closing
2025-12-23 20:17:54,398 [DEBUG] [MainThread] [systray_widget/utils.py:96]: Destroying window 1378618
2025-12-23 20:17:54,495 [INFO] [MainThread] [root/log.py:69]: YASB v1.8.6
2025-12-23 20:17:54,496 [INFO] [Thread-1 (_run_server)] [cli_server/cli_server.py:212]: CLI server started v1.1.4
2025-12-23 20:17:54,496 [INFO] [MainThread] [cli_server/cli_server.py:104]: Log pipe server started
2025-12-23 20:17:54,743 [ERROR] [MainThread] [root/weather.py:60]: API key or location is missing. Please provide a valid API key and location.
2025-12-23 20:17:54,989 [INFO] [MainThread] [root/service.py:48]: AudioOutputService starting...
2025-12-23 20:17:55,459 [DEBUG] [MainThread] [root/pin_manager.py:163]: Loaded 0 pinned apps from C:\Users\ratta\AppData\Local\YASB\taskbar_pinned.json
2025-12-23 20:17:55,556 [INFO] [MainThread] [core.utils.widgets.taskbar.window_manager/window_manager.py:191]: TaskbarWindowManager is starting...
2025-12-23 20:17:55,592 [ERROR] [MainThread] [root/weather.py:60]: API key or location is missing. Please provide a valid API key and location.
2025-12-23 20:17:55,823 [INFO] [MainThread] [root/bar_manager.py:85]: Starting SystemEventListener...
2025-12-23 20:17:55,823 [INFO] [MainThread] [root/bar_manager.py:85]: Starting WindowsNotificationEventListener...
2025-12-23 20:17:55,824 [INFO] [MainThread] [root/watcher.py:54]: Created file watcher for path C:\Users\ratta\.config\yasb
2025-12-23 20:17:55,859 [INFO] [MainThread] [root/update_service.py:409]: Background update checker started
2025-12-23 20:17:55,859 [DEBUG] [MainThread] [qasync._windows._EventPoller/_windows.py:215]: Starting (proactor: <_IocpProactor overlapped#=0 result#=0>)...
2025-12-23 20:17:55,860 [DEBUG] [Dummy-5] [qasync._windows._EventWorker/_windows.py:195]: Thread started
2025-12-23 20:17:55,862 [DEBUG] [MainThread] [systray_widget/systray.py:526]: Loading state from C:\Users\ratta\AppData\Local\YASB\systray_state_INCG27Q30UMB6CBWL.json
2025-12-23 20:17:55,864 [DEBUG] [SystrayMonitor] [systray_widget/systray.py:57]: Systray thread is starting...
2025-12-23 20:17:55,865 [DEBUG] [MainThread] [systray_widget/systray.py:526]: Loading state from C:\Users\ratta\AppData\Local\YASB\systray_state_EKLTDLU28R55H4ZMB00043.json
2025-12-23 20:17:55,886 [DEBUG] [MainThread] [systray_widget/systray.py:277]: Systray thread started
2025-12-23 20:17:56,090 [DEBUG] [SystrayMonitor] [systray_widget/systray_monitor.py:164]: Adding TaskbandHWND prop to hwnd 2496026
2025-12-23 20:17:56,090 [DEBUG] [SystrayMonitor] [systray_widget/systray_monitor.py:242]: Finding real tray hwnd
2025-12-23 20:17:56,096 [DEBUG] [MainThread] [systray_widget/systray_monitor.py:157]: Sending TaskbarCreated message: 49339
2025-12-23 20:18:10,701 [INFO] [MainThread] [root/controller.py:15]: Reloading Application because of config change.
2025-12-23 20:18:10,810 [INFO] [MainThread] [cli_server/cli_server.py:112]: Log pipe server stopped
2025-12-23 20:18:10,810 [DEBUG] [MainThread] [cli_server/cli_server.py:206]: CLI server stopped
2025-12-23 20:18:10,814 [INFO] [MainThread] [root/bar_manager.py:76]: Successfully loaded updated config and re-initialised all bars.
2025-12-23 20:18:11,019 [INFO] [MainThread] [root/bar_manager.py:92]: Stopping SystemEventListener...
2025-12-23 20:18:11,020 [INFO] [MainThread] [root/bar_manager.py:92]: Stopping WindowsNotificationEventListener...
2025-12-23 20:18:11,020 [INFO] [MainThread] [core.utils.widgets.taskbar.window_manager/window_manager.py:218]: TaskbarWindowManager stopped
2025-12-23 20:18:11,022 [DEBUG] [MainThread] [systray_widget/systray.py:504]: Saving state to disk
2025-12-23 20:18:11,022 [DEBUG] [MainThread] [systray_widget/systray.py:508]: Saving state to C:\Users\ratta\AppData\Local\YASB\systray_state_INCG27Q30UMB6CBWL.json
2025-12-23 20:18:11,023 [DEBUG] [MainThread] [systray_widget/utils.py:96]: Destroying window 2496026
2025-12-23 20:18:11,024 [DEBUG] [MainThread] [systray_widget/systray.py:504]: Saving state to disk
2025-12-23 20:18:11,024 [DEBUG] [MainThread] [systray_widget/systray.py:508]: Saving state to C:\Users\ratta\AppData\Local\YASB\systray_state_EKLTDLU28R55H4ZMB00043.json
2025-12-23 20:18:11,025 [DEBUG] [MainThread] [systray_widget/utils.py:96]: Destroying window 2496026
2025-12-23 20:18:11,034 [DEBUG] [MainThread] [qasync._windows._EventPoller/_windows.py:220]: Stopping worker thread...
2025-12-23 20:18:11,042 [DEBUG] [Dummy-5] [qasync._windows._EventWorker/_windows.py:204]: Exiting thread
2025-12-23 20:18:11,046 [DEBUG] [MainThread] [qasync._windows._IocpProactor/_windows.py:78]: Closing
2025-12-23 20:18:11,089 [DEBUG] [MainThread] [systray_widget/utils.py:96]: Destroying window 2496026
2025-12-23 20:18:11,205 [INFO] [MainThread] [root/log.py:69]: YASB v1.8.6
2025-12-23 20:18:11,206 [INFO] [Thread-1 (_run_server)] [cli_server/cli_server.py:212]: CLI server started v1.1.4
2025-12-23 20:18:11,206 [INFO] [MainThread] [cli_server/cli_server.py:104]: Log pipe server started
2025-12-23 20:18:11,486 [ERROR] [MainThread] [root/weather.py:60]: API key or location is missing. Please provide a valid API key and location.
2025-12-23 20:18:11,721 [INFO] [MainThread] [root/service.py:48]: AudioOutputService starting...
2025-12-23 20:18:12,135 [DEBUG] [MainThread] [root/pin_manager.py:163]: Loaded 0 pinned apps from C:\Users\ratta\AppData\Local\YASB\taskbar_pinned.json
2025-12-23 20:18:12,222 [INFO] [MainThread] [core.utils.widgets.taskbar.window_manager/window_manager.py:191]: TaskbarWindowManager is starting...
2025-12-23 20:18:12,258 [ERROR] [MainThread] [root/weather.py:60]: API key or location is missing. Please provide a valid API key and location.
2025-12-23 20:18:12,538 [INFO] [MainThread] [root/bar_manager.py:85]: Starting WindowsNotificationEventListener...
2025-12-23 20:18:12,538 [INFO] [MainThread] [root/bar_manager.py:85]: Starting SystemEventListener...
2025-12-23 20:18:12,538 [INFO] [MainThread] [root/watcher.py:54]: Created file watcher for path C:\Users\ratta\.config\yasb
2025-12-23 20:18:12,582 [INFO] [MainThread] [root/update_service.py:409]: Background update checker started
2025-12-23 20:18:12,582 [DEBUG] [MainThread] [qasync._windows._EventPoller/_windows.py:215]: Starting (proactor: <_IocpProactor overlapped#=0 result#=0>)...
2025-12-23 20:18:12,583 [DEBUG] [Dummy-5] [qasync._windows._EventWorker/_windows.py:195]: Thread started
2025-12-23 20:18:12,585 [DEBUG] [MainThread] [systray_widget/systray.py:526]: Loading state from C:\Users\ratta\AppData\Local\YASB\systray_state_INCG27Q30UMB6CBWL.json
2025-12-23 20:18:12,587 [DEBUG] [SystrayMonitor] [systray_widget/systray.py:57]: Systray thread is starting...
2025-12-23 20:18:12,588 [DEBUG] [MainThread] [systray_widget/systray.py:526]: Loading state from C:\Users\ratta\AppData\Local\YASB\systray_state_EKLTDLU28R55H4ZMB00043.json
2025-12-23 20:18:12,610 [DEBUG] [MainThread] [systray_widget/systray.py:277]: Systray thread started
2025-12-23 20:18:12,807 [DEBUG] [SystrayMonitor] [systray_widget/systray_monitor.py:164]: Adding TaskbandHWND prop to hwnd 2561562
2025-12-23 20:18:12,808 [DEBUG] [SystrayMonitor] [systray_widget/systray_monitor.py:242]: Finding real tray hwnd
2025-12-23 20:18:12,816 [DEBUG] [MainThread] [systray_widget/systray_monitor.py:157]: Sending TaskbarCreated message: 49339
2025-12-23 20:18:16,898 [ERROR] [Thread-7 (_run_after_command)] [root/wallpaper_manager.py:159]: error: 'wal' is not recognized as an internal or external command,
operable program or batch file.

2025-12-23 20:18:49,640 [INFO] [MainThread] [root/controller.py:15]: Reloading Application because of config change.
2025-12-23 20:18:49,742 [INFO] [MainThread] [cli_server/cli_server.py:112]: Log pipe server stopped
2025-12-23 20:18:49,742 [DEBUG] [MainThread] [cli_server/cli_server.py:206]: CLI server stopped
2025-12-23 20:18:49,745 [INFO] [MainThread] [root/bar_manager.py:76]: Successfully loaded updated config and re-initialised all bars.
2025-12-23 20:18:49,997 [INFO] [MainThread] [root/log.py:69]: YASB v1.8.6
2025-12-23 20:18:49,998 [INFO] [Thread-1 (_run_server)] [cli_server/cli_server.py:212]: CLI server started v1.1.4
2025-12-23 20:18:49,998 [INFO] [MainThread] [cli_server/cli_server.py:104]: Log pipe server started
2025-12-23 20:18:49,998 [INFO] [MainThread] [root/main.py:45]: Waiting for previous YASB instance to exit...
2025-12-23 20:18:50,067 [INFO] [MainThread] [root/bar_manager.py:92]: Stopping WindowsNotificationEventListener...
2025-12-23 20:18:50,067 [INFO] [MainThread] [root/bar_manager.py:92]: Stopping SystemEventListener...
2025-12-23 20:18:50,067 [INFO] [MainThread] [core.utils.widgets.taskbar.window_manager/window_manager.py:218]: TaskbarWindowManager stopped
2025-12-23 20:18:50,068 [DEBUG] [MainThread] [systray_widget/systray.py:504]: Saving state to disk
2025-12-23 20:18:50,068 [DEBUG] [MainThread] [systray_widget/systray.py:508]: Saving state to C:\Users\ratta\AppData\Local\YASB\systray_state_INCG27Q30UMB6CBWL.json
2025-12-23 20:18:50,069 [DEBUG] [MainThread] [systray_widget/utils.py:96]: Destroying window 2561562
2025-12-23 20:18:50,069 [DEBUG] [MainThread] [systray_widget/systray.py:504]: Saving state to disk
2025-12-23 20:18:50,069 [DEBUG] [MainThread] [systray_widget/systray.py:508]: Saving state to C:\Users\ratta\AppData\Local\YASB\systray_state_EKLTDLU28R55H4ZMB00043.json
2025-12-23 20:18:50,069 [DEBUG] [MainThread] [systray_widget/utils.py:96]: Destroying window 2561562
2025-12-23 20:18:50,082 [DEBUG] [MainThread] [qasync._windows._EventPoller/_windows.py:220]: Stopping worker thread...
2025-12-23 20:18:50,092 [DEBUG] [Dummy-5] [qasync._windows._EventWorker/_windows.py:204]: Exiting thread
2025-12-23 20:18:50,100 [DEBUG] [MainThread] [qasync._windows._IocpProactor/_windows.py:78]: Closing
2025-12-23 20:18:50,178 [DEBUG] [MainThread] [systray_widget/utils.py:96]: Destroying window 2561562
2025-12-23 20:18:50,249 [INFO] [MainThread] [root/main.py:71]: Previous instance exited, continuing startup.
2025-12-23 20:18:50,523 [ERROR] [MainThread] [root/weather.py:60]: API key or location is missing. Please provide a valid API key and location.
2025-12-23 20:18:50,746 [INFO] [MainThread] [root/service.py:48]: AudioOutputService starting...
2025-12-23 20:18:51,237 [DEBUG] [MainThread] [root/pin_manager.py:163]: Loaded 0 pinned apps from C:\Users\ratta\AppData\Local\YASB\taskbar_pinned.json
2025-12-23 20:18:51,337 [INFO] [MainThread] [core.utils.widgets.taskbar.window_manager/window_manager.py:191]: TaskbarWindowManager is starting...
2025-12-23 20:18:51,374 [ERROR] [MainThread] [root/weather.py:60]: API key or location is missing. Please provide a valid API key and location.
2025-12-23 20:18:51,690 [INFO] [MainThread] [root/bar_manager.py:85]: Starting SystemEventListener...
2025-12-23 20:18:51,690 [INFO] [MainThread] [root/bar_manager.py:85]: Starting WindowsNotificationEventListener...
2025-12-23 20:18:51,691 [INFO] [MainThread] [root/watcher.py:54]: Created file watcher for path C:\Users\ratta\.config\yasb
2025-12-23 20:18:51,736 [INFO] [MainThread] [root/update_service.py:409]: Background update checker started
2025-12-23 20:18:51,736 [DEBUG] [MainThread] [qasync._windows._EventPoller/_windows.py:215]: Starting (proactor: <_IocpProactor overlapped#=0 result#=0>)...
2025-12-23 20:18:51,737 [DEBUG] [Dummy-5] [qasync._windows._EventWorker/_windows.py:195]: Thread started
2025-12-23 20:18:51,739 [DEBUG] [MainThread] [systray_widget/systray.py:526]: Loading state from C:\Users\ratta\AppData\Local\YASB\systray_state_INCG27Q30UMB6CBWL.json
2025-12-23 20:18:51,741 [DEBUG] [SystrayMonitor] [systray_widget/systray.py:57]: Systray thread is starting...
2025-12-23 20:18:51,742 [DEBUG] [MainThread] [systray_widget/systray.py:526]: Loading state from C:\Users\ratta\AppData\Local\YASB\systray_state_EKLTDLU28R55H4ZMB00043.json
2025-12-23 20:18:51,768 [DEBUG] [MainThread] [systray_widget/systray.py:277]: Systray thread started
2025-12-23 20:18:51,970 [DEBUG] [SystrayMonitor] [systray_widget/systray_monitor.py:164]: Adding TaskbandHWND prop to hwnd 4064924
2025-12-23 20:18:51,971 [DEBUG] [SystrayMonitor] [systray_widget/systray_monitor.py:242]: Finding real tray hwnd
2025-12-23 20:18:51,978 [DEBUG] [MainThread] [systray_widget/systray_monitor.py:157]: Sending TaskbarCreated message: 49339
2025-12-23 20:19:04,345 [ERROR] [MainThread] [root/bar_manager.py:56]: Error loading config: while scanning a double-quoted scalar
  in "C:\Users\ratta\.config\yasb\config.yaml", line 441, column 21
found unknown escape character 'G'
  in "C:\Users\ratta\.config\yasb\config.yaml", line 441, column 67
2025-12-23 20:19:13,389 [INFO] [MainThread] [root/controller.py:15]: Reloading Application because of config change.
2025-12-23 20:19:13,492 [INFO] [MainThread] [cli_server/cli_server.py:112]: Log pipe server stopped
2025-12-23 20:19:13,492 [DEBUG] [MainThread] [cli_server/cli_server.py:206]: CLI server stopped
2025-12-23 20:19:13,496 [INFO] [MainThread] [root/bar_manager.py:76]: Successfully loaded updated config and re-initialised all bars.
2025-12-23 20:19:13,768 [INFO] [MainThread] [root/log.py:69]: YASB v1.8.6
2025-12-23 20:19:13,768 [INFO] [Thread-1 (_run_server)] [cli_server/cli_server.py:212]: CLI server started v1.1.4
2025-12-23 20:19:13,769 [INFO] [MainThread] [cli_server/cli_server.py:104]: Log pipe server started
2025-12-23 20:19:13,769 [INFO] [MainThread] [root/main.py:45]: Waiting for previous YASB instance to exit...
2025-12-23 20:19:13,788 [INFO] [MainThread] [root/bar_manager.py:92]: Stopping SystemEventListener...
2025-12-23 20:19:13,788 [INFO] [MainThread] [root/bar_manager.py:92]: Stopping WindowsNotificationEventListener...
2025-12-23 20:19:13,789 [INFO] [MainThread] [core.utils.widgets.taskbar.window_manager/window_manager.py:218]: TaskbarWindowManager stopped
2025-12-23 20:19:13,792 [DEBUG] [MainThread] [systray_widget/systray.py:504]: Saving state to disk
2025-12-23 20:19:13,793 [DEBUG] [MainThread] [systray_widget/systray.py:508]: Saving state to C:\Users\ratta\AppData\Local\YASB\systray_state_INCG27Q30UMB6CBWL.json
2025-12-23 20:19:13,794 [DEBUG] [MainThread] [systray_widget/utils.py:96]: Destroying window 4064924
2025-12-23 20:19:13,794 [DEBUG] [MainThread] [systray_widget/systray.py:504]: Saving state to disk
2025-12-23 20:19:13,794 [DEBUG] [MainThread] [systray_widget/systray.py:508]: Saving state to C:\Users\ratta\AppData\Local\YASB\systray_state_EKLTDLU28R55H4ZMB00043.json
2025-12-23 20:19:13,795 [DEBUG] [MainThread] [systray_widget/utils.py:96]: Destroying window 4064924
2025-12-23 20:19:13,831 [DEBUG] [MainThread] [qasync._windows._EventPoller/_windows.py:220]: Stopping worker thread...
2025-12-23 20:19:13,836 [DEBUG] [Dummy-5] [qasync._windows._EventWorker/_windows.py:204]: Exiting thread
2025-12-23 20:19:13,851 [DEBUG] [MainThread] [qasync._windows._IocpProactor/_windows.py:78]: Closing
2025-12-23 20:19:13,930 [DEBUG] [MainThread] [systray_widget/utils.py:96]: Destroying window 4064924
2025-12-23 20:19:14,019 [INFO] [MainThread] [root/main.py:71]: Previous instance exited, continuing startup.
2025-12-23 20:19:14,280 [ERROR] [MainThread] [root/weather.py:60]: API key or location is missing. Please provide a valid API key and location.
2025-12-23 20:19:14,482 [INFO] [MainThread] [root/service.py:48]: AudioOutputService starting...
2025-12-23 20:19:14,944 [DEBUG] [MainThread] [root/pin_manager.py:163]: Loaded 0 pinned apps from C:\Users\ratta\AppData\Local\YASB\taskbar_pinned.json
2025-12-23 20:19:15,042 [INFO] [MainThread] [core.utils.widgets.taskbar.window_manager/window_manager.py:191]: TaskbarWindowManager is starting...
2025-12-23 20:19:15,079 [ERROR] [MainThread] [root/weather.py:60]: API key or location is missing. Please provide a valid API key and location.
2025-12-23 20:19:15,382 [INFO] [MainThread] [root/bar_manager.py:85]: Starting SystemEventListener...
2025-12-23 20:19:15,382 [INFO] [MainThread] [root/bar_manager.py:85]: Starting WindowsNotificationEventListener...
2025-12-23 20:19:15,383 [INFO] [MainThread] [root/watcher.py:54]: Created file watcher for path C:\Users\ratta\.config\yasb
2025-12-23 20:19:15,428 [INFO] [MainThread] [root/update_service.py:409]: Background update checker started
2025-12-23 20:19:15,428 [DEBUG] [MainThread] [qasync._windows._EventPoller/_windows.py:215]: Starting (proactor: <_IocpProactor overlapped#=0 result#=0>)...
2025-12-23 20:19:15,429 [DEBUG] [Dummy-5] [qasync._windows._EventWorker/_windows.py:195]: Thread started
2025-12-23 20:19:15,431 [DEBUG] [MainThread] [systray_widget/systray.py:526]: Loading state from C:\Users\ratta\AppData\Local\YASB\systray_state_INCG27Q30UMB6CBWL.json
2025-12-23 20:19:15,434 [DEBUG] [SystrayMonitor] [systray_widget/systray.py:57]: Systray thread is starting...
2025-12-23 20:19:15,436 [DEBUG] [MainThread] [systray_widget/systray.py:526]: Loading state from C:\Users\ratta\AppData\Local\YASB\systray_state_EKLTDLU28R55H4ZMB00043.json
2025-12-23 20:19:15,483 [DEBUG] [MainThread] [systray_widget/systray.py:277]: Systray thread started
2025-12-23 20:19:15,693 [DEBUG] [SystrayMonitor] [systray_widget/systray_monitor.py:164]: Adding TaskbandHWND prop to hwnd 2164956
2025-12-23 20:19:15,693 [DEBUG] [SystrayMonitor] [systray_widget/systray_monitor.py:242]: Finding real tray hwnd
2025-12-23 20:19:15,698 [DEBUG] [MainThread] [systray_widget/systray_monitor.py:157]: Sending TaskbarCreated message: 49339
2025-12-23 20:25:47,726 [INFO] [Thread-1 (_run_server)] [cli_server/cli_server.py:253]: CLI server received command: stop
2025-12-23 20:25:47,726 [INFO] [Thread-1 (_run_server)] [root/controller.py:35]: Exiting Application from CLI...
2025-12-23 20:25:47,770 [INFO] [MainThread] [root/controller.py:15]: Reloading Application because of config change.
2025-12-23 20:25:47,827 [INFO] [Thread-1 (_run_server)] [cli_server/cli_server.py:112]: Log pipe server stopped
2025-12-23 20:25:47,827 [DEBUG] [Thread-1 (_run_server)] [cli_server/cli_server.py:206]: CLI server stopped
2025-12-23 20:25:47,874 [INFO] [MainThread] [cli_server/cli_server.py:112]: Log pipe server stopped
2025-12-23 20:25:47,874 [DEBUG] [MainThread] [cli_server/cli_server.py:206]: CLI server stopped
2025-12-23 20:25:48,079 [INFO] [MainThread] [root/log.py:69]: YASB v1.8.6
2025-12-23 20:25:48,079 [INFO] [Thread-1 (_run_server)] [cli_server/cli_server.py:212]: CLI server started v1.1.4
2025-12-23 20:25:48,079 [INFO] [MainThread] [cli_server/cli_server.py:104]: Log pipe server started
2025-12-23 20:25:48,080 [ERROR] [MainThread] [root/main.py:74]: Another instance of the YASB is already running.
2025-12-23 20:25:48,234 [INFO] [MainThread] [root/bar_manager.py:92]: Stopping SystemEventListener...
2025-12-23 20:25:48,234 [INFO] [MainThread] [root/bar_manager.py:92]: Stopping WindowsNotificationEventListener...
2025-12-23 20:25:48,235 [INFO] [MainThread] [core.utils.widgets.taskbar.window_manager/window_manager.py:218]: TaskbarWindowManager stopped
2025-12-23 20:25:48,237 [DEBUG] [MainThread] [systray_widget/systray.py:504]: Saving state to disk
2025-12-23 20:25:48,238 [DEBUG] [MainThread] [systray_widget/systray.py:508]: Saving state to C:\Users\ratta\AppData\Local\YASB\systray_state_INCG27Q30UMB6CBWL.json
2025-12-23 20:25:48,239 [DEBUG] [MainThread] [systray_widget/utils.py:96]: Destroying window 2164956
2025-12-23 20:25:48,239 [DEBUG] [MainThread] [systray_widget/systray.py:504]: Saving state to disk
2025-12-23 20:25:48,240 [DEBUG] [MainThread] [systray_widget/systray.py:508]: Saving state to C:\Users\ratta\AppData\Local\YASB\systray_state_EKLTDLU28R55H4ZMB00043.json
2025-12-23 20:25:48,241 [DEBUG] [MainThread] [systray_widget/utils.py:96]: Destroying window 2164956
2025-12-23 20:25:48,249 [INFO] [MainThread] [root/bar_manager.py:76]: Successfully loaded updated config and re-initialised all bars.
2025-12-23 20:25:48,283 [DEBUG] [MainThread] [qasync._windows._EventPoller/_windows.py:220]: Stopping worker thread...
2025-12-23 20:25:48,296 [DEBUG] [Dummy-5] [qasync._windows._EventWorker/_windows.py:204]: Exiting thread
2025-12-23 20:25:48,310 [DEBUG] [MainThread] [qasync._windows._IocpProactor/_windows.py:78]: Closing
2025-12-23 20:25:48,396 [DEBUG] [MainThread] [systray_widget/utils.py:96]: Destroying window 2164956
2025-12-23 20:25:48,689 [INFO] [MainThread] [root/log.py:69]: YASB v1.8.6
2025-12-23 20:25:48,689 [INFO] [Thread-1 (_run_server)] [cli_server/cli_server.py:212]: CLI server started v1.1.4
2025-12-23 20:25:48,690 [INFO] [MainThread] [cli_server/cli_server.py:104]: Log pipe server started
2025-12-23 20:25:48,958 [ERROR] [MainThread] [root/weather.py:60]: API key or location is missing. Please provide a valid API key and location.
2025-12-23 20:25:49,169 [INFO] [MainThread] [root/service.py:48]: AudioOutputService starting...
2025-12-23 20:25:49,617 [DEBUG] [MainThread] [root/pin_manager.py:163]: Loaded 0 pinned apps from C:\Users\ratta\AppData\Local\YASB\taskbar_pinned.json
2025-12-23 20:25:49,802 [INFO] [MainThread] [core.utils.widgets.taskbar.window_manager/window_manager.py:191]: TaskbarWindowManager is starting...
2025-12-23 20:25:49,839 [ERROR] [MainThread] [root/weather.py:60]: API key or location is missing. Please provide a valid API key and location.
2025-12-23 20:25:50,109 [INFO] [MainThread] [root/bar_manager.py:85]: Starting WindowsNotificationEventListener...
2025-12-23 20:25:50,110 [INFO] [MainThread] [root/bar_manager.py:85]: Starting SystemEventListener...
2025-12-23 20:25:50,110 [INFO] [MainThread] [root/watcher.py:54]: Created file watcher for path C:\Users\ratta\.config\yasb
2025-12-23 20:25:50,152 [INFO] [MainThread] [root/update_service.py:409]: Background update checker started
2025-12-23 20:25:50,152 [DEBUG] [MainThread] [qasync._windows._EventPoller/_windows.py:215]: Starting (proactor: <_IocpProactor overlapped#=0 result#=0>)...
2025-12-23 20:25:50,154 [DEBUG] [Dummy-5] [qasync._windows._EventWorker/_windows.py:195]: Thread started
2025-12-23 20:25:50,156 [DEBUG] [MainThread] [systray_widget/systray.py:526]: Loading state from C:\Users\ratta\AppData\Local\YASB\systray_state_INCG27Q30UMB6CBWL.json
2025-12-23 20:25:50,158 [DEBUG] [SystrayMonitor] [systray_widget/systray.py:57]: Systray thread is starting...
2025-12-23 20:25:50,159 [DEBUG] [MainThread] [systray_widget/systray.py:526]: Loading state from C:\Users\ratta\AppData\Local\YASB\systray_state_EKLTDLU28R55H4ZMB00043.json
2025-12-23 20:25:50,161 [DEBUG] [SystrayMonitor] [systray_widget/systray_monitor.py:242]: Finding real tray hwnd
2025-12-23 20:25:50,183 [DEBUG] [MainThread] [systray_widget/systray.py:277]: Systray thread started
2025-12-23 20:25:50,385 [DEBUG] [SystrayMonitor] [systray_widget/systray_monitor.py:164]: Adding TaskbandHWND prop to hwnd 1902146
2025-12-23 20:25:50,391 [DEBUG] [MainThread] [systray_widget/systray_monitor.py:157]: Sending TaskbarCreated message: 49339
2025-12-23 20:26:04,107 [INFO] [Thread-1 (_run_server)] [cli_server/cli_server.py:253]: CLI server received command: stop
2025-12-23 20:26:04,107 [INFO] [Thread-1 (_run_server)] [root/controller.py:35]: Exiting Application from CLI...
2025-12-23 20:26:04,219 [INFO] [Thread-1 (_run_server)] [cli_server/cli_server.py:112]: Log pipe server stopped
2025-12-23 20:26:04,220 [DEBUG] [Thread-1 (_run_server)] [cli_server/cli_server.py:206]: CLI server stopped
2025-12-23 20:26:04,543 [INFO] [MainThread] [root/bar_manager.py:92]: Stopping WindowsNotificationEventListener...
2025-12-23 20:26:04,544 [INFO] [MainThread] [root/bar_manager.py:92]: Stopping SystemEventListener...
2025-12-23 20:26:04,544 [INFO] [MainThread] [core.utils.widgets.taskbar.window_manager/window_manager.py:218]: TaskbarWindowManager stopped
2025-12-23 20:26:04,545 [DEBUG] [MainThread] [systray_widget/systray.py:504]: Saving state to disk
2025-12-23 20:26:04,545 [DEBUG] [MainThread] [systray_widget/systray.py:508]: Saving state to C:\Users\ratta\AppData\Local\YASB\systray_state_INCG27Q30UMB6CBWL.json
2025-12-23 20:26:04,545 [DEBUG] [MainThread] [systray_widget/utils.py:96]: Destroying window 1902146
2025-12-23 20:26:04,546 [DEBUG] [MainThread] [systray_widget/systray.py:504]: Saving state to disk
2025-12-23 20:26:04,546 [DEBUG] [MainThread] [systray_widget/systray.py:508]: Saving state to C:\Users\ratta\AppData\Local\YASB\systray_state_EKLTDLU28R55H4ZMB00043.json
2025-12-23 20:26:04,546 [DEBUG] [MainThread] [systray_widget/utils.py:96]: Destroying window 1902146
2025-12-23 20:26:04,550 [DEBUG] [MainThread] [qasync._windows._EventPoller/_windows.py:220]: Stopping worker thread...
2025-12-23 20:26:04,562 [DEBUG] [Dummy-5] [qasync._windows._EventWorker/_windows.py:204]: Exiting thread
2025-12-23 20:26:04,579 [DEBUG] [MainThread] [qasync._windows._IocpProactor/_windows.py:78]: Closing
2025-12-23 20:26:04,689 [DEBUG] [MainThread] [systray_widget/utils.py:96]: Destroying window 1902146
2025-12-23 20:26:05,258 [INFO] [MainThread] [root/log.py:69]: YASB v1.8.6
2025-12-23 20:26:05,258 [INFO] [Thread-1 (_run_server)] [cli_server/cli_server.py:212]: CLI server started v1.1.4
2025-12-23 20:26:05,259 [INFO] [MainThread] [cli_server/cli_server.py:104]: Log pipe server started
2025-12-23 20:26:05,630 [INFO] [MainThread] [root/service.py:39]: AudioInputService starting...
2025-12-23 20:26:05,658 [INFO] [MainThread] [root/service.py:48]: AudioOutputService starting...
2025-12-23 20:26:05,711 [DEBUG] [MainThread] [root/pin_manager.py:163]: Loaded 0 pinned apps from C:\Users\ratta\AppData\Local\YASB\taskbar_pinned.json
2025-12-23 20:26:05,783 [INFO] [MainThread] [core.utils.widgets.taskbar.window_manager/window_manager.py:191]: TaskbarWindowManager is starting...
2025-12-23 20:26:05,902 [INFO] [MainThread] [root/bar_manager.py:85]: Starting WindowsNotificationEventListener...
2025-12-23 20:26:05,903 [INFO] [MainThread] [root/watcher.py:54]: Created file watcher for path C:\Users\ratta\.config\yasb
2025-12-23 20:26:05,930 [INFO] [MainThread] [root/update_service.py:409]: Background update checker started
2025-12-23 20:26:05,930 [DEBUG] [MainThread] [qasync._windows._EventPoller/_windows.py:215]: Starting (proactor: <_IocpProactor overlapped#=0 result#=0>)...
2025-12-23 20:26:05,931 [DEBUG] [Dummy-5] [qasync._windows._EventWorker/_windows.py:195]: Thread started
2025-12-23 20:26:25,950 [ERROR] [MainThread] [wifi_widget/wifi_managers.py:254]: Error scanning for WiFi networks: Access is denied.
2025-12-23 20:26:32,069 [ERROR] [MainThread] [wifi_widget/wifi_managers.py:254]: Error scanning for WiFi networks: Access is denied.
2025-12-23 20:26:36,868 [INFO] [Thread-1 (_run_server)] [cli_server/cli_server.py:253]: CLI server received command: stop
2025-12-23 20:26:36,868 [INFO] [Thread-1 (_run_server)] [root/controller.py:35]: Exiting Application from CLI...
2025-12-23 20:26:36,970 [INFO] [Thread-1 (_run_server)] [cli_server/cli_server.py:112]: Log pipe server stopped
2025-12-23 20:26:36,970 [DEBUG] [Thread-1 (_run_server)] [cli_server/cli_server.py:206]: CLI server stopped
2025-12-23 20:26:36,976 [INFO] [MainThread] [root/bar_manager.py:92]: Stopping WindowsNotificationEventListener...
2025-12-23 20:26:36,976 [INFO] [MainThread] [core.utils.widgets.taskbar.window_manager/window_manager.py:218]: TaskbarWindowManager stopped
2025-12-23 20:26:36,978 [DEBUG] [MainThread] [qasync._windows._EventPoller/_windows.py:220]: Stopping worker thread...
2025-12-23 20:26:36,985 [DEBUG] [Dummy-5] [qasync._windows._EventWorker/_windows.py:204]: Exiting thread
2025-12-23 20:26:36,986 [DEBUG] [MainThread] [qasync._windows._IocpProactor/_windows.py:78]: Closing
2025-12-23 20:26:38,044 [INFO] [MainThread] [root/log.py:69]: YASB v1.8.6
2025-12-23 20:26:38,045 [INFO] [Thread-1 (_run_server)] [cli_server/cli_server.py:212]: CLI server started v1.1.4
2025-12-23 20:26:38,045 [INFO] [MainThread] [cli_server/cli_server.py:104]: Log pipe server started
2025-12-23 20:26:38,445 [INFO] [MainThread] [root/service.py:48]: AudioOutputService starting...
2025-12-23 20:26:38,554 [DEBUG] [MainThread] [root/pin_manager.py:163]: Loaded 0 pinned apps from C:\Users\ratta\AppData\Local\YASB\taskbar_pinned.json
2025-12-23 20:26:38,633 [INFO] [MainThread] [core.utils.widgets.taskbar.window_manager/window_manager.py:191]: TaskbarWindowManager is starting...
2025-12-23 20:26:38,972 [INFO] [MainThread] [root/bar_manager.py:85]: Starting WindowsNotificationEventListener...
2025-12-23 20:26:38,973 [INFO] [MainThread] [root/watcher.py:54]: Created file watcher for path C:\Users\ratta\.config\yasb
2025-12-23 20:26:39,003 [INFO] [MainThread] [root/update_service.py:409]: Background update checker started
2025-12-23 20:26:39,004 [DEBUG] [MainThread] [qasync._windows._EventPoller/_windows.py:215]: Starting (proactor: <_IocpProactor overlapped#=0 result#=0>)...
2025-12-23 20:26:39,005 [DEBUG] [Dummy-5] [qasync._windows._EventWorker/_windows.py:195]: Thread started
2025-12-23 20:26:39,095 [DEBUG] [MainThread] [systray_widget/systray.py:526]: Loading state from C:\Users\ratta\AppData\Local\YASB\systray_state_INCG27Q30UMB6CBWL.json
2025-12-23 20:26:39,101 [DEBUG] [SystrayMonitor] [systray_widget/systray.py:57]: Systray thread is starting...
2025-12-23 20:26:39,114 [DEBUG] [MainThread] [systray_widget/systray.py:526]: Loading state from C:\Users\ratta\AppData\Local\YASB\systray_state_EKLTDLU28R55H4ZMB00043.json
2025-12-23 20:26:39,154 [DEBUG] [MainThread] [systray_widget/systray.py:277]: Systray thread started
2025-12-23 20:26:39,255 [INFO] [MainThread] [root/api.py:69]: Fetching new weather data at 2025-12-23 20:26:39.255595
2025-12-23 20:26:39,352 [DEBUG] [SystrayMonitor] [systray_widget/systray_monitor.py:164]: Adding TaskbandHWND prop to hwnd 1905752
2025-12-23 20:26:39,352 [DEBUG] [SystrayMonitor] [systray_widget/systray_monitor.py:242]: Finding real tray hwnd
2025-12-23 20:26:39,363 [DEBUG] [MainThread] [systray_widget/systray_monitor.py:157]: Sending TaskbarCreated message: 49339
2025-12-23 20:26:57,119 [INFO] [Thread-1 (_run_server)] [cli_server/cli_server.py:253]: CLI server received command: stop
2025-12-23 20:26:57,119 [INFO] [Thread-1 (_run_server)] [root/controller.py:35]: Exiting Application from CLI...
2025-12-23 20:26:57,226 [INFO] [Thread-1 (_run_server)] [cli_server/cli_server.py:112]: Log pipe server stopped
2025-12-23 20:26:57,226 [DEBUG] [Thread-1 (_run_server)] [cli_server/cli_server.py:206]: CLI server stopped
2025-12-23 20:26:57,515 [INFO] [MainThread] [root/bar_manager.py:92]: Stopping WindowsNotificationEventListener...
2025-12-23 20:26:57,515 [INFO] [MainThread] [core.utils.widgets.taskbar.window_manager/window_manager.py:218]: TaskbarWindowManager stopped
2025-12-23 20:26:57,516 [DEBUG] [MainThread] [systray_widget/systray.py:504]: Saving state to disk
2025-12-23 20:26:57,516 [DEBUG] [MainThread] [systray_widget/systray.py:508]: Saving state to C:\Users\ratta\AppData\Local\YASB\systray_state_INCG27Q30UMB6CBWL.json
2025-12-23 20:26:57,517 [DEBUG] [MainThread] [systray_widget/utils.py:96]: Destroying window 1905752
2025-12-23 20:26:57,517 [DEBUG] [MainThread] [systray_widget/systray.py:504]: Saving state to disk
2025-12-23 20:26:57,517 [DEBUG] [MainThread] [systray_widget/systray.py:508]: Saving state to C:\Users\ratta\AppData\Local\YASB\systray_state_EKLTDLU28R55H4ZMB00043.json
2025-12-23 20:26:57,517 [DEBUG] [MainThread] [systray_widget/utils.py:96]: Destroying window 1905752
2025-12-23 20:26:57,550 [DEBUG] [MainThread] [qasync._windows._EventPoller/_windows.py:220]: Stopping worker thread...
2025-12-23 20:26:57,554 [DEBUG] [Dummy-5] [qasync._windows._EventWorker/_windows.py:204]: Exiting thread
2025-12-23 20:26:57,562 [DEBUG] [MainThread] [qasync._windows._IocpProactor/_windows.py:78]: Closing
2025-12-23 20:26:57,631 [DEBUG] [MainThread] [systray_widget/utils.py:96]: Destroying window 1905752
2025-12-23 20:27:17,282 [INFO] [MainThread] [root/log.py:69]: YASB v1.8.6
2025-12-23 20:27:17,283 [INFO] [Thread-1 (_run_server)] [cli_server/cli_server.py:212]: CLI server started v1.1.4
2025-12-23 20:27:17,283 [INFO] [MainThread] [cli_server/cli_server.py:104]: Log pipe server started
2025-12-23 20:27:17,857 [INFO] [MainThread] [root/service.py:48]: AudioOutputService starting...
2025-12-23 20:27:18,197 [INFO] [MainThread] [root/bar_manager.py:85]: Starting WindowsNotificationEventListener...
2025-12-23 20:27:18,197 [INFO] [MainThread] [root/bar_manager.py:85]: Starting KomorebiEventListener...
2025-12-23 20:27:18,198 [INFO] [MainThread] [root/watcher.py:54]: Created file watcher for path C:\Users\ratta\.config\yasb
2025-12-23 20:27:18,473 [INFO] [Dummy-5] [root/event_listener.py:51]: Created named pipe yasb-1a76741d-e003-11f0-a155-d843ae576946
2025-12-23 20:27:18,496 [INFO] [MainThread] [root/update_service.py:409]: Background update checker started
2025-12-23 20:27:18,496 [DEBUG] [MainThread] [qasync._windows._EventPoller/_windows.py:215]: Starting (proactor: <_IocpProactor overlapped#=0 result#=0>)...
2025-12-23 20:27:18,498 [DEBUG] [Dummy-8] [qasync._windows._EventWorker/_windows.py:195]: Thread started
2025-12-23 20:27:18,499 [DEBUG] [MainThread] [systray_widget/systray.py:526]: Loading state from C:\Users\ratta\AppData\Local\YASB\systray_state_INCG27Q30UMB6CBWL.json
2025-12-23 20:27:18,504 [DEBUG] [SystrayMonitor] [systray_widget/systray.py:57]: Systray thread is starting...
2025-12-23 20:27:18,520 [DEBUG] [MainThread] [systray_widget/systray.py:526]: Loading state from C:\Users\ratta\AppData\Local\YASB\systray_state_EKLTDLU28R55H4ZMB00043.json
2025-12-23 20:27:18,553 [DEBUG] [MainThread] [systray_widget/systray.py:277]: Systray thread started
2025-12-23 20:27:18,753 [DEBUG] [SystrayMonitor] [systray_widget/systray_monitor.py:164]: Adding TaskbandHWND prop to hwnd 1967004
2025-12-23 20:27:18,754 [DEBUG] [SystrayMonitor] [systray_widget/systray_monitor.py:242]: Finding real tray hwnd
2025-12-23 20:27:18,761 [DEBUG] [MainThread] [systray_widget/systray_monitor.py:157]: Sending TaskbarCreated message: 49339
2025-12-23 20:27:18,845 [INFO] [MainThread] [root/api.py:69]: Fetching new weather data at 2025-12-23 20:27:18.845642
2025-12-23 20:27:23,599 [INFO] [Thread-1 (_run_server)] [cli_server/cli_server.py:253]: CLI server received command: stop
2025-12-23 20:27:23,599 [INFO] [Thread-1 (_run_server)] [root/controller.py:35]: Exiting Application from CLI...
2025-12-23 20:27:23,712 [INFO] [Thread-1 (_run_server)] [cli_server/cli_server.py:112]: Log pipe server stopped
2025-12-23 20:27:23,712 [DEBUG] [Thread-1 (_run_server)] [cli_server/cli_server.py:206]: CLI server stopped
2025-12-23 20:27:24,005 [INFO] [MainThread] [root/bar_manager.py:92]: Stopping WindowsNotificationEventListener...
2025-12-23 20:27:24,005 [INFO] [MainThread] [root/bar_manager.py:92]: Stopping KomorebiEventListener...
2025-12-23 20:27:24,006 [DEBUG] [MainThread] [systray_widget/systray.py:504]: Saving state to disk
2025-12-23 20:27:24,006 [DEBUG] [MainThread] [systray_widget/systray.py:508]: Saving state to C:\Users\ratta\AppData\Local\YASB\systray_state_INCG27Q30UMB6CBWL.json
2025-12-23 20:27:24,006 [DEBUG] [MainThread] [systray_widget/utils.py:96]: Destroying window 1967004
2025-12-23 20:27:24,007 [DEBUG] [MainThread] [systray_widget/systray.py:504]: Saving state to disk
2025-12-23 20:27:24,007 [DEBUG] [MainThread] [systray_widget/systray.py:508]: Saving state to C:\Users\ratta\AppData\Local\YASB\systray_state_EKLTDLU28R55H4ZMB00043.json
2025-12-23 20:27:24,007 [DEBUG] [MainThread] [systray_widget/utils.py:96]: Destroying window 1967004
2025-12-23 20:27:24,015 [DEBUG] [MainThread] [qasync._windows._EventPoller/_windows.py:220]: Stopping worker thread...
2025-12-23 20:27:24,026 [DEBUG] [Dummy-8] [qasync._windows._EventWorker/_windows.py:204]: Exiting thread
2025-12-23 20:27:24,040 [DEBUG] [MainThread] [qasync._windows._IocpProactor/_windows.py:78]: Closing
2025-12-23 20:27:24,105 [DEBUG] [MainThread] [systray_widget/utils.py:96]: Destroying window 1967004
2025-12-23 20:27:29,293 [INFO] [MainThread] [root/log.py:69]: YASB v1.8.6
2025-12-23 20:27:29,294 [INFO] [Thread-1 (_run_server)] [cli_server/cli_server.py:212]: CLI server started v1.1.4
2025-12-23 20:27:29,294 [INFO] [MainThread] [cli_server/cli_server.py:104]: Log pipe server started
2025-12-23 20:27:29,741 [INFO] [MainThread] [root/service.py:48]: AudioOutputService starting...
2025-12-23 20:27:30,214 [INFO] [MainThread] [root/bar_manager.py:85]: Starting KomorebiEventListener...
2025-12-23 20:27:30,214 [INFO] [MainThread] [root/bar_manager.py:85]: Starting WindowsNotificationEventListener...
2025-12-23 20:27:30,215 [INFO] [MainThread] [root/watcher.py:54]: Created file watcher for path C:\Users\ratta\.config\yasb
2025-12-23 20:27:30,278 [INFO] [Dummy-5] [root/event_listener.py:51]: Created named pipe yasb-21a00422-e003-11f0-a8f9-d843ae576946
2025-12-23 20:27:30,304 [INFO] [MainThread] [root/update_service.py:409]: Background update checker started
2025-12-23 20:27:30,304 [DEBUG] [MainThread] [qasync._windows._EventPoller/_windows.py:215]: Starting (proactor: <_IocpProactor overlapped#=0 result#=0>)...
2025-12-23 20:27:30,308 [DEBUG] [Dummy-8] [qasync._windows._EventWorker/_windows.py:195]: Thread started
2025-12-23 20:27:30,309 [DEBUG] [MainThread] [systray_widget/systray.py:526]: Loading state from C:\Users\ratta\AppData\Local\YASB\systray_state_INCG27Q30UMB6CBWL.json
2025-12-23 20:27:30,316 [DEBUG] [SystrayMonitor] [systray_widget/systray.py:57]: Systray thread is starting...
2025-12-23 20:27:30,344 [DEBUG] [MainThread] [systray_widget/systray.py:526]: Loading state from C:\Users\ratta\AppData\Local\YASB\systray_state_EKLTDLU28R55H4ZMB00043.json
2025-12-23 20:27:30,430 [DEBUG] [MainThread] [systray_widget/systray.py:277]: Systray thread started
2025-12-23 20:27:30,454 [DEBUG] [SystrayMonitor] [systray_widget/systray_monitor.py:242]: Finding real tray hwnd
2025-12-23 20:27:30,546 [INFO] [MainThread] [root/api.py:69]: Fetching new weather data at 2025-12-23 20:27:30.546319
2025-12-23 20:27:30,633 [DEBUG] [SystrayMonitor] [systray_widget/systray_monitor.py:164]: Adding TaskbandHWND prop to hwnd 726568
2025-12-23 20:27:30,642 [DEBUG] [MainThread] [systray_widget/systray_monitor.py:157]: Sending TaskbarCreated message: 49339
2025-12-23 20:27:36,177 [INFO] [Thread-1 (_run_server)] [cli_server/cli_server.py:253]: CLI server received command: stop
2025-12-23 20:27:36,177 [INFO] [Thread-1 (_run_server)] [root/controller.py:35]: Exiting Application from CLI...
2025-12-23 20:27:36,291 [INFO] [Thread-1 (_run_server)] [cli_server/cli_server.py:112]: Log pipe server stopped
2025-12-23 20:27:36,291 [DEBUG] [Thread-1 (_run_server)] [cli_server/cli_server.py:206]: CLI server stopped
2025-12-23 20:27:36,638 [INFO] [MainThread] [root/bar_manager.py:92]: Stopping KomorebiEventListener...
2025-12-23 20:27:36,638 [INFO] [MainThread] [root/bar_manager.py:92]: Stopping WindowsNotificationEventListener...
2025-12-23 20:27:36,639 [DEBUG] [MainThread] [systray_widget/systray.py:504]: Saving state to disk
2025-12-23 20:27:36,640 [DEBUG] [MainThread] [systray_widget/systray.py:508]: Saving state to C:\Users\ratta\AppData\Local\YASB\systray_state_INCG27Q30UMB6CBWL.json
2025-12-23 20:27:36,641 [DEBUG] [MainThread] [systray_widget/utils.py:96]: Destroying window 726568
2025-12-23 20:27:36,641 [DEBUG] [MainThread] [systray_widget/systray.py:504]: Saving state to disk
2025-12-23 20:27:36,641 [DEBUG] [MainThread] [systray_widget/systray.py:508]: Saving state to C:\Users\ratta\AppData\Local\YASB\systray_state_EKLTDLU28R55H4ZMB00043.json
2025-12-23 20:27:36,642 [DEBUG] [MainThread] [systray_widget/utils.py:96]: Destroying window 726568
2025-12-23 20:27:36,660 [DEBUG] [MainThread] [qasync._windows._EventPoller/_windows.py:220]: Stopping worker thread...
2025-12-23 20:27:36,664 [DEBUG] [Dummy-8] [qasync._windows._EventWorker/_windows.py:204]: Exiting thread
2025-12-23 20:27:36,667 [DEBUG] [MainThread] [qasync._windows._IocpProactor/_windows.py:78]: Closing
2025-12-23 20:27:36,678 [DEBUG] [MainThread] [systray_widget/utils.py:96]: Destroying window 726568
2025-12-23 20:27:38,084 [INFO] [MainThread] [root/log.py:69]: YASB v1.8.6
2025-12-23 20:27:38,084 [INFO] [Thread-1 (_run_server)] [cli_server/cli_server.py:212]: CLI server started v1.1.4
2025-12-23 20:27:38,084 [INFO] [MainThread] [cli_server/cli_server.py:104]: Log pipe server started
2025-12-23 20:27:38,566 [INFO] [MainThread] [root/service.py:48]: AudioOutputService starting...
2025-12-23 20:27:38,973 [INFO] [MainThread] [root/watcher.py:54]: Created file watcher for path C:\Users\ratta\.config\yasb
2025-12-23 20:27:39,061 [INFO] [MainThread] [root/update_service.py:409]: Background update checker started
2025-12-23 20:27:39,061 [DEBUG] [MainThread] [qasync._windows._EventPoller/_windows.py:215]: Starting (proactor: <_IocpProactor overlapped#=0 result#=0>)...
2025-12-23 20:27:39,065 [DEBUG] [Dummy-5] [qasync._windows._EventWorker/_windows.py:195]: Thread started
2025-12-23 20:27:40,569 [INFO] [MainThread] [root/api.py:69]: Fetching new weather data at 2025-12-23 20:27:40.569918
2025-12-23 20:27:42,822 [ERROR] [MainThread] [wifi_widget/wifi_managers.py:254]: Error scanning for WiFi networks: Access is denied.
2025-12-23 20:27:48,654 [ERROR] [MainThread] [wifi_widget/wifi_managers.py:254]: Error scanning for WiFi networks: Access is denied.
2025-12-23 20:27:59,330 [INFO] [Thread-1 (_run_server)] [cli_server/cli_server.py:253]: CLI server received command: stop
2025-12-23 20:27:59,330 [INFO] [Thread-1 (_run_server)] [root/controller.py:35]: Exiting Application from CLI...
2025-12-23 20:27:59,436 [INFO] [Thread-1 (_run_server)] [cli_server/cli_server.py:112]: Log pipe server stopped
2025-12-23 20:27:59,436 [DEBUG] [Thread-1 (_run_server)] [cli_server/cli_server.py:206]: CLI server stopped
2025-12-23 20:27:59,832 [DEBUG] [MainThread] [qasync._windows._EventPoller/_windows.py:220]: Stopping worker thread...
2025-12-23 20:27:59,839 [DEBUG] [Dummy-5] [qasync._windows._EventWorker/_windows.py:204]: Exiting thread
2025-12-23 20:27:59,842 [DEBUG] [MainThread] [qasync._windows._IocpProactor/_windows.py:78]: Closing
2025-12-23 20:28:01,033 [INFO] [MainThread] [root/log.py:69]: YASB v1.8.6
2025-12-23 20:28:01,034 [INFO] [Thread-1 (_run_server)] [cli_server/cli_server.py:212]: CLI server started v1.1.4
2025-12-23 20:28:01,034 [INFO] [MainThread] [cli_server/cli_server.py:104]: Log pipe server started
2025-12-23 20:28:01,355 [INFO] [MainThread] [root/service.py:48]: AudioOutputService starting...
2025-12-23 20:28:01,511 [INFO] [MainThread] [root/bar_manager.py:85]: Starting SystemEventListener...
2025-12-23 20:28:01,511 [INFO] [MainThread] [root/bar_manager.py:85]: Starting KomorebiEventListener...
2025-12-23 20:28:01,511 [INFO] [MainThread] [root/bar_manager.py:85]: Starting WindowsNotificationEventListener...
2025-12-23 20:28:01,512 [INFO] [Dummy-3] [root/event_listener.py:51]: Created named pipe yasb-34479e3b-e003-11f0-a438-d843ae576946
2025-12-23 20:28:01,512 [INFO] [MainThread] [root/watcher.py:54]: Created file watcher for path C:\Users\ratta\.config\yasb
2025-12-23 20:28:01,537 [INFO] [MainThread] [root/update_service.py:409]: Background update checker started
2025-12-23 20:28:01,537 [DEBUG] [MainThread] [qasync._windows._EventPoller/_windows.py:215]: Starting (proactor: <_IocpProactor overlapped#=0 result#=0>)...
2025-12-23 20:28:01,539 [DEBUG] [Dummy-8] [qasync._windows._EventWorker/_windows.py:195]: Thread started
2025-12-23 20:28:01,544 [DEBUG] [MainThread] [systray_widget/systray.py:526]: Loading state from C:\Users\ratta\AppData\Local\YASB\systray_state_INCG27Q30UMB6CBWL.json
2025-12-23 20:28:01,551 [DEBUG] [SystrayMonitor] [systray_widget/systray.py:57]: Systray thread is starting...
2025-12-23 20:28:01,607 [DEBUG] [MainThread] [systray_widget/systray.py:526]: Loading state from C:\Users\ratta\AppData\Local\YASB\systray_state_EKLTDLU28R55H4ZMB00043.json
2025-12-23 20:28:01,630 [DEBUG] [SystrayMonitor] [systray_widget/systray_monitor.py:242]: Finding real tray hwnd
2025-12-23 20:28:01,692 [DEBUG] [MainThread] [systray_widget/systray.py:277]: Systray thread started
2025-12-23 20:28:01,893 [DEBUG] [SystrayMonitor] [systray_widget/systray_monitor.py:164]: Adding TaskbandHWND prop to hwnd 2689252
2025-12-23 20:28:01,905 [DEBUG] [MainThread] [systray_widget/systray_monitor.py:157]: Sending TaskbarCreated message: 49339
2025-12-23 20:28:27,662 [INFO] [Thread-1 (_run_server)] [cli_server/cli_server.py:253]: CLI server received command: stop
2025-12-23 20:28:27,662 [INFO] [Thread-1 (_run_server)] [root/controller.py:35]: Exiting Application from CLI...
2025-12-23 20:28:27,764 [INFO] [Thread-1 (_run_server)] [cli_server/cli_server.py:112]: Log pipe server stopped
2025-12-23 20:28:27,764 [DEBUG] [Thread-1 (_run_server)] [cli_server/cli_server.py:206]: CLI server stopped
2025-12-23 20:28:28,053 [INFO] [MainThread] [root/bar_manager.py:92]: Stopping SystemEventListener...
2025-12-23 20:28:28,054 [INFO] [MainThread] [root/bar_manager.py:92]: Stopping KomorebiEventListener...
2025-12-23 20:28:28,054 [INFO] [MainThread] [root/bar_manager.py:92]: Stopping WindowsNotificationEventListener...
2025-12-23 20:28:28,055 [DEBUG] [MainThread] [systray_widget/systray.py:504]: Saving state to disk
2025-12-23 20:28:28,055 [DEBUG] [MainThread] [systray_widget/systray.py:508]: Saving state to C:\Users\ratta\AppData\Local\YASB\systray_state_INCG27Q30UMB6CBWL.json
2025-12-23 20:28:28,055 [DEBUG] [MainThread] [systray_widget/utils.py:96]: Destroying window 2689252
2025-12-23 20:28:28,055 [DEBUG] [MainThread] [systray_widget/systray.py:504]: Saving state to disk
2025-12-23 20:28:28,055 [DEBUG] [MainThread] [systray_widget/systray.py:508]: Saving state to C:\Users\ratta\AppData\Local\YASB\systray_state_EKLTDLU28R55H4ZMB00043.json
2025-12-23 20:28:28,056 [DEBUG] [MainThread] [systray_widget/utils.py:96]: Destroying window 2689252
2025-12-23 20:28:28,060 [DEBUG] [MainThread] [qasync._windows._EventPoller/_windows.py:220]: Stopping worker thread...
2025-12-23 20:28:28,060 [DEBUG] [Dummy-8] [qasync._windows._EventWorker/_windows.py:204]: Exiting thread
2025-12-23 20:28:28,061 [DEBUG] [MainThread] [qasync._windows._IocpProactor/_windows.py:78]: Closing
2025-12-23 20:28:28,180 [DEBUG] [MainThread] [systray_widget/utils.py:96]: Destroying window 2689252
2025-12-23 20:28:29,460 [INFO] [MainThread] [root/log.py:69]: YASB v1.8.6
2025-12-23 20:28:29,461 [INFO] [Thread-1 (_run_server)] [cli_server/cli_server.py:212]: CLI server started v1.1.4
2025-12-23 20:28:29,461 [INFO] [MainThread] [cli_server/cli_server.py:104]: Log pipe server started
2025-12-23 20:28:29,715 [INFO] [MainThread] [root/service.py:48]: AudioOutputService starting...
2025-12-23 20:28:29,820 [DEBUG] [MainThread] [root/pin_manager.py:163]: Loaded 0 pinned apps from C:\Users\ratta\AppData\Local\YASB\taskbar_pinned.json
2025-12-23 20:28:29,907 [INFO] [MainThread] [core.utils.widgets.taskbar.window_manager/window_manager.py:191]: TaskbarWindowManager is starting...
2025-12-23 20:28:30,211 [INFO] [MainThread] [root/watcher.py:54]: Created file watcher for path C:\Users\ratta\.config\yasb
2025-12-23 20:28:30,240 [INFO] [MainThread] [root/update_service.py:409]: Background update checker started
2025-12-23 20:28:30,240 [DEBUG] [MainThread] [qasync._windows._EventPoller/_windows.py:215]: Starting (proactor: <_IocpProactor overlapped#=0 result#=0>)...
2025-12-23 20:28:30,241 [DEBUG] [Dummy-5] [qasync._windows._EventWorker/_windows.py:195]: Thread started
2025-12-23 20:28:30,248 [DEBUG] [MainThread] [systray_widget/systray.py:526]: Loading state from C:\Users\ratta\AppData\Local\YASB\systray_state_INCG27Q30UMB6CBWL.json
2025-12-23 20:28:30,250 [DEBUG] [SystrayMonitor] [systray_widget/systray.py:57]: Systray thread is starting...
2025-12-23 20:28:30,259 [DEBUG] [MainThread] [systray_widget/systray.py:526]: Loading state from C:\Users\ratta\AppData\Local\YASB\systray_state_EKLTDLU28R55H4ZMB00043.json
2025-12-23 20:28:30,262 [DEBUG] [SystrayMonitor] [systray_widget/systray_monitor.py:242]: Finding real tray hwnd
2025-12-23 20:28:30,280 [DEBUG] [MainThread] [systray_widget/systray.py:277]: Systray thread started
2025-12-23 20:28:30,518 [DEBUG] [SystrayMonitor] [systray_widget/systray_monitor.py:164]: Adding TaskbandHWND prop to hwnd 3937742
2025-12-23 20:28:30,527 [DEBUG] [MainThread] [systray_widget/systray_monitor.py:157]: Sending TaskbarCreated message: 49339
2025-12-23 20:28:41,690 [ERROR] [MainThread] [wifi_widget/wifi_managers.py:254]: Error scanning for WiFi networks: Access is denied.
2025-12-23 20:28:54,241 [ERROR] [MainThread] [wifi_widget/wifi_managers.py:254]: Error scanning for WiFi networks: Access is denied.
2025-12-23 20:30:54,138 [INFO] [Thread-1 (_run_server)] [cli_server/cli_server.py:253]: CLI server received command: stop
2025-12-23 20:30:54,138 [INFO] [Thread-1 (_run_server)] [root/controller.py:35]: Exiting Application from CLI...
2025-12-23 20:30:54,249 [INFO] [Thread-1 (_run_server)] [cli_server/cli_server.py:112]: Log pipe server stopped
2025-12-23 20:30:54,249 [DEBUG] [Thread-1 (_run_server)] [cli_server/cli_server.py:206]: CLI server stopped
2025-12-23 20:30:54,561 [INFO] [MainThread] [core.utils.widgets.taskbar.window_manager/window_manager.py:218]: TaskbarWindowManager stopped
2025-12-23 20:30:54,562 [DEBUG] [MainThread] [systray_widget/systray.py:504]: Saving state to disk
2025-12-23 20:30:54,562 [DEBUG] [MainThread] [systray_widget/systray.py:508]: Saving state to C:\Users\ratta\AppData\Local\YASB\systray_state_INCG27Q30UMB6CBWL.json
2025-12-23 20:30:54,563 [DEBUG] [MainThread] [systray_widget/utils.py:96]: Destroying window 3937742
2025-12-23 20:30:54,563 [DEBUG] [MainThread] [systray_widget/systray.py:504]: Saving state to disk
2025-12-23 20:30:54,563 [DEBUG] [MainThread] [systray_widget/systray.py:508]: Saving state to C:\Users\ratta\AppData\Local\YASB\systray_state_EKLTDLU28R55H4ZMB00043.json
2025-12-23 20:30:54,564 [DEBUG] [MainThread] [systray_widget/utils.py:96]: Destroying window 3937742
2025-12-23 20:30:54,571 [DEBUG] [MainThread] [qasync._windows._EventPoller/_windows.py:220]: Stopping worker thread...
2025-12-23 20:30:54,575 [DEBUG] [Dummy-5] [qasync._windows._EventWorker/_windows.py:204]: Exiting thread
2025-12-23 20:30:54,578 [DEBUG] [MainThread] [qasync._windows._IocpProactor/_windows.py:78]: Closing
2025-12-23 20:30:54,738 [DEBUG] [MainThread] [systray_widget/utils.py:96]: Destroying window 3937742
2025-12-23 20:30:55,372 [INFO] [MainThread] [root/log.py:69]: YASB v1.8.6
2025-12-23 20:30:55,373 [INFO] [Thread-1 (_run_server)] [cli_server/cli_server.py:212]: CLI server started v1.1.4
2025-12-23 20:30:55,373 [INFO] [MainThread] [cli_server/cli_server.py:104]: Log pipe server started
2025-12-23 20:30:55,512 [INFO] [MainThread] [root/service.py:48]: AudioOutputService starting...
2025-12-23 20:30:56,108 [INFO] [MainThread] [root/bar_manager.py:85]: Starting SystemEventListener...
2025-12-23 20:30:56,109 [INFO] [MainThread] [root/bar_manager.py:85]: Starting WindowsNotificationEventListener...
2025-12-23 20:30:56,109 [INFO] [MainThread] [root/bar_manager.py:85]: Starting KomorebiEventListener...
2025-12-23 20:30:56,110 [INFO] [MainThread] [root/watcher.py:54]: Created file watcher for path C:\Users\ratta\.config\yasb
2025-12-23 20:30:56,187 [INFO] [Dummy-5] [root/event_listener.py:51]: Created named pipe yasb-9c593032-e003-11f0-a35b-d843ae576946
2025-12-23 20:30:56,223 [INFO] [MainThread] [root/update_service.py:409]: Background update checker started
2025-12-23 20:30:56,224 [DEBUG] [MainThread] [qasync._windows._EventPoller/_windows.py:215]: Starting (proactor: <_IocpProactor overlapped#=0 result#=0>)...
2025-12-23 20:30:56,226 [DEBUG] [Dummy-8] [qasync._windows._EventWorker/_windows.py:195]: Thread started
2025-12-23 20:30:56,227 [DEBUG] [MainThread] [systray_widget/systray.py:526]: Loading state from C:\Users\ratta\AppData\Local\YASB\systray_state_INCG27Q30UMB6CBWL.json
2025-12-23 20:30:56,234 [DEBUG] [SystrayMonitor] [systray_widget/systray.py:57]: Systray thread is starting...
2025-12-23 20:30:56,255 [DEBUG] [MainThread] [systray_widget/systray.py:526]: Loading state from C:\Users\ratta\AppData\Local\YASB\systray_state_EKLTDLU28R55H4ZMB00043.json
2025-12-23 20:30:56,299 [DEBUG] [MainThread] [systray_widget/systray.py:277]: Systray thread started
2025-12-23 20:30:56,367 [DEBUG] [SystrayMonitor] [systray_widget/systray_monitor.py:242]: Finding real tray hwnd
2025-12-23 20:30:56,501 [DEBUG] [SystrayMonitor] [systray_widget/systray_monitor.py:164]: Adding TaskbandHWND prop to hwnd 2299120
2025-12-23 20:30:56,505 [DEBUG] [MainThread] [systray_widget/systray_monitor.py:157]: Sending TaskbarCreated message: 49339
2025-12-23 20:31:03,644 [INFO] [Thread-1 (_run_server)] [cli_server/cli_server.py:253]: CLI server received command: stop
2025-12-23 20:31:03,644 [INFO] [Thread-1 (_run_server)] [root/controller.py:35]: Exiting Application from CLI...
2025-12-23 20:31:03,745 [INFO] [Thread-1 (_run_server)] [cli_server/cli_server.py:112]: Log pipe server stopped
2025-12-23 20:31:03,746 [DEBUG] [Thread-1 (_run_server)] [cli_server/cli_server.py:206]: CLI server stopped
2025-12-23 20:31:04,038 [INFO] [MainThread] [root/bar_manager.py:92]: Stopping SystemEventListener...
2025-12-23 20:31:04,038 [INFO] [MainThread] [root/bar_manager.py:92]: Stopping WindowsNotificationEventListener...
2025-12-23 20:31:04,038 [INFO] [MainThread] [root/bar_manager.py:92]: Stopping KomorebiEventListener...
2025-12-23 20:31:04,039 [DEBUG] [MainThread] [systray_widget/systray.py:504]: Saving state to disk
2025-12-23 20:31:04,039 [DEBUG] [MainThread] [systray_widget/systray.py:508]: Saving state to C:\Users\ratta\AppData\Local\YASB\systray_state_INCG27Q30UMB6CBWL.json
2025-12-23 20:31:04,040 [DEBUG] [MainThread] [systray_widget/utils.py:96]: Destroying window 2299120
2025-12-23 20:31:04,040 [DEBUG] [MainThread] [systray_widget/systray.py:504]: Saving state to disk
2025-12-23 20:31:04,041 [DEBUG] [MainThread] [systray_widget/systray.py:508]: Saving state to C:\Users\ratta\AppData\Local\YASB\systray_state_EKLTDLU28R55H4ZMB00043.json
2025-12-23 20:31:04,041 [DEBUG] [MainThread] [systray_widget/utils.py:96]: Destroying window 2299120
2025-12-23 20:31:04,043 [DEBUG] [MainThread] [qasync._windows._EventPoller/_windows.py:220]: Stopping worker thread...
2025-12-23 20:31:04,059 [DEBUG] [Dummy-8] [qasync._windows._EventWorker/_windows.py:204]: Exiting thread
2025-12-23 20:31:04,076 [DEBUG] [MainThread] [qasync._windows._IocpProactor/_windows.py:78]: Closing
2025-12-23 20:31:04,146 [DEBUG] [MainThread] [systray_widget/utils.py:96]: Destroying window 2299120
2025-12-23 20:31:05,134 [INFO] [MainThread] [root/log.py:69]: YASB v1.8.6
2025-12-23 20:31:05,135 [INFO] [Thread-1 (_run_server)] [cli_server/cli_server.py:212]: CLI server started v1.1.4
2025-12-23 20:31:05,135 [INFO] [MainThread] [cli_server/cli_server.py:104]: Log pipe server started
2025-12-23 20:31:05,271 [INFO] [MainThread] [root/service.py:48]: AudioOutputService starting...
2025-12-23 20:31:05,915 [INFO] [MainThread] [root/bar_manager.py:85]: Starting WindowsNotificationEventListener...
2025-12-23 20:31:05,916 [INFO] [MainThread] [root/bar_manager.py:85]: Starting SystemEventListener...
2025-12-23 20:31:05,916 [INFO] [MainThread] [root/watcher.py:54]: Created file watcher for path C:\Users\ratta\.config\yasb
2025-12-23 20:31:05,936 [INFO] [MainThread] [root/update_service.py:409]: Background update checker started
2025-12-23 20:31:05,936 [DEBUG] [MainThread] [qasync._windows._EventPoller/_windows.py:215]: Starting (proactor: <_IocpProactor overlapped#=0 result#=0>)...
2025-12-23 20:31:05,938 [DEBUG] [Dummy-5] [qasync._windows._EventWorker/_windows.py:195]: Thread started
2025-12-23 20:31:05,939 [DEBUG] [MainThread] [systray_widget/systray.py:526]: Loading state from C:\Users\ratta\AppData\Local\YASB\systray_state_INCG27Q30UMB6CBWL.json
2025-12-23 20:31:05,944 [DEBUG] [SystrayMonitor] [systray_widget/systray.py:57]: Systray thread is starting...
2025-12-23 20:31:05,958 [DEBUG] [MainThread] [systray_widget/systray.py:526]: Loading state from C:\Users\ratta\AppData\Local\YASB\systray_state_EKLTDLU28R55H4ZMB00043.json
2025-12-23 20:31:05,996 [DEBUG] [MainThread] [systray_widget/systray.py:277]: Systray thread started
2025-12-23 20:31:06,197 [DEBUG] [SystrayMonitor] [systray_widget/systray_monitor.py:164]: Adding TaskbandHWND prop to hwnd 4458140
2025-12-23 20:31:06,198 [DEBUG] [SystrayMonitor] [systray_widget/systray_monitor.py:242]: Finding real tray hwnd
2025-12-23 20:31:06,207 [DEBUG] [MainThread] [systray_widget/systray_monitor.py:157]: Sending TaskbarCreated message: 49339
2025-12-23 20:31:12,790 [INFO] [Thread-1 (_run_server)] [cli_server/cli_server.py:253]: CLI server received command: stop
2025-12-23 20:31:12,790 [INFO] [Thread-1 (_run_server)] [root/controller.py:35]: Exiting Application from CLI...
2025-12-23 20:31:12,903 [INFO] [Thread-1 (_run_server)] [cli_server/cli_server.py:112]: Log pipe server stopped
2025-12-23 20:31:12,903 [DEBUG] [Thread-1 (_run_server)] [cli_server/cli_server.py:206]: CLI server stopped
2025-12-23 20:31:13,207 [INFO] [MainThread] [root/bar_manager.py:92]: Stopping WindowsNotificationEventListener...
2025-12-23 20:31:13,207 [INFO] [MainThread] [root/bar_manager.py:92]: Stopping SystemEventListener...
2025-12-23 20:31:13,208 [DEBUG] [MainThread] [systray_widget/systray.py:504]: Saving state to disk
2025-12-23 20:31:13,209 [DEBUG] [MainThread] [systray_widget/systray.py:508]: Saving state to C:\Users\ratta\AppData\Local\YASB\systray_state_INCG27Q30UMB6CBWL.json
2025-12-23 20:31:13,209 [DEBUG] [MainThread] [systray_widget/utils.py:96]: Destroying window 4458140
2025-12-23 20:31:13,209 [DEBUG] [MainThread] [systray_widget/systray.py:504]: Saving state to disk
2025-12-23 20:31:13,210 [DEBUG] [MainThread] [systray_widget/systray.py:508]: Saving state to C:\Users\ratta\AppData\Local\YASB\systray_state_EKLTDLU28R55H4ZMB00043.json
2025-12-23 20:31:13,210 [DEBUG] [MainThread] [systray_widget/utils.py:96]: Destroying window 4458140
2025-12-23 20:31:13,213 [DEBUG] [MainThread] [qasync._windows._EventPoller/_windows.py:220]: Stopping worker thread...
2025-12-23 20:31:13,215 [DEBUG] [Dummy-5] [qasync._windows._EventWorker/_windows.py:204]: Exiting thread
2025-12-23 20:31:13,217 [DEBUG] [MainThread] [qasync._windows._IocpProactor/_windows.py:78]: Closing
2025-12-23 20:31:13,301 [DEBUG] [MainThread] [systray_widget/utils.py:96]: Destroying window 4458140
2025-12-23 20:31:14,535 [INFO] [MainThread] [root/log.py:69]: YASB v1.8.6
2025-12-23 20:31:14,535 [INFO] [Thread-1 (_run_server)] [cli_server/cli_server.py:212]: CLI server started v1.1.4
2025-12-23 20:31:14,535 [INFO] [MainThread] [cli_server/cli_server.py:104]: Log pipe server started
2025-12-23 20:31:14,835 [INFO] [MainThread] [root/service.py:48]: AudioOutputService starting...
2025-12-23 20:31:15,209 [INFO] [MainThread] [root/bar_manager.py:85]: Starting KomorebiEventListener...
2025-12-23 20:31:15,210 [INFO] [MainThread] [root/bar_manager.py:85]: Starting SystemEventListener...
2025-12-23 20:31:15,210 [INFO] [MainThread] [root/watcher.py:54]: Created file watcher for path C:\Users\ratta\.config\yasb
2025-12-23 20:31:15,273 [INFO] [Dummy-5] [root/event_listener.py:51]: Created named pipe yasb-a7bba3ce-e003-11f0-82bb-d843ae576946
2025-12-23 20:31:15,289 [INFO] [MainThread] [root/update_service.py:409]: Background update checker started
2025-12-23 20:31:15,289 [DEBUG] [MainThread] [qasync._windows._EventPoller/_windows.py:215]: Starting (proactor: <_IocpProactor overlapped#=0 result#=0>)...
2025-12-23 20:31:15,292 [DEBUG] [Dummy-8] [qasync._windows._EventWorker/_windows.py:195]: Thread started
2025-12-23 20:31:15,300 [DEBUG] [MainThread] [systray_widget/systray.py:526]: Loading state from C:\Users\ratta\AppData\Local\YASB\systray_state_INCG27Q30UMB6CBWL.json
2025-12-23 20:31:15,304 [DEBUG] [SystrayMonitor] [systray_widget/systray.py:57]: Systray thread is starting...
2025-12-23 20:31:15,308 [DEBUG] [MainThread] [systray_widget/systray.py:526]: Loading state from C:\Users\ratta\AppData\Local\YASB\systray_state_EKLTDLU28R55H4ZMB00043.json
2025-12-23 20:31:15,345 [DEBUG] [MainThread] [systray_widget/systray.py:277]: Systray thread started
2025-12-23 20:31:15,416 [DEBUG] [SystrayMonitor] [systray_widget/systray_monitor.py:242]: Finding real tray hwnd
2025-12-23 20:31:15,547 [DEBUG] [SystrayMonitor] [systray_widget/systray_monitor.py:164]: Adding TaskbandHWND prop to hwnd 2561522
2025-12-23 20:31:15,554 [DEBUG] [MainThread] [systray_widget/systray_monitor.py:157]: Sending TaskbarCreated message: 49339
2025-12-23 20:31:24,473 [INFO] [Thread-1 (_run_server)] [cli_server/cli_server.py:253]: CLI server received command: stop
2025-12-23 20:31:24,473 [INFO] [Thread-1 (_run_server)] [root/controller.py:35]: Exiting Application from CLI...
2025-12-23 20:31:24,576 [INFO] [Thread-1 (_run_server)] [cli_server/cli_server.py:112]: Log pipe server stopped
2025-12-23 20:31:24,577 [DEBUG] [Thread-1 (_run_server)] [cli_server/cli_server.py:206]: CLI server stopped
2025-12-23 20:31:26,607 [INFO] [MainThread] [root/log.py:69]: YASB v1.8.6
2025-12-23 20:31:26,607 [INFO] [Thread-1 (_run_server)] [cli_server/cli_server.py:212]: CLI server started v1.1.4
2025-12-23 20:31:26,607 [INFO] [MainThread] [cli_server/cli_server.py:104]: Log pipe server started
2025-12-23 20:31:26,607 [ERROR] [MainThread] [root/main.py:74]: Another instance of the YASB is already running.
2025-12-23 20:31:26,699 [INFO] [MainThread] [root/bar_manager.py:92]: Stopping KomorebiEventListener...
2025-12-23 20:31:26,699 [INFO] [MainThread] [root/bar_manager.py:92]: Stopping SystemEventListener...
2025-12-23 20:31:26,699 [DEBUG] [MainThread] [systray_widget/systray.py:504]: Saving state to disk
2025-12-23 20:31:26,700 [DEBUG] [MainThread] [systray_widget/systray.py:508]: Saving state to C:\Users\ratta\AppData\Local\YASB\systray_state_INCG27Q30UMB6CBWL.json
2025-12-23 20:31:26,700 [DEBUG] [MainThread] [systray_widget/utils.py:96]: Destroying window 2561522
2025-12-23 20:31:26,701 [DEBUG] [MainThread] [systray_widget/systray.py:504]: Saving state to disk
2025-12-23 20:31:26,701 [DEBUG] [MainThread] [systray_widget/systray.py:508]: Saving state to C:\Users\ratta\AppData\Local\YASB\systray_state_EKLTDLU28R55H4ZMB00043.json
2025-12-23 20:31:26,709 [DEBUG] [MainThread] [systray_widget/utils.py:96]: Destroying window 2561522
2025-12-23 20:31:26,744 [INFO] [MainThread] [root/controller.py:15]: Reloading Application because of config change.
2025-12-23 20:31:26,847 [INFO] [MainThread] [cli_server/cli_server.py:112]: Log pipe server stopped
2025-12-23 20:31:26,847 [DEBUG] [MainThread] [cli_server/cli_server.py:206]: CLI server stopped
2025-12-23 20:31:26,852 [INFO] [MainThread] [root/bar_manager.py:76]: Successfully loaded updated config and re-initialised all bars.
2025-12-23 20:31:26,864 [ERROR] [MainThread] [root/main.py:146]: Unhandled exception
Traceback (most recent call last):
  File "D:\a\yasb\yasb\src\core\widgets\yasb\media.py", line 632, in _update_interpolated_position
RuntimeError: wrapped C/C++ object of type MediaWidget has been deleted

During handling of the above exception, another exception occurred:

Traceback (most recent call last):
  File "D:\a\yasb\yasb\src\core\utils\widgets\media\media.py", line 395, in _interpolate_timeline
  File "D:\a\yasb\yasb\src\core\widgets\yasb\media.py", line 201, in <lambda>
  File "D:\a\yasb\yasb\src\core\widgets\yasb\media.py", line 658, in _update_interpolated_position
RuntimeError: wrapped C/C++ object of type MediaWidget has been deleted
2025-12-23 20:31:26,865 [DEBUG] [MainThread] [systray_widget/utils.py:96]: Destroying window 2561522
2025-12-23 20:31:27,085 [INFO] [MainThread] [root/log.py:69]: YASB v1.8.6
2025-12-23 20:31:27,085 [INFO] [Thread-1 (_run_server)] [cli_server/cli_server.py:212]: CLI server started v1.1.4
2025-12-23 20:31:27,086 [INFO] [MainThread] [cli_server/cli_server.py:104]: Log pipe server started
2025-12-23 20:31:27,499 [INFO] [MainThread] [root/service.py:48]: AudioOutputService starting...
2025-12-23 20:31:27,765 [DEBUG] [MainThread] [root/pin_manager.py:163]: Loaded 0 pinned apps from C:\Users\ratta\AppData\Local\YASB\taskbar_pinned.json
2025-12-23 20:31:27,852 [INFO] [MainThread] [core.utils.widgets.taskbar.window_manager/window_manager.py:191]: TaskbarWindowManager is starting...
2025-12-23 20:31:28,339 [INFO] [MainThread] [root/bar_manager.py:85]: Starting SystemEventListener...
2025-12-23 20:31:28,340 [INFO] [MainThread] [root/watcher.py:54]: Created file watcher for path C:\Users\ratta\.config\yasb
2025-12-23 20:31:28,377 [INFO] [MainThread] [root/update_service.py:409]: Background update checker started
2025-12-23 20:31:28,377 [DEBUG] [MainThread] [qasync._windows._EventPoller/_windows.py:215]: Starting (proactor: <_IocpProactor overlapped#=0 result#=0>)...
2025-12-23 20:31:28,378 [DEBUG] [Dummy-5] [qasync._windows._EventWorker/_windows.py:195]: Thread started
2025-12-23 20:31:29,526 [ERROR] [MainThread] [root/api.py:82]: Weather API invalid JSON response: Expecting value: line 1 column 1 (char 0)
2025-12-23 20:31:29,526 [WARNING] [MainThread] [root/weather.py:594]: Error processing weather data: Weather data is empty.. Retrying fetch in 10 seconds.
2025-12-23 20:31:29,527 [WARNING] [MainThread] [root/weather.py:594]: Error processing weather data: Weather data is empty.. Retrying fetch in 10 seconds.
2025-12-23 20:31:40,355 [ERROR] [MainThread] [root/api.py:82]: Weather API invalid JSON response: Expecting value: line 1 column 1 (char 0)
2025-12-23 20:31:40,355 [WARNING] [MainThread] [root/weather.py:594]: Error processing weather data: Weather data is empty.. Retrying fetch in 10 seconds.
2025-12-23 20:31:40,355 [WARNING] [MainThread] [root/weather.py:594]: Error processing weather data: Weather data is empty.. Retrying fetch in 10 seconds.
2025-12-23 20:31:40,369 [ERROR] [MainThread] [root/api.py:82]: Weather API invalid JSON response: Expecting value: line 1 column 1 (char 0)
2025-12-23 20:31:51,563 [ERROR] [MainThread] [root/api.py:82]: Weather API invalid JSON response: Expecting value: line 1 column 1 (char 0)
2025-12-23 20:31:51,563 [WARNING] [MainThread] [root/weather.py:594]: Error processing weather data: Weather data is empty.. Retrying fetch in 10 seconds.
2025-12-23 20:31:51,564 [WARNING] [MainThread] [root/weather.py:594]: Error processing weather data: Weather data is empty.. Retrying fetch in 10 seconds.
2025-12-23 20:31:51,564 [ERROR] [MainThread] [root/api.py:82]: Weather API invalid JSON response: Expecting value: line 1 column 1 (char 0)
2025-12-23 20:32:01,715 [ERROR] [MainThread] [root/api.py:82]: Weather API invalid JSON response: Expecting value: line 1 column 1 (char 0)
2025-12-23 20:32:01,715 [WARNING] [MainThread] [root/weather.py:594]: Error processing weather data: Weather data is empty.. Retrying fetch in 10 seconds.
2025-12-23 20:32:01,715 [WARNING] [MainThread] [root/weather.py:594]: Error processing weather data: Weather data is empty.. Retrying fetch in 10 seconds.
2025-12-23 20:32:01,716 [ERROR] [MainThread] [root/api.py:82]: Weather API invalid JSON response: Expecting value: line 1 column 1 (char 0)
2025-12-23 20:32:11,999 [ERROR] [MainThread] [root/api.py:82]: Weather API invalid JSON response: Expecting value: line 1 column 1 (char 0)
2025-12-23 20:32:11,999 [WARNING] [MainThread] [root/weather.py:594]: Error processing weather data: Weather data is empty.. Retrying fetch in 10 seconds.
2025-12-23 20:32:11,999 [WARNING] [MainThread] [root/weather.py:594]: Error processing weather data: Weather data is empty.. Retrying fetch in 10 seconds.
2025-12-23 20:32:12,000 [ERROR] [MainThread] [root/api.py:82]: Weather API invalid JSON response: Expecting value: line 1 column 1 (char 0)
2025-12-23 20:32:22,131 [ERROR] [MainThread] [root/api.py:82]: Weather API invalid JSON response: Expecting value: line 1 column 1 (char 0)
2025-12-23 20:32:22,131 [WARNING] [MainThread] [root/weather.py:594]: Error processing weather data: Weather data is empty.. Retrying fetch in 10 seconds.
2025-12-23 20:32:22,132 [WARNING] [MainThread] [root/weather.py:594]: Error processing weather data: Weather data is empty.. Retrying fetch in 10 seconds.
2025-12-23 20:32:22,142 [ERROR] [MainThread] [root/api.py:82]: Weather API invalid JSON response: Expecting value: line 1 column 1 (char 0)
2025-12-23 20:32:25,114 [INFO] [MainThread] [root/controller.py:15]: Reloading Application because of config change.
2025-12-23 20:32:25,215 [INFO] [MainThread] [cli_server/cli_server.py:112]: Log pipe server stopped
2025-12-23 20:32:25,215 [DEBUG] [MainThread] [cli_server/cli_server.py:206]: CLI server stopped
2025-12-23 20:32:25,218 [INFO] [MainThread] [root/bar_manager.py:76]: Successfully loaded updated config and re-initialised all bars.
2025-12-23 20:32:25,487 [INFO] [MainThread] [root/log.py:69]: YASB v1.8.6
2025-12-23 20:32:25,487 [INFO] [Thread-1 (_run_server)] [cli_server/cli_server.py:212]: CLI server started v1.1.4
2025-12-23 20:32:25,488 [INFO] [MainThread] [cli_server/cli_server.py:104]: Log pipe server started
2025-12-23 20:32:25,488 [INFO] [MainThread] [root/main.py:45]: Waiting for previous YASB instance to exit...
2025-12-23 20:32:25,543 [INFO] [MainThread] [root/bar_manager.py:92]: Stopping SystemEventListener...
2025-12-23 20:32:25,545 [INFO] [MainThread] [core.utils.widgets.taskbar.window_manager/window_manager.py:218]: TaskbarWindowManager stopped
2025-12-23 20:32:25,622 [DEBUG] [MainThread] [qasync._windows._EventPoller/_windows.py:220]: Stopping worker thread...
2025-12-23 20:32:25,632 [DEBUG] [Dummy-5] [qasync._windows._EventWorker/_windows.py:204]: Exiting thread
2025-12-23 20:32:25,638 [DEBUG] [MainThread] [qasync._windows._IocpProactor/_windows.py:78]: Closing
2025-12-23 20:32:25,738 [INFO] [MainThread] [root/main.py:71]: Previous instance exited, continuing startup.
2025-12-23 20:32:26,201 [INFO] [MainThread] [root/service.py:48]: AudioOutputService starting...
2025-12-23 20:32:26,465 [DEBUG] [MainThread] [root/pin_manager.py:163]: Loaded 0 pinned apps from C:\Users\ratta\AppData\Local\YASB\taskbar_pinned.json
2025-12-23 20:32:26,573 [INFO] [MainThread] [core.utils.widgets.taskbar.window_manager/window_manager.py:191]: TaskbarWindowManager is starting...
2025-12-23 20:32:26,972 [INFO] [MainThread] [root/bar_manager.py:85]: Starting SystemEventListener...
2025-12-23 20:32:26,972 [INFO] [MainThread] [root/watcher.py:54]: Created file watcher for path C:\Users\ratta\.config\yasb
2025-12-23 20:32:27,034 [INFO] [MainThread] [root/update_service.py:409]: Background update checker started
2025-12-23 20:32:27,034 [DEBUG] [MainThread] [qasync._windows._EventPoller/_windows.py:215]: Starting (proactor: <_IocpProactor overlapped#=0 result#=0>)...
2025-12-23 20:32:27,036 [DEBUG] [Dummy-5] [qasync._windows._EventWorker/_windows.py:195]: Thread started
2025-12-23 20:32:28,427 [ERROR] [MainThread] [root/api.py:82]: Weather API invalid JSON response: Expecting value: line 1 column 1 (char 0)
2025-12-23 20:32:28,427 [WARNING] [MainThread] [root/weather.py:594]: Error processing weather data: Weather data is empty.. Retrying fetch in 10 seconds.
2025-12-23 20:32:28,427 [WARNING] [MainThread] [root/weather.py:594]: Error processing weather data: Weather data is empty.. Retrying fetch in 10 seconds.
2025-12-23 20:32:38,665 [ERROR] [MainThread] [root/api.py:82]: Weather API invalid JSON response: Expecting value: line 1 column 1 (char 0)
2025-12-23 20:32:38,665 [WARNING] [MainThread] [root/weather.py:594]: Error processing weather data: Weather data is empty.. Retrying fetch in 10 seconds.
2025-12-23 20:32:38,665 [WARNING] [MainThread] [root/weather.py:594]: Error processing weather data: Weather data is empty.. Retrying fetch in 10 seconds.
2025-12-23 20:32:38,689 [ERROR] [MainThread] [root/api.py:82]: Weather API invalid JSON response: Expecting value: line 1 column 1 (char 0)
2025-12-23 20:32:48,839 [ERROR] [MainThread] [root/api.py:82]: Weather API invalid JSON response: Expecting value: line 1 column 1 (char 0)
2025-12-23 20:32:48,839 [WARNING] [MainThread] [root/weather.py:594]: Error processing weather data: Weather data is empty.. Retrying fetch in 10 seconds.
2025-12-23 20:32:48,839 [WARNING] [MainThread] [root/weather.py:594]: Error processing weather data: Weather data is empty.. Retrying fetch in 10 seconds.
2025-12-23 20:32:48,841 [ERROR] [MainThread] [root/api.py:82]: Weather API invalid JSON response: Expecting value: line 1 column 1 (char 0)
2025-12-23 20:32:58,954 [ERROR] [MainThread] [root/api.py:82]: Weather API invalid JSON response: Expecting value: line 1 column 1 (char 0)
2025-12-23 20:32:58,954 [WARNING] [MainThread] [root/weather.py:594]: Error processing weather data: Weather data is empty.. Retrying fetch in 10 seconds.
2025-12-23 20:32:58,955 [WARNING] [MainThread] [root/weather.py:594]: Error processing weather data: Weather data is empty.. Retrying fetch in 10 seconds.
2025-12-23 20:32:59,020 [ERROR] [MainThread] [root/api.py:82]: Weather API invalid JSON response: Expecting value: line 1 column 1 (char 0)
2025-12-23 20:33:09,006 [ERROR] [MainThread] [root/api.py:82]: Weather API invalid JSON response: Expecting value: line 1 column 1 (char 0)
2025-12-23 20:33:09,007 [WARNING] [MainThread] [root/weather.py:594]: Error processing weather data: Weather data is empty.. Retrying fetch in 10 seconds.
2025-12-23 20:33:09,007 [WARNING] [MainThread] [root/weather.py:594]: Error processing weather data: Weather data is empty.. Retrying fetch in 10 seconds.
2025-12-23 20:33:09,012 [ERROR] [MainThread] [root/api.py:82]: Weather API invalid JSON response: Expecting value: line 1 column 1 (char 0)
2025-12-23 20:33:19,052 [ERROR] [MainThread] [root/api.py:82]: Weather API invalid JSON response: Expecting value: line 1 column 1 (char 0)
2025-12-23 20:33:19,052 [WARNING] [MainThread] [root/weather.py:594]: Error processing weather data: Weather data is empty.. Retrying fetch in 10 seconds.
2025-12-23 20:33:19,053 [WARNING] [MainThread] [root/weather.py:594]: Error processing weather data: Weather data is empty.. Retrying fetch in 10 seconds.
2025-12-23 20:33:19,062 [ERROR] [MainThread] [root/api.py:82]: Weather API invalid JSON response: Expecting value: line 1 column 1 (char 0)
2025-12-23 20:33:29,234 [ERROR] [MainThread] [root/api.py:82]: Weather API invalid JSON response: Expecting value: line 1 column 1 (char 0)
2025-12-23 20:33:29,234 [WARNING] [MainThread] [root/weather.py:594]: Error processing weather data: Weather data is empty.. Retrying fetch in 10 seconds.
2025-12-23 20:33:29,234 [WARNING] [MainThread] [root/weather.py:594]: Error processing weather data: Weather data is empty.. Retrying fetch in 10 seconds.
2025-12-23 20:33:29,271 [ERROR] [MainThread] [root/api.py:82]: Weather API invalid JSON response: Expecting value: line 1 column 1 (char 0)
2025-12-23 20:33:41,604 [ERROR] [MainThread] [root/api.py:82]: Weather API invalid JSON response: Expecting value: line 1 column 1 (char 0)
2025-12-23 20:33:41,604 [WARNING] [MainThread] [root/weather.py:594]: Error processing weather data: Weather data is empty.. Retrying fetch in 10 seconds.
2025-12-23 20:33:41,605 [WARNING] [MainThread] [root/weather.py:594]: Error processing weather data: Weather data is empty.. Retrying fetch in 10 seconds.
2025-12-23 20:33:41,605 [ERROR] [MainThread] [root/api.py:82]: Weather API invalid JSON response: Expecting value: line 1 column 1 (char 0)
2025-12-23 20:33:46,583 [INFO] [Thread-1 (_run_server)] [cli_server/cli_server.py:253]: CLI server received command: stop
2025-12-23 20:33:46,583 [INFO] [Thread-1 (_run_server)] [root/controller.py:35]: Exiting Application from CLI...
2025-12-23 20:33:46,687 [INFO] [Thread-1 (_run_server)] [cli_server/cli_server.py:112]: Log pipe server stopped
2025-12-23 20:33:46,687 [DEBUG] [Thread-1 (_run_server)] [cli_server/cli_server.py:206]: CLI server stopped
2025-12-23 20:33:47,007 [INFO] [MainThread] [root/bar_manager.py:92]: Stopping SystemEventListener...
2025-12-23 20:33:47,010 [INFO] [MainThread] [core.utils.widgets.taskbar.window_manager/window_manager.py:218]: TaskbarWindowManager stopped
2025-12-23 20:33:47,078 [DEBUG] [MainThread] [qasync._windows._EventPoller/_windows.py:220]: Stopping worker thread...
2025-12-23 20:33:47,092 [DEBUG] [Dummy-5] [qasync._windows._EventWorker/_windows.py:204]: Exiting thread
2025-12-23 20:33:47,097 [DEBUG] [MainThread] [qasync._windows._IocpProactor/_windows.py:78]: Closing
2025-12-23 20:33:47,926 [INFO] [MainThread] [root/log.py:69]: YASB v1.8.6
2025-12-23 20:33:47,927 [INFO] [Thread-1 (_run_server)] [cli_server/cli_server.py:212]: CLI server started v1.1.4
2025-12-23 20:33:47,927 [INFO] [MainThread] [cli_server/cli_server.py:104]: Log pipe server started
2025-12-23 20:33:48,100 [INFO] [MainThread] [root/service.py:48]: AudioOutputService starting...
2025-12-23 20:33:48,411 [DEBUG] [MainThread] [root/pin_manager.py:163]: Loaded 0 pinned apps from C:\Users\ratta\AppData\Local\YASB\taskbar_pinned.json
2025-12-23 20:33:48,543 [INFO] [MainThread] [core.utils.widgets.taskbar.window_manager/window_manager.py:191]: TaskbarWindowManager is starting...
2025-12-23 20:33:48,835 [INFO] [MainThread] [root/bar_manager.py:85]: Starting KomorebiEventListener...
2025-12-23 20:33:48,835 [INFO] [MainThread] [root/watcher.py:54]: Created file watcher for path C:\Users\ratta\.config\yasb
2025-12-23 20:33:48,843 [INFO] [Dummy-5] [root/event_listener.py:51]: Created named pipe yasb-034d0645-e004-11f0-a47b-d843ae576946
2025-12-23 20:33:48,864 [INFO] [MainThread] [root/update_service.py:409]: Background update checker started
2025-12-23 20:33:48,864 [DEBUG] [MainThread] [qasync._windows._EventPoller/_windows.py:215]: Starting (proactor: <_IocpProactor overlapped#=0 result#=0>)...
2025-12-23 20:33:48,866 [DEBUG] [Dummy-8] [qasync._windows._EventWorker/_windows.py:195]: Thread started
2025-12-23 20:33:48,873 [DEBUG] [MainThread] [systray_widget/systray.py:526]: Loading state from C:\Users\ratta\AppData\Local\YASB\systray_state_INCG27Q30UMB6CBWL.json
2025-12-23 20:33:48,878 [DEBUG] [SystrayMonitor] [systray_widget/systray.py:57]: Systray thread is starting...
2025-12-23 20:33:48,885 [DEBUG] [MainThread] [systray_widget/systray.py:526]: Loading state from C:\Users\ratta\AppData\Local\YASB\systray_state_EKLTDLU28R55H4ZMB00043.json
2025-12-23 20:33:48,886 [DEBUG] [SystrayMonitor] [systray_widget/systray_monitor.py:242]: Finding real tray hwnd
2025-12-23 20:33:48,902 [DEBUG] [MainThread] [systray_widget/systray.py:277]: Systray thread started
2025-12-23 20:33:49,107 [DEBUG] [SystrayMonitor] [systray_widget/systray_monitor.py:164]: Adding TaskbandHWND prop to hwnd 1447500
2025-12-23 20:33:49,113 [DEBUG] [MainThread] [systray_widget/systray_monitor.py:157]: Sending TaskbarCreated message: 49339
2025-12-23 20:33:56,549 [INFO] [MainThread] [root/api.py:69]: Fetching new weather data at 2025-12-23 20:33:56.549932
2025-12-23 20:33:56,783 [INFO] [Thread-1 (_run_server)] [cli_server/cli_server.py:253]: CLI server received command: stop
2025-12-23 20:33:56,783 [INFO] [Thread-1 (_run_server)] [root/controller.py:35]: Exiting Application from CLI...
2025-12-23 20:33:56,889 [INFO] [Thread-1 (_run_server)] [cli_server/cli_server.py:112]: Log pipe server stopped
2025-12-23 20:33:56,889 [DEBUG] [Thread-1 (_run_server)] [cli_server/cli_server.py:206]: CLI server stopped
2025-12-23 20:33:57,199 [INFO] [MainThread] [root/bar_manager.py:92]: Stopping KomorebiEventListener...
2025-12-23 20:33:57,199 [INFO] [MainThread] [core.utils.widgets.taskbar.window_manager/window_manager.py:218]: TaskbarWindowManager stopped
2025-12-23 20:33:57,199 [DEBUG] [MainThread] [systray_widget/systray.py:504]: Saving state to disk
2025-12-23 20:33:57,200 [DEBUG] [MainThread] [systray_widget/systray.py:508]: Saving state to C:\Users\ratta\AppData\Local\YASB\systray_state_INCG27Q30UMB6CBWL.json
2025-12-23 20:33:57,200 [DEBUG] [MainThread] [systray_widget/utils.py:96]: Destroying window 1447500
2025-12-23 20:33:57,200 [DEBUG] [MainThread] [systray_widget/systray.py:504]: Saving state to disk
2025-12-23 20:33:57,200 [DEBUG] [MainThread] [systray_widget/systray.py:508]: Saving state to C:\Users\ratta\AppData\Local\YASB\systray_state_EKLTDLU28R55H4ZMB00043.json
2025-12-23 20:33:57,201 [DEBUG] [MainThread] [systray_widget/utils.py:96]: Destroying window 1447500
2025-12-23 20:33:57,241 [DEBUG] [MainThread] [qasync._windows._EventPoller/_windows.py:220]: Stopping worker thread...
2025-12-23 20:33:57,248 [DEBUG] [Dummy-8] [qasync._windows._EventWorker/_windows.py:204]: Exiting thread
2025-12-23 20:33:57,270 [DEBUG] [MainThread] [qasync._windows._IocpProactor/_windows.py:78]: Closing
2025-12-23 20:33:57,356 [DEBUG] [MainThread] [systray_widget/utils.py:96]: Destroying window 1447500
2025-12-23 20:33:58,317 [INFO] [MainThread] [root/log.py:69]: YASB v1.8.6
2025-12-23 20:33:58,318 [INFO] [Thread-1 (_run_server)] [cli_server/cli_server.py:212]: CLI server started v1.1.4
2025-12-23 20:33:58,318 [INFO] [MainThread] [cli_server/cli_server.py:104]: Log pipe server started
2025-12-23 20:33:58,681 [INFO] [MainThread] [root/service.py:48]: AudioOutputService starting...
2025-12-23 20:33:59,125 [INFO] [MainThread] [root/bar_manager.py:85]: Starting SystemEventListener...
2025-12-23 20:33:59,126 [INFO] [MainThread] [root/watcher.py:54]: Created file watcher for path C:\Users\ratta\.config\yasb
2025-12-23 20:33:59,148 [INFO] [MainThread] [root/update_service.py:409]: Background update checker started
2025-12-23 20:33:59,148 [DEBUG] [MainThread] [qasync._windows._EventPoller/_windows.py:215]: Starting (proactor: <_IocpProactor overlapped#=0 result#=0>)...
2025-12-23 20:33:59,149 [DEBUG] [Dummy-5] [qasync._windows._EventWorker/_windows.py:195]: Thread started
2025-12-23 20:34:00,418 [ERROR] [MainThread] [root/api.py:82]: Weather API invalid JSON response: Expecting value: line 1 column 1 (char 0)
2025-12-23 20:34:00,418 [WARNING] [MainThread] [root/weather.py:594]: Error processing weather data: Weather data is empty.. Retrying fetch in 10 seconds.
2025-12-23 20:34:00,420 [WARNING] [MainThread] [root/weather.py:594]: Error processing weather data: Weather data is empty.. Retrying fetch in 10 seconds.
2025-12-23 20:34:10,870 [ERROR] [MainThread] [root/api.py:82]: Weather API invalid JSON response: Expecting value: line 1 column 1 (char 0)
2025-12-23 20:34:10,870 [WARNING] [MainThread] [root/weather.py:594]: Error processing weather data: Weather data is empty.. Retrying fetch in 10 seconds.
2025-12-23 20:34:10,870 [WARNING] [MainThread] [root/weather.py:594]: Error processing weather data: Weather data is empty.. Retrying fetch in 10 seconds.
2025-12-23 20:34:10,873 [ERROR] [MainThread] [root/api.py:82]: Weather API invalid JSON response: Expecting value: line 1 column 1 (char 0)
2025-12-23 20:34:16,368 [INFO] [Thread-1 (_run_server)] [cli_server/cli_server.py:253]: CLI server received command: stop
2025-12-23 20:34:16,368 [INFO] [Thread-1 (_run_server)] [root/controller.py:35]: Exiting Application from CLI...
2025-12-23 20:34:16,477 [INFO] [Thread-1 (_run_server)] [cli_server/cli_server.py:112]: Log pipe server stopped
2025-12-23 20:34:16,477 [DEBUG] [Thread-1 (_run_server)] [cli_server/cli_server.py:206]: CLI server stopped
2025-12-23 20:34:16,779 [INFO] [MainThread] [root/bar_manager.py:92]: Stopping SystemEventListener...
2025-12-23 20:34:16,843 [DEBUG] [MainThread] [qasync._windows._EventPoller/_windows.py:220]: Stopping worker thread...
2025-12-23 20:34:16,850 [DEBUG] [Dummy-5] [qasync._windows._EventWorker/_windows.py:204]: Exiting thread
2025-12-23 20:34:16,860 [DEBUG] [MainThread] [qasync._windows._IocpProactor/_windows.py:78]: Closing
2025-12-23 20:34:17,643 [INFO] [MainThread] [root/log.py:69]: YASB v1.8.6
2025-12-23 20:34:17,643 [INFO] [Thread-1 (_run_server)] [cli_server/cli_server.py:212]: CLI server started v1.1.4
2025-12-23 20:34:17,643 [INFO] [MainThread] [cli_server/cli_server.py:104]: Log pipe server started
2025-12-23 20:34:18,110 [INFO] [MainThread] [root/service.py:48]: AudioOutputService starting...
2025-12-23 20:34:18,544 [INFO] [MainThread] [root/bar_manager.py:85]: Starting WindowsNotificationEventListener...
2025-12-23 20:34:18,544 [INFO] [MainThread] [root/bar_manager.py:85]: Starting KomorebiEventListener...
2025-12-23 20:34:18,545 [INFO] [MainThread] [root/watcher.py:54]: Created file watcher for path C:\Users\ratta\.config\yasb
2025-12-23 20:34:18,599 [INFO] [Dummy-5] [root/event_listener.py:51]: Created named pipe yasb-1502591a-e004-11f0-9d2c-d843ae576946
2025-12-23 20:34:18,635 [INFO] [MainThread] [root/update_service.py:409]: Background update checker started
2025-12-23 20:34:18,635 [DEBUG] [MainThread] [qasync._windows._EventPoller/_windows.py:215]: Starting (proactor: <_IocpProactor overlapped#=0 result#=0>)...
2025-12-23 20:34:18,637 [DEBUG] [Dummy-8] [qasync._windows._EventWorker/_windows.py:195]: Thread started
2025-12-23 20:34:18,645 [DEBUG] [MainThread] [systray_widget/systray.py:526]: Loading state from C:\Users\ratta\AppData\Local\YASB\systray_state_INCG27Q30UMB6CBWL.json
2025-12-23 20:34:18,648 [DEBUG] [SystrayMonitor] [systray_widget/systray.py:57]: Systray thread is starting...
2025-12-23 20:34:18,655 [DEBUG] [MainThread] [systray_widget/systray.py:526]: Loading state from C:\Users\ratta\AppData\Local\YASB\systray_state_EKLTDLU28R55H4ZMB00043.json
2025-12-23 20:34:18,691 [DEBUG] [MainThread] [systray_widget/systray.py:277]: Systray thread started
2025-12-23 20:34:18,892 [DEBUG] [SystrayMonitor] [systray_widget/systray_monitor.py:164]: Adding TaskbandHWND prop to hwnd 1054178
2025-12-23 20:34:18,893 [DEBUG] [SystrayMonitor] [systray_widget/systray_monitor.py:242]: Finding real tray hwnd
2025-12-23 20:34:18,898 [DEBUG] [MainThread] [systray_widget/systray_monitor.py:157]: Sending TaskbarCreated message: 49339
2025-12-23 20:34:19,260 [INFO] [MainThread] [root/api.py:69]: Fetching new weather data at 2025-12-23 20:34:19.260008
2025-12-23 20:35:31,183 [INFO] [MainThread] [root/controller.py:15]: Reloading Application because of config change.
2025-12-23 20:35:31,291 [INFO] [MainThread] [cli_server/cli_server.py:112]: Log pipe server stopped
2025-12-23 20:35:31,291 [DEBUG] [MainThread] [cli_server/cli_server.py:206]: CLI server stopped
2025-12-23 20:35:31,294 [INFO] [MainThread] [root/bar_manager.py:76]: Successfully loaded updated config and re-initialised all bars.
2025-12-23 20:35:31,548 [INFO] [MainThread] [root/log.py:69]: YASB v1.8.6
2025-12-23 20:35:31,548 [INFO] [Thread-1 (_run_server)] [cli_server/cli_server.py:212]: CLI server started v1.1.4
2025-12-23 20:35:31,549 [INFO] [MainThread] [cli_server/cli_server.py:104]: Log pipe server started
2025-12-23 20:35:31,549 [INFO] [MainThread] [root/main.py:45]: Waiting for previous YASB instance to exit...
2025-12-23 20:35:31,583 [INFO] [MainThread] [root/bar_manager.py:92]: Stopping WindowsNotificationEventListener...
2025-12-23 20:35:31,584 [INFO] [MainThread] [root/bar_manager.py:92]: Stopping KomorebiEventListener...
2025-12-23 20:35:31,585 [DEBUG] [MainThread] [systray_widget/systray.py:504]: Saving state to disk
2025-12-23 20:35:31,585 [DEBUG] [MainThread] [systray_widget/systray.py:508]: Saving state to C:\Users\ratta\AppData\Local\YASB\systray_state_INCG27Q30UMB6CBWL.json
2025-12-23 20:35:31,586 [DEBUG] [MainThread] [systray_widget/utils.py:96]: Destroying window 1054178
2025-12-23 20:35:31,586 [DEBUG] [MainThread] [systray_widget/systray.py:504]: Saving state to disk
2025-12-23 20:35:31,586 [DEBUG] [MainThread] [systray_widget/systray.py:508]: Saving state to C:\Users\ratta\AppData\Local\YASB\systray_state_EKLTDLU28R55H4ZMB00043.json
2025-12-23 20:35:31,586 [DEBUG] [MainThread] [systray_widget/utils.py:96]: Destroying window 1054178
2025-12-23 20:35:31,601 [DEBUG] [MainThread] [qasync._windows._EventPoller/_windows.py:220]: Stopping worker thread...
2025-12-23 20:35:31,603 [DEBUG] [Dummy-8] [qasync._windows._EventWorker/_windows.py:204]: Exiting thread
2025-12-23 20:35:31,628 [DEBUG] [MainThread] [qasync._windows._IocpProactor/_windows.py:78]: Closing
2025-12-23 20:35:31,724 [DEBUG] [MainThread] [systray_widget/utils.py:96]: Destroying window 1054178
2025-12-23 20:35:31,799 [INFO] [MainThread] [root/main.py:71]: Previous instance exited, continuing startup.
2025-12-23 20:35:32,454 [INFO] [MainThread] [root/service.py:48]: AudioOutputService starting...
2025-12-23 20:35:32,977 [INFO] [MainThread] [root/bar_manager.py:85]: Starting WindowsNotificationEventListener...
2025-12-23 20:35:32,978 [INFO] [MainThread] [root/bar_manager.py:85]: Starting KomorebiEventListener...
2025-12-23 20:35:32,979 [INFO] [MainThread] [root/watcher.py:54]: Created file watcher for path C:\Users\ratta\.config\yasb
2025-12-23 20:35:33,218 [INFO] [Dummy-5] [root/event_listener.py:51]: Created named pipe yasb-416006c5-e004-11f0-9514-d843ae576946
2025-12-23 20:35:33,244 [INFO] [MainThread] [root/update_service.py:409]: Background update checker started
2025-12-23 20:35:33,244 [DEBUG] [MainThread] [qasync._windows._EventPoller/_windows.py:215]: Starting (proactor: <_IocpProactor overlapped#=0 result#=0>)...
2025-12-23 20:35:33,246 [DEBUG] [Dummy-8] [qasync._windows._EventWorker/_windows.py:195]: Thread started
2025-12-23 20:35:33,254 [DEBUG] [MainThread] [systray_widget/systray.py:526]: Loading state from C:\Users\ratta\AppData\Local\YASB\systray_state_INCG27Q30UMB6CBWL.json
2025-12-23 20:35:33,258 [DEBUG] [SystrayMonitor] [systray_widget/systray.py:57]: Systray thread is starting...
2025-12-23 20:35:33,260 [DEBUG] [MainThread] [systray_widget/systray.py:526]: Loading state from C:\Users\ratta\AppData\Local\YASB\systray_state_EKLTDLU28R55H4ZMB00043.json
2025-12-23 20:35:33,271 [DEBUG] [SystrayMonitor] [systray_widget/systray_monitor.py:242]: Finding real tray hwnd
2025-12-23 20:35:33,299 [DEBUG] [MainThread] [systray_widget/systray.py:277]: Systray thread started
2025-12-23 20:35:33,500 [DEBUG] [SystrayMonitor] [systray_widget/systray_monitor.py:164]: Adding TaskbandHWND prop to hwnd 1119714
2025-12-23 20:35:33,508 [DEBUG] [MainThread] [systray_widget/systray_monitor.py:157]: Sending TaskbarCreated message: 49339
2025-12-23 20:35:35,240 [INFO] [MainThread] [root/api.py:69]: Fetching new weather data at 2025-12-23 20:35:35.240775
2025-12-23 20:36:10,278 [INFO] [MainThread] [root/controller.py:15]: Reloading Application because of config change.
2025-12-23 20:36:10,385 [INFO] [MainThread] [cli_server/cli_server.py:112]: Log pipe server stopped
2025-12-23 20:36:10,386 [DEBUG] [MainThread] [cli_server/cli_server.py:206]: CLI server stopped
2025-12-23 20:36:10,390 [INFO] [MainThread] [root/bar_manager.py:76]: Successfully loaded updated config and re-initialised all bars.
2025-12-23 20:36:10,650 [INFO] [MainThread] [root/log.py:69]: YASB v1.8.6
2025-12-23 20:36:10,650 [INFO] [Thread-1 (_run_server)] [cli_server/cli_server.py:212]: CLI server started v1.1.4
2025-12-23 20:36:10,651 [INFO] [MainThread] [cli_server/cli_server.py:104]: Log pipe server started
2025-12-23 20:36:10,651 [INFO] [MainThread] [root/main.py:45]: Waiting for previous YASB instance to exit...
2025-12-23 20:36:10,698 [INFO] [MainThread] [root/bar_manager.py:92]: Stopping WindowsNotificationEventListener...
2025-12-23 20:36:10,698 [INFO] [MainThread] [root/bar_manager.py:92]: Stopping KomorebiEventListener...
2025-12-23 20:36:10,700 [DEBUG] [MainThread] [systray_widget/systray.py:504]: Saving state to disk
2025-12-23 20:36:10,700 [DEBUG] [MainThread] [systray_widget/systray.py:508]: Saving state to C:\Users\ratta\AppData\Local\YASB\systray_state_INCG27Q30UMB6CBWL.json
2025-12-23 20:36:10,701 [DEBUG] [MainThread] [systray_widget/utils.py:96]: Destroying window 1119714
2025-12-23 20:36:10,701 [DEBUG] [MainThread] [systray_widget/systray.py:504]: Saving state to disk
2025-12-23 20:36:10,701 [DEBUG] [MainThread] [systray_widget/systray.py:508]: Saving state to C:\Users\ratta\AppData\Local\YASB\systray_state_EKLTDLU28R55H4ZMB00043.json
2025-12-23 20:36:10,702 [DEBUG] [MainThread] [systray_widget/utils.py:96]: Destroying window 1119714
2025-12-23 20:36:10,716 [DEBUG] [MainThread] [qasync._windows._EventPoller/_windows.py:220]: Stopping worker thread...
2025-12-23 20:36:10,732 [DEBUG] [Dummy-8] [qasync._windows._EventWorker/_windows.py:204]: Exiting thread
2025-12-23 20:36:10,754 [DEBUG] [MainThread] [qasync._windows._IocpProactor/_windows.py:78]: Closing
2025-12-23 20:36:10,833 [DEBUG] [MainThread] [systray_widget/utils.py:96]: Destroying window 1119714
2025-12-23 20:36:10,901 [INFO] [MainThread] [root/main.py:71]: Previous instance exited, continuing startup.
2025-12-23 20:36:11,598 [INFO] [MainThread] [root/service.py:48]: AudioOutputService starting...
2025-12-23 20:36:12,011 [WARNING] [MainThread] [root/widget_builder.py:37]: Ignoring construction of invalid widget 'wallpapers'
2025-12-23 20:36:12,290 [INFO] [MainThread] [root/bar_manager.py:85]: Starting KomorebiEventListener...
2025-12-23 20:36:12,291 [INFO] [MainThread] [root/bar_manager.py:85]: Starting WindowsNotificationEventListener...
2025-12-23 20:36:12,292 [ERROR] [MainThread] [root/widget_builder.py:100]: Failed to validate widget(s) due to invalid options  - wallpapers
      gallery:
      - orientation:
        - unallowed value horizontal
      
2025-12-23 20:36:12,301 [INFO] [Dummy-3] [root/event_listener.py:51]: Created named pipe yasb-58ce9184-e004-11f0-a344-d843ae576946
2025-12-23 20:36:12,341 [INFO] [MainThread] [root/watcher.py:54]: Created file watcher for path C:\Users\ratta\.config\yasb
2025-12-23 20:36:12,395 [INFO] [MainThread] [root/update_service.py:409]: Background update checker started
2025-12-23 20:36:12,395 [DEBUG] [MainThread] [qasync._windows._EventPoller/_windows.py:215]: Starting (proactor: <_IocpProactor overlapped#=0 result#=0>)...
2025-12-23 20:36:12,399 [DEBUG] [Dummy-8] [qasync._windows._EventWorker/_windows.py:195]: Thread started
2025-12-23 20:36:12,414 [DEBUG] [MainThread] [systray_widget/systray.py:526]: Loading state from C:\Users\ratta\AppData\Local\YASB\systray_state_INCG27Q30UMB6CBWL.json
2025-12-23 20:36:12,416 [DEBUG] [SystrayMonitor] [systray_widget/systray.py:57]: Systray thread is starting...
2025-12-23 20:36:12,420 [DEBUG] [MainThread] [systray_widget/systray.py:526]: Loading state from C:\Users\ratta\AppData\Local\YASB\systray_state_EKLTDLU28R55H4ZMB00043.json
2025-12-23 20:36:12,470 [DEBUG] [MainThread] [systray_widget/systray.py:277]: Systray thread started
2025-12-23 20:36:12,587 [DEBUG] [SystrayMonitor] [systray_widget/systray_monitor.py:242]: Finding real tray hwnd
2025-12-23 20:36:12,689 [DEBUG] [SystrayMonitor] [systray_widget/systray_monitor.py:164]: Adding TaskbandHWND prop to hwnd 1447316
2025-12-23 20:36:12,703 [DEBUG] [MainThread] [systray_widget/systray_monitor.py:157]: Sending TaskbarCreated message: 49339
2025-12-23 20:36:13,928 [INFO] [MainThread] [root/api.py:69]: Fetching new weather data at 2025-12-23 20:36:13.928181
2025-12-23 20:36:17,767 [INFO] [MainThread] [root/controller.py:15]: Reloading Application because of config change.
2025-12-23 20:36:17,882 [INFO] [MainThread] [cli_server/cli_server.py:112]: Log pipe server stopped
2025-12-23 20:36:17,882 [DEBUG] [MainThread] [cli_server/cli_server.py:206]: CLI server stopped
2025-12-23 20:36:17,885 [INFO] [MainThread] [root/bar_manager.py:76]: Successfully loaded updated config and re-initialised all bars.
2025-12-23 20:36:18,131 [INFO] [MainThread] [root/log.py:69]: YASB v1.8.6
2025-12-23 20:36:18,131 [INFO] [Thread-1 (_run_server)] [cli_server/cli_server.py:212]: CLI server started v1.1.4
2025-12-23 20:36:18,131 [INFO] [MainThread] [cli_server/cli_server.py:104]: Log pipe server started
2025-12-23 20:36:18,131 [INFO] [MainThread] [root/main.py:45]: Waiting for previous YASB instance to exit...
2025-12-23 20:36:18,189 [INFO] [MainThread] [root/bar_manager.py:92]: Stopping KomorebiEventListener...
2025-12-23 20:36:18,190 [INFO] [MainThread] [root/bar_manager.py:92]: Stopping WindowsNotificationEventListener...
2025-12-23 20:36:18,191 [DEBUG] [MainThread] [systray_widget/systray.py:504]: Saving state to disk
2025-12-23 20:36:18,191 [DEBUG] [MainThread] [systray_widget/systray.py:508]: Saving state to C:\Users\ratta\AppData\Local\YASB\systray_state_INCG27Q30UMB6CBWL.json
2025-12-23 20:36:18,192 [DEBUG] [MainThread] [systray_widget/utils.py:96]: Destroying window 1447316
2025-12-23 20:36:18,192 [DEBUG] [MainThread] [systray_widget/systray.py:504]: Saving state to disk
2025-12-23 20:36:18,192 [DEBUG] [MainThread] [systray_widget/systray.py:508]: Saving state to C:\Users\ratta\AppData\Local\YASB\systray_state_EKLTDLU28R55H4ZMB00043.json
2025-12-23 20:36:18,193 [DEBUG] [MainThread] [systray_widget/utils.py:96]: Destroying window 1447316
2025-12-23 20:36:18,209 [DEBUG] [MainThread] [qasync._windows._EventPoller/_windows.py:220]: Stopping worker thread...
2025-12-23 20:36:18,224 [DEBUG] [Dummy-8] [qasync._windows._EventWorker/_windows.py:204]: Exiting thread
2025-12-23 20:36:18,249 [DEBUG] [MainThread] [qasync._windows._IocpProactor/_windows.py:78]: Closing
2025-12-23 20:36:18,372 [DEBUG] [MainThread] [systray_widget/utils.py:96]: Destroying window 1447316
2025-12-23 20:36:18,382 [INFO] [MainThread] [root/main.py:71]: Previous instance exited, continuing startup.
2025-12-23 20:36:19,012 [INFO] [MainThread] [root/service.py:48]: AudioOutputService starting...
2025-12-23 20:36:19,724 [INFO] [MainThread] [root/bar_manager.py:85]: Starting KomorebiEventListener...
2025-12-23 20:36:19,724 [INFO] [MainThread] [root/bar_manager.py:85]: Starting WindowsNotificationEventListener...
2025-12-23 20:36:19,735 [INFO] [Dummy-3] [root/event_listener.py:51]: Created named pipe yasb-5d3ce3e9-e004-11f0-8066-d843ae576946
2025-12-23 20:36:19,736 [INFO] [MainThread] [root/watcher.py:54]: Created file watcher for path C:\Users\ratta\.config\yasb
2025-12-23 20:36:19,838 [INFO] [MainThread] [root/update_service.py:409]: Background update checker started
2025-12-23 20:36:19,838 [DEBUG] [MainThread] [qasync._windows._EventPoller/_windows.py:215]: Starting (proactor: <_IocpProactor overlapped#=0 result#=0>)...
2025-12-23 20:36:19,840 [DEBUG] [Dummy-8] [qasync._windows._EventWorker/_windows.py:195]: Thread started
2025-12-23 20:36:19,853 [DEBUG] [MainThread] [systray_widget/systray.py:526]: Loading state from C:\Users\ratta\AppData\Local\YASB\systray_state_INCG27Q30UMB6CBWL.json
2025-12-23 20:36:19,855 [DEBUG] [SystrayMonitor] [systray_widget/systray.py:57]: Systray thread is starting...
2025-12-23 20:36:19,861 [DEBUG] [MainThread] [systray_widget/systray.py:526]: Loading state from C:\Users\ratta\AppData\Local\YASB\systray_state_EKLTDLU28R55H4ZMB00043.json
2025-12-23 20:36:19,908 [DEBUG] [MainThread] [systray_widget/systray.py:277]: Systray thread started
2025-12-23 20:36:20,022 [INFO] [MainThread] [root/api.py:69]: Fetching new weather data at 2025-12-23 20:36:20.022558
2025-12-23 20:36:20,109 [DEBUG] [SystrayMonitor] [systray_widget/systray_monitor.py:164]: Adding TaskbandHWND prop to hwnd 1054138
2025-12-23 20:36:20,109 [DEBUG] [SystrayMonitor] [systray_widget/systray_monitor.py:242]: Finding real tray hwnd
2025-12-23 20:36:20,115 [DEBUG] [MainThread] [systray_widget/systray_monitor.py:157]: Sending TaskbarCreated message: 49339
2025-12-23 20:38:25,847 [INFO] [Thread-1 (_run_server)] [cli_server/cli_server.py:253]: CLI server received command: stop
2025-12-23 20:38:25,847 [INFO] [Thread-1 (_run_server)] [root/controller.py:35]: Exiting Application from CLI...
2025-12-23 20:38:25,891 [INFO] [MainThread] [root/controller.py:15]: Reloading Application because of config change.
2025-12-23 20:38:25,954 [INFO] [Thread-1 (_run_server)] [cli_server/cli_server.py:112]: Log pipe server stopped
2025-12-23 20:38:25,954 [DEBUG] [Thread-1 (_run_server)] [cli_server/cli_server.py:206]: CLI server stopped
2025-12-23 20:38:26,002 [INFO] [MainThread] [cli_server/cli_server.py:112]: Log pipe server stopped
2025-12-23 20:38:26,002 [DEBUG] [MainThread] [cli_server/cli_server.py:206]: CLI server stopped
2025-12-23 20:38:26,201 [INFO] [MainThread] [root/log.py:69]: YASB v1.8.6
2025-12-23 20:38:26,201 [INFO] [Thread-1 (_run_server)] [cli_server/cli_server.py:212]: CLI server started v1.1.4
2025-12-23 20:38:26,201 [INFO] [MainThread] [cli_server/cli_server.py:104]: Log pipe server started
2025-12-23 20:38:26,202 [ERROR] [MainThread] [root/main.py:74]: Another instance of the YASB is already running.
2025-12-23 20:38:26,345 [INFO] [MainThread] [root/bar_manager.py:92]: Stopping KomorebiEventListener...
2025-12-23 20:38:26,345 [INFO] [MainThread] [root/bar_manager.py:92]: Stopping WindowsNotificationEventListener...
2025-12-23 20:38:26,347 [DEBUG] [MainThread] [systray_widget/systray.py:504]: Saving state to disk
2025-12-23 20:38:26,347 [DEBUG] [MainThread] [systray_widget/systray.py:508]: Saving state to C:\Users\ratta\AppData\Local\YASB\systray_state_INCG27Q30UMB6CBWL.json
2025-12-23 20:38:26,347 [DEBUG] [MainThread] [systray_widget/utils.py:96]: Destroying window 1054138
2025-12-23 20:38:26,348 [DEBUG] [MainThread] [systray_widget/systray.py:504]: Saving state to disk
2025-12-23 20:38:26,348 [DEBUG] [MainThread] [systray_widget/systray.py:508]: Saving state to C:\Users\ratta\AppData\Local\YASB\systray_state_EKLTDLU28R55H4ZMB00043.json
2025-12-23 20:38:26,348 [DEBUG] [MainThread] [systray_widget/utils.py:96]: Destroying window 1054138
2025-12-23 20:38:26,352 [INFO] [MainThread] [root/bar_manager.py:76]: Successfully loaded updated config and re-initialised all bars.
2025-12-23 20:38:26,363 [DEBUG] [MainThread] [qasync._windows._EventPoller/_windows.py:220]: Stopping worker thread...
2025-12-23 20:38:26,375 [DEBUG] [Dummy-8] [qasync._windows._EventWorker/_windows.py:204]: Exiting thread
2025-12-23 20:38:26,401 [DEBUG] [MainThread] [qasync._windows._IocpProactor/_windows.py:78]: Closing
2025-12-23 20:38:26,540 [DEBUG] [MainThread] [systray_widget/utils.py:96]: Destroying window 1054138
2025-12-23 20:38:26,746 [INFO] [MainThread] [root/log.py:69]: YASB v1.8.6
2025-12-23 20:38:26,747 [INFO] [Thread-1 (_run_server)] [cli_server/cli_server.py:212]: CLI server started v1.1.4
2025-12-23 20:38:26,747 [INFO] [MainThread] [cli_server/cli_server.py:104]: Log pipe server started
2025-12-23 20:38:27,015 [ERROR] [MainThread] [root/weather.py:60]: API key or location is missing. Please provide a valid API key and location.
2025-12-23 20:38:27,237 [INFO] [MainThread] [root/service.py:48]: AudioOutputService starting...
2025-12-23 20:38:27,712 [DEBUG] [MainThread] [root/pin_manager.py:163]: Loaded 0 pinned apps from C:\Users\ratta\AppData\Local\YASB\taskbar_pinned.json
2025-12-23 20:38:27,978 [INFO] [MainThread] [core.utils.widgets.taskbar.window_manager/window_manager.py:191]: TaskbarWindowManager is starting...
2025-12-23 20:38:28,020 [ERROR] [MainThread] [root/weather.py:60]: API key or location is missing. Please provide a valid API key and location.
2025-12-23 20:38:28,487 [INFO] [MainThread] [root/bar_manager.py:85]: Starting WindowsNotificationEventListener...
2025-12-23 20:38:28,488 [INFO] [MainThread] [root/bar_manager.py:85]: Starting SystemEventListener...
2025-12-23 20:38:28,488 [INFO] [MainThread] [root/watcher.py:54]: Created file watcher for path C:\Users\ratta\.config\yasb
2025-12-23 20:38:28,530 [INFO] [MainThread] [root/update_service.py:409]: Background update checker started
2025-12-23 20:38:28,530 [DEBUG] [MainThread] [qasync._windows._EventPoller/_windows.py:215]: Starting (proactor: <_IocpProactor overlapped#=0 result#=0>)...
2025-12-23 20:38:28,536 [DEBUG] [Dummy-5] [qasync._windows._EventWorker/_windows.py:195]: Thread started
2025-12-23 20:38:28,548 [DEBUG] [MainThread] [systray_widget/systray.py:526]: Loading state from C:\Users\ratta\AppData\Local\YASB\systray_state_INCG27Q30UMB6CBWL.json
2025-12-23 20:38:28,550 [DEBUG] [SystrayMonitor] [systray_widget/systray.py:57]: Systray thread is starting...
2025-12-23 20:38:28,552 [DEBUG] [MainThread] [systray_widget/systray.py:526]: Loading state from C:\Users\ratta\AppData\Local\YASB\systray_state_EKLTDLU28R55H4ZMB00043.json
2025-12-23 20:38:28,590 [DEBUG] [MainThread] [systray_widget/systray.py:277]: Systray thread started
2025-12-23 20:38:28,694 [DEBUG] [SystrayMonitor] [systray_widget/systray_monitor.py:242]: Finding real tray hwnd
2025-12-23 20:38:28,792 [DEBUG] [SystrayMonitor] [systray_widget/systray_monitor.py:164]: Adding TaskbandHWND prop to hwnd 267110
2025-12-23 20:38:28,803 [DEBUG] [MainThread] [systray_widget/systray_monitor.py:157]: Sending TaskbarCreated message: 49339
2025-12-23 20:43:08,372 [INFO] [MainThread] [root/controller.py:15]: Reloading Application because of config change.
2025-12-23 20:43:08,487 [INFO] [MainThread] [cli_server/cli_server.py:112]: Log pipe server stopped
2025-12-23 20:43:08,487 [DEBUG] [MainThread] [cli_server/cli_server.py:206]: CLI server stopped
2025-12-23 20:43:08,492 [INFO] [MainThread] [root/bar_manager.py:76]: Successfully loaded updated config and re-initialised all bars.
2025-12-23 20:43:08,774 [INFO] [MainThread] [root/log.py:69]: YASB v1.8.6
2025-12-23 20:43:08,775 [INFO] [Thread-1 (_run_server)] [cli_server/cli_server.py:212]: CLI server started v1.1.4
2025-12-23 20:43:08,775 [INFO] [MainThread] [cli_server/cli_server.py:104]: Log pipe server started
2025-12-23 20:43:08,775 [INFO] [MainThread] [root/main.py:45]: Waiting for previous YASB instance to exit...
2025-12-23 20:43:08,815 [INFO] [MainThread] [root/bar_manager.py:92]: Stopping WindowsNotificationEventListener...
2025-12-23 20:43:08,815 [INFO] [MainThread] [root/bar_manager.py:92]: Stopping SystemEventListener...
2025-12-23 20:43:08,815 [INFO] [MainThread] [core.utils.widgets.taskbar.window_manager/window_manager.py:218]: TaskbarWindowManager stopped
2025-12-23 20:43:08,816 [DEBUG] [MainThread] [systray_widget/systray.py:504]: Saving state to disk
2025-12-23 20:43:08,817 [DEBUG] [MainThread] [systray_widget/systray.py:508]: Saving state to C:\Users\ratta\AppData\Local\YASB\systray_state_INCG27Q30UMB6CBWL.json
2025-12-23 20:43:08,818 [DEBUG] [MainThread] [systray_widget/utils.py:96]: Destroying window 267110
2025-12-23 20:43:08,818 [DEBUG] [MainThread] [systray_widget/systray.py:504]: Saving state to disk
2025-12-23 20:43:08,818 [DEBUG] [MainThread] [systray_widget/systray.py:508]: Saving state to C:\Users\ratta\AppData\Local\YASB\systray_state_EKLTDLU28R55H4ZMB00043.json
2025-12-23 20:43:08,819 [DEBUG] [MainThread] [systray_widget/utils.py:96]: Destroying window 267110
2025-12-23 20:43:08,849 [DEBUG] [MainThread] [qasync._windows._EventPoller/_windows.py:220]: Stopping worker thread...
2025-12-23 20:43:08,864 [DEBUG] [Dummy-5] [qasync._windows._EventWorker/_windows.py:204]: Exiting thread
2025-12-23 20:43:08,878 [DEBUG] [MainThread] [qasync._windows._IocpProactor/_windows.py:78]: Closing
2025-12-23 20:43:08,972 [DEBUG] [MainThread] [systray_widget/utils.py:96]: Destroying window 267110
2025-12-23 20:43:09,026 [INFO] [MainThread] [root/main.py:71]: Previous instance exited, continuing startup.
2025-12-23 20:43:09,311 [ERROR] [MainThread] [root/weather.py:60]: API key or location is missing. Please provide a valid API key and location.
2025-12-23 20:43:09,531 [INFO] [MainThread] [root/service.py:48]: AudioOutputService starting...
2025-12-23 20:43:10,002 [DEBUG] [MainThread] [root/pin_manager.py:163]: Loaded 0 pinned apps from C:\Users\ratta\AppData\Local\YASB\taskbar_pinned.json
2025-12-23 20:43:10,335 [INFO] [MainThread] [core.utils.widgets.taskbar.window_manager/window_manager.py:191]: TaskbarWindowManager is starting...
2025-12-23 20:43:10,372 [ERROR] [MainThread] [root/weather.py:60]: API key or location is missing. Please provide a valid API key and location.
2025-12-23 20:43:10,392 [WARNING] [MainThread] [root/widget_builder.py:37]: Ignoring construction of invalid widget 'wallpapers'
2025-12-23 20:43:10,785 [INFO] [MainThread] [root/bar_manager.py:85]: Starting WindowsNotificationEventListener...
2025-12-23 20:43:10,785 [INFO] [MainThread] [root/bar_manager.py:85]: Starting SystemEventListener...
2025-12-23 20:43:10,785 [ERROR] [MainThread] [root/widget_builder.py:100]: Failed to validate widget(s) due to invalid options  - wallpapers
      gallery:
      - image_height:
        - unknown field
        orientation:
        - unallowed value horizontal
      
2025-12-23 20:43:10,799 [INFO] [MainThread] [root/watcher.py:54]: Created file watcher for path C:\Users\ratta\.config\yasb
2025-12-23 20:43:10,828 [INFO] [MainThread] [root/update_service.py:409]: Background update checker started
2025-12-23 20:43:10,828 [DEBUG] [MainThread] [qasync._windows._EventPoller/_windows.py:215]: Starting (proactor: <_IocpProactor overlapped#=0 result#=0>)...
2025-12-23 20:43:10,829 [DEBUG] [Dummy-5] [qasync._windows._EventWorker/_windows.py:195]: Thread started
2025-12-23 20:43:10,831 [DEBUG] [MainThread] [systray_widget/systray.py:526]: Loading state from C:\Users\ratta\AppData\Local\YASB\systray_state_INCG27Q30UMB6CBWL.json
2025-12-23 20:43:10,832 [DEBUG] [SystrayMonitor] [systray_widget/systray.py:57]: Systray thread is starting...
2025-12-23 20:43:10,834 [DEBUG] [MainThread] [systray_widget/systray.py:526]: Loading state from C:\Users\ratta\AppData\Local\YASB\systray_state_EKLTDLU28R55H4ZMB00043.json
2025-12-23 20:43:10,855 [DEBUG] [MainThread] [systray_widget/systray.py:277]: Systray thread started
2025-12-23 20:43:10,873 [DEBUG] [SystrayMonitor] [systray_widget/systray_monitor.py:242]: Finding real tray hwnd
2025-12-23 20:43:11,082 [DEBUG] [SystrayMonitor] [systray_widget/systray_monitor.py:164]: Adding TaskbandHWND prop to hwnd 135806
2025-12-23 20:43:11,091 [DEBUG] [MainThread] [systray_widget/systray_monitor.py:157]: Sending TaskbarCreated message: 49339
2025-12-23 20:44:24,211 [INFO] [MainThread] [root/controller.py:15]: Reloading Application from tray...
2025-12-23 20:44:24,318 [INFO] [MainThread] [cli_server/cli_server.py:112]: Log pipe server stopped
2025-12-23 20:44:24,318 [DEBUG] [MainThread] [cli_server/cli_server.py:206]: CLI server stopped
2025-12-23 20:44:24,571 [INFO] [MainThread] [root/bar_manager.py:92]: Stopping WindowsNotificationEventListener...
2025-12-23 20:44:24,571 [INFO] [MainThread] [root/bar_manager.py:92]: Stopping SystemEventListener...
2025-12-23 20:44:24,572 [INFO] [MainThread] [core.utils.widgets.taskbar.window_manager/window_manager.py:218]: TaskbarWindowManager stopped
2025-12-23 20:44:24,573 [DEBUG] [MainThread] [systray_widget/systray.py:504]: Saving state to disk
2025-12-23 20:44:24,573 [DEBUG] [MainThread] [systray_widget/systray.py:508]: Saving state to C:\Users\ratta\AppData\Local\YASB\systray_state_INCG27Q30UMB6CBWL.json
2025-12-23 20:44:24,573 [DEBUG] [MainThread] [systray_widget/utils.py:96]: Destroying window 135806
2025-12-23 20:44:24,574 [DEBUG] [MainThread] [systray_widget/systray.py:504]: Saving state to disk
2025-12-23 20:44:24,574 [DEBUG] [MainThread] [systray_widget/systray.py:508]: Saving state to C:\Users\ratta\AppData\Local\YASB\systray_state_EKLTDLU28R55H4ZMB00043.json
2025-12-23 20:44:24,575 [DEBUG] [MainThread] [systray_widget/utils.py:96]: Destroying window 135806
2025-12-23 20:44:24,581 [DEBUG] [MainThread] [qasync._windows._EventPoller/_windows.py:220]: Stopping worker thread...
2025-12-23 20:44:24,585 [DEBUG] [Dummy-5] [qasync._windows._EventWorker/_windows.py:204]: Exiting thread
2025-12-23 20:44:24,588 [DEBUG] [MainThread] [qasync._windows._IocpProactor/_windows.py:78]: Closing
2025-12-23 20:44:24,601 [DEBUG] [MainThread] [systray_widget/utils.py:96]: Destroying window 135806
2025-12-23 20:44:24,674 [INFO] [MainThread] [root/log.py:69]: YASB v1.8.6
2025-12-23 20:44:24,674 [INFO] [Thread-1 (_run_server)] [cli_server/cli_server.py:212]: CLI server started v1.1.4
2025-12-23 20:44:24,675 [INFO] [MainThread] [cli_server/cli_server.py:104]: Log pipe server started
2025-12-23 20:44:24,983 [ERROR] [MainThread] [root/weather.py:60]: API key or location is missing. Please provide a valid API key and location.
2025-12-23 20:44:25,241 [INFO] [MainThread] [root/service.py:48]: AudioOutputService starting...
2025-12-23 20:44:25,864 [DEBUG] [MainThread] [root/pin_manager.py:163]: Loaded 0 pinned apps from C:\Users\ratta\AppData\Local\YASB\taskbar_pinned.json
2025-12-23 20:44:26,200 [INFO] [MainThread] [core.utils.widgets.taskbar.window_manager/window_manager.py:191]: TaskbarWindowManager is starting...
2025-12-23 20:44:26,240 [ERROR] [MainThread] [root/weather.py:60]: API key or location is missing. Please provide a valid API key and location.
2025-12-23 20:44:26,261 [WARNING] [MainThread] [root/widget_builder.py:37]: Ignoring construction of invalid widget 'wallpapers'
2025-12-23 20:44:26,768 [INFO] [MainThread] [root/bar_manager.py:85]: Starting SystemEventListener...
2025-12-23 20:44:26,768 [INFO] [MainThread] [root/bar_manager.py:85]: Starting WindowsNotificationEventListener...
2025-12-23 20:44:26,769 [ERROR] [MainThread] [root/widget_builder.py:100]: Failed to validate widget(s) due to invalid options  - wallpapers
      gallery:
      - image_height:
        - unknown field
        orientation:
        - unallowed value horizontal
      
2025-12-23 20:44:26,784 [INFO] [MainThread] [root/watcher.py:54]: Created file watcher for path C:\Users\ratta\.config\yasb
2025-12-23 20:44:26,817 [INFO] [MainThread] [root/update_service.py:409]: Background update checker started
2025-12-23 20:44:26,817 [DEBUG] [MainThread] [qasync._windows._EventPoller/_windows.py:215]: Starting (proactor: <_IocpProactor overlapped#=0 result#=0>)...
2025-12-23 20:44:26,819 [DEBUG] [Dummy-5] [qasync._windows._EventWorker/_windows.py:195]: Thread started
2025-12-23 20:44:26,821 [DEBUG] [MainThread] [systray_widget/systray.py:526]: Loading state from C:\Users\ratta\AppData\Local\YASB\systray_state_INCG27Q30UMB6CBWL.json
2025-12-23 20:44:26,823 [DEBUG] [SystrayMonitor] [systray_widget/systray.py:57]: Systray thread is starting...
2025-12-23 20:44:26,824 [DEBUG] [MainThread] [systray_widget/systray.py:526]: Loading state from C:\Users\ratta\AppData\Local\YASB\systray_state_EKLTDLU28R55H4ZMB00043.json
2025-12-23 20:44:26,854 [DEBUG] [MainThread] [systray_widget/systray.py:277]: Systray thread started
2025-12-23 20:44:26,994 [DEBUG] [SystrayMonitor] [systray_widget/systray_monitor.py:242]: Finding real tray hwnd
2025-12-23 20:44:27,087 [DEBUG] [SystrayMonitor] [systray_widget/systray_monitor.py:164]: Adding TaskbandHWND prop to hwnd 1840664
2025-12-23 20:44:27,092 [DEBUG] [MainThread] [systray_widget/systray_monitor.py:157]: Sending TaskbarCreated message: 49339
2025-12-23 20:46:14,228 [INFO] [MainThread] [root/controller.py:15]: Reloading Application because of config change.
2025-12-23 20:46:14,331 [INFO] [MainThread] [cli_server/cli_server.py:112]: Log pipe server stopped
2025-12-23 20:46:14,331 [DEBUG] [MainThread] [cli_server/cli_server.py:206]: CLI server stopped
2025-12-23 20:46:14,337 [INFO] [MainThread] [root/bar_manager.py:76]: Successfully loaded updated config and re-initialised all bars.
2025-12-23 20:46:14,655 [INFO] [MainThread] [root/log.py:69]: YASB v1.8.6
2025-12-23 20:46:14,655 [INFO] [Thread-1 (_run_server)] [cli_server/cli_server.py:212]: CLI server started v1.1.4
2025-12-23 20:46:14,656 [INFO] [MainThread] [cli_server/cli_server.py:104]: Log pipe server started
2025-12-23 20:46:14,656 [INFO] [MainThread] [root/main.py:45]: Waiting for previous YASB instance to exit...
2025-12-23 20:46:14,658 [INFO] [MainThread] [root/bar_manager.py:92]: Stopping SystemEventListener...
2025-12-23 20:46:14,658 [INFO] [MainThread] [root/bar_manager.py:92]: Stopping WindowsNotificationEventListener...
2025-12-23 20:46:14,659 [INFO] [MainThread] [core.utils.widgets.taskbar.window_manager/window_manager.py:218]: TaskbarWindowManager stopped
2025-12-23 20:46:14,660 [DEBUG] [MainThread] [systray_widget/systray.py:504]: Saving state to disk
2025-12-23 20:46:14,660 [DEBUG] [MainThread] [systray_widget/systray.py:508]: Saving state to C:\Users\ratta\AppData\Local\YASB\systray_state_INCG27Q30UMB6CBWL.json
2025-12-23 20:46:14,661 [DEBUG] [MainThread] [systray_widget/utils.py:96]: Destroying window 1840664
2025-12-23 20:46:14,662 [DEBUG] [MainThread] [systray_widget/systray.py:504]: Saving state to disk
2025-12-23 20:46:14,662 [DEBUG] [MainThread] [systray_widget/systray.py:508]: Saving state to C:\Users\ratta\AppData\Local\YASB\systray_state_EKLTDLU28R55H4ZMB00043.json
2025-12-23 20:46:14,663 [DEBUG] [MainThread] [systray_widget/utils.py:96]: Destroying window 1840664
2025-12-23 20:46:14,696 [DEBUG] [MainThread] [qasync._windows._EventPoller/_windows.py:220]: Stopping worker thread...
2025-12-23 20:46:14,705 [DEBUG] [Dummy-5] [qasync._windows._EventWorker/_windows.py:204]: Exiting thread
2025-12-23 20:46:14,719 [DEBUG] [MainThread] [qasync._windows._IocpProactor/_windows.py:78]: Closing
2025-12-23 20:46:14,838 [DEBUG] [MainThread] [systray_widget/utils.py:96]: Destroying window 1840664
2025-12-23 20:46:14,906 [INFO] [MainThread] [root/main.py:71]: Previous instance exited, continuing startup.
2025-12-23 20:46:15,193 [ERROR] [MainThread] [root/weather.py:60]: API key or location is missing. Please provide a valid API key and location.
2025-12-23 20:46:15,420 [INFO] [MainThread] [root/service.py:48]: AudioOutputService starting...
2025-12-23 20:46:16,046 [DEBUG] [MainThread] [root/pin_manager.py:163]: Loaded 0 pinned apps from C:\Users\ratta\AppData\Local\YASB\taskbar_pinned.json
2025-12-23 20:46:16,214 [INFO] [MainThread] [core.utils.widgets.taskbar.window_manager/window_manager.py:191]: TaskbarWindowManager is starting...
2025-12-23 20:46:16,250 [ERROR] [MainThread] [root/weather.py:60]: API key or location is missing. Please provide a valid API key and location.
2025-12-23 20:46:16,676 [INFO] [MainThread] [root/bar_manager.py:85]: Starting SystemEventListener...
2025-12-23 20:46:16,676 [INFO] [MainThread] [root/bar_manager.py:85]: Starting WindowsNotificationEventListener...
2025-12-23 20:46:16,677 [INFO] [MainThread] [root/watcher.py:54]: Created file watcher for path C:\Users\ratta\.config\yasb
2025-12-23 20:46:16,717 [INFO] [MainThread] [root/update_service.py:409]: Background update checker started
2025-12-23 20:46:16,717 [DEBUG] [MainThread] [qasync._windows._EventPoller/_windows.py:215]: Starting (proactor: <_IocpProactor overlapped#=0 result#=0>)...
2025-12-23 20:46:16,721 [DEBUG] [Dummy-5] [qasync._windows._EventWorker/_windows.py:195]: Thread started
2025-12-23 20:46:16,723 [DEBUG] [MainThread] [systray_widget/systray.py:526]: Loading state from C:\Users\ratta\AppData\Local\YASB\systray_state_INCG27Q30UMB6CBWL.json
2025-12-23 20:46:16,725 [DEBUG] [SystrayMonitor] [systray_widget/systray.py:57]: Systray thread is starting...
2025-12-23 20:46:16,728 [DEBUG] [MainThread] [systray_widget/systray.py:526]: Loading state from C:\Users\ratta\AppData\Local\YASB\systray_state_EKLTDLU28R55H4ZMB00043.json
2025-12-23 20:46:16,773 [DEBUG] [MainThread] [systray_widget/systray.py:277]: Systray thread started
2025-12-23 20:46:16,974 [DEBUG] [SystrayMonitor] [systray_widget/systray_monitor.py:164]: Adding TaskbandHWND prop to hwnd 11471134
2025-12-23 20:46:16,975 [DEBUG] [SystrayMonitor] [systray_widget/systray_monitor.py:242]: Finding real tray hwnd
2025-12-23 20:46:16,980 [DEBUG] [MainThread] [systray_widget/systray_monitor.py:157]: Sending TaskbarCreated message: 49339
2025-12-23 20:47:15,903 [INFO] [MainThread] [root/controller.py:15]: Reloading Application from tray...
2025-12-23 20:47:16,005 [INFO] [MainThread] [cli_server/cli_server.py:112]: Log pipe server stopped
2025-12-23 20:47:16,005 [DEBUG] [MainThread] [cli_server/cli_server.py:206]: CLI server stopped
2025-12-23 20:47:16,246 [INFO] [MainThread] [root/bar_manager.py:92]: Stopping SystemEventListener...
2025-12-23 20:47:16,246 [INFO] [MainThread] [root/bar_manager.py:92]: Stopping WindowsNotificationEventListener...
2025-12-23 20:47:16,246 [INFO] [MainThread] [core.utils.widgets.taskbar.window_manager/window_manager.py:218]: TaskbarWindowManager stopped
2025-12-23 20:47:16,247 [DEBUG] [MainThread] [systray_widget/systray.py:504]: Saving state to disk
2025-12-23 20:47:16,248 [DEBUG] [MainThread] [systray_widget/systray.py:508]: Saving state to C:\Users\ratta\AppData\Local\YASB\systray_state_INCG27Q30UMB6CBWL.json
2025-12-23 20:47:16,248 [DEBUG] [MainThread] [systray_widget/utils.py:96]: Destroying window 11471134
2025-12-23 20:47:16,248 [DEBUG] [MainThread] [systray_widget/systray.py:504]: Saving state to disk
2025-12-23 20:47:16,249 [DEBUG] [MainThread] [systray_widget/systray.py:508]: Saving state to C:\Users\ratta\AppData\Local\YASB\systray_state_EKLTDLU28R55H4ZMB00043.json
2025-12-23 20:47:16,249 [DEBUG] [MainThread] [systray_widget/utils.py:96]: Destroying window 11471134
2025-12-23 20:47:16,254 [DEBUG] [MainThread] [qasync._windows._EventPoller/_windows.py:220]: Stopping worker thread...
2025-12-23 20:47:16,255 [DEBUG] [Dummy-5] [qasync._windows._EventWorker/_windows.py:204]: Exiting thread
2025-12-23 20:47:16,257 [DEBUG] [MainThread] [qasync._windows._IocpProactor/_windows.py:78]: Closing
2025-12-23 20:47:16,272 [DEBUG] [MainThread] [systray_widget/utils.py:96]: Destroying window 11471134
2025-12-23 20:47:16,335 [INFO] [MainThread] [root/log.py:69]: YASB v1.8.6
2025-12-23 20:47:16,336 [INFO] [Thread-1 (_run_server)] [cli_server/cli_server.py:212]: CLI server started v1.1.4
2025-12-23 20:47:16,336 [INFO] [MainThread] [cli_server/cli_server.py:104]: Log pipe server started
2025-12-23 20:47:16,750 [ERROR] [MainThread] [root/weather.py:60]: API key or location is missing. Please provide a valid API key and location.
2025-12-23 20:47:17,007 [INFO] [MainThread] [root/service.py:48]: AudioOutputService starting...
2025-12-23 20:47:17,545 [DEBUG] [MainThread] [root/pin_manager.py:163]: Loaded 0 pinned apps from C:\Users\ratta\AppData\Local\YASB\taskbar_pinned.json
2025-12-23 20:47:17,779 [INFO] [MainThread] [core.utils.widgets.taskbar.window_manager/window_manager.py:191]: TaskbarWindowManager is starting...
2025-12-23 20:47:17,815 [ERROR] [MainThread] [root/weather.py:60]: API key or location is missing. Please provide a valid API key and location.
2025-12-23 20:47:18,286 [INFO] [MainThread] [root/bar_manager.py:85]: Starting WindowsNotificationEventListener...
2025-12-23 20:47:18,287 [INFO] [MainThread] [root/bar_manager.py:85]: Starting SystemEventListener...
2025-12-23 20:47:18,287 [INFO] [MainThread] [root/watcher.py:54]: Created file watcher for path C:\Users\ratta\.config\yasb
2025-12-23 20:47:18,329 [INFO] [MainThread] [root/update_service.py:409]: Background update checker started
2025-12-23 20:47:18,329 [DEBUG] [MainThread] [qasync._windows._EventPoller/_windows.py:215]: Starting (proactor: <_IocpProactor overlapped#=0 result#=0>)...
2025-12-23 20:47:18,331 [DEBUG] [Dummy-5] [qasync._windows._EventWorker/_windows.py:195]: Thread started
2025-12-23 20:47:18,332 [DEBUG] [MainThread] [systray_widget/systray.py:526]: Loading state from C:\Users\ratta\AppData\Local\YASB\systray_state_INCG27Q30UMB6CBWL.json
2025-12-23 20:47:18,334 [DEBUG] [SystrayMonitor] [systray_widget/systray.py:57]: Systray thread is starting...
2025-12-23 20:47:18,335 [DEBUG] [MainThread] [systray_widget/systray.py:526]: Loading state from C:\Users\ratta\AppData\Local\YASB\systray_state_EKLTDLU28R55H4ZMB00043.json
2025-12-23 20:47:18,343 [DEBUG] [SystrayMonitor] [systray_widget/systray_monitor.py:242]: Finding real tray hwnd
2025-12-23 20:47:18,360 [DEBUG] [MainThread] [systray_widget/systray.py:277]: Systray thread started
2025-12-23 20:47:18,562 [DEBUG] [SystrayMonitor] [systray_widget/systray_monitor.py:164]: Adding TaskbandHWND prop to hwnd 2495612
2025-12-23 20:47:18,568 [DEBUG] [MainThread] [systray_widget/systray_monitor.py:157]: Sending TaskbarCreated message: 49339
2025-12-23 20:47:27,503 [ERROR] [Thread-7 (_run_after_command)] [root/wallpaper_manager.py:159]: error: 'wal' is not recognized as an internal or external command,
operable program or batch file.

2025-12-23 20:47:29,368 [ERROR] [Thread-10 (_run_after_command)] [root/wallpaper_manager.py:159]: error: 'wal' is not recognized as an internal or external command,
operable program or batch file.

2025-12-23 20:48:13,016 [INFO] [MainThread] [root/controller.py:15]: Reloading Application from tray...
2025-12-23 20:48:13,117 [INFO] [MainThread] [cli_server/cli_server.py:112]: Log pipe server stopped
2025-12-23 20:48:13,117 [DEBUG] [MainThread] [cli_server/cli_server.py:206]: CLI server stopped
2025-12-23 20:48:13,478 [INFO] [MainThread] [root/log.py:69]: YASB v1.8.6
2025-12-23 20:48:13,478 [INFO] [Thread-1 (_run_server)] [cli_server/cli_server.py:212]: CLI server started v1.1.4
2025-12-23 20:48:13,479 [INFO] [MainThread] [cli_server/cli_server.py:104]: Log pipe server started
2025-12-23 20:48:13,479 [INFO] [MainThread] [root/main.py:45]: Waiting for previous YASB instance to exit...
2025-12-23 20:48:13,496 [INFO] [MainThread] [root/bar_manager.py:92]: Stopping WindowsNotificationEventListener...
2025-12-23 20:48:13,496 [INFO] [MainThread] [root/bar_manager.py:92]: Stopping SystemEventListener...
2025-12-23 20:48:13,497 [INFO] [MainThread] [core.utils.widgets.taskbar.window_manager/window_manager.py:218]: TaskbarWindowManager stopped
2025-12-23 20:48:13,498 [DEBUG] [MainThread] [systray_widget/systray.py:504]: Saving state to disk
2025-12-23 20:48:13,498 [DEBUG] [MainThread] [systray_widget/systray.py:508]: Saving state to C:\Users\ratta\AppData\Local\YASB\systray_state_INCG27Q30UMB6CBWL.json
2025-12-23 20:48:13,499 [DEBUG] [MainThread] [systray_widget/utils.py:96]: Destroying window 2495612
2025-12-23 20:48:13,502 [DEBUG] [MainThread] [systray_widget/systray.py:504]: Saving state to disk
2025-12-23 20:48:13,502 [DEBUG] [MainThread] [systray_widget/systray.py:508]: Saving state to C:\Users\ratta\AppData\Local\YASB\systray_state_EKLTDLU28R55H4ZMB00043.json
2025-12-23 20:48:13,503 [DEBUG] [MainThread] [systray_widget/utils.py:96]: Destroying window 2495612
2025-12-23 20:48:13,552 [DEBUG] [MainThread] [qasync._windows._EventPoller/_windows.py:220]: Stopping worker thread...
2025-12-23 20:48:13,558 [DEBUG] [Dummy-5] [qasync._windows._EventWorker/_windows.py:204]: Exiting thread
2025-12-23 20:48:13,574 [DEBUG] [MainThread] [qasync._windows._IocpProactor/_windows.py:78]: Closing
2025-12-23 20:48:13,715 [DEBUG] [MainThread] [systray_widget/utils.py:96]: Destroying window 2495612
2025-12-23 20:48:13,730 [INFO] [MainThread] [root/main.py:71]: Previous instance exited, continuing startup.
2025-12-23 20:48:14,066 [ERROR] [MainThread] [root/weather.py:60]: API key or location is missing. Please provide a valid API key and location.
2025-12-23 20:48:14,336 [INFO] [MainThread] [root/service.py:48]: AudioOutputService starting...
2025-12-23 20:48:14,995 [DEBUG] [MainThread] [root/pin_manager.py:163]: Loaded 0 pinned apps from C:\Users\ratta\AppData\Local\YASB\taskbar_pinned.json
2025-12-23 20:48:15,229 [INFO] [MainThread] [core.utils.widgets.taskbar.window_manager/window_manager.py:191]: TaskbarWindowManager is starting...
2025-12-23 20:48:15,266 [ERROR] [MainThread] [root/weather.py:60]: API key or location is missing. Please provide a valid API key and location.
2025-12-23 20:48:15,811 [INFO] [MainThread] [root/bar_manager.py:85]: Starting WindowsNotificationEventListener...
2025-12-23 20:48:15,811 [INFO] [MainThread] [root/bar_manager.py:85]: Starting SystemEventListener...
2025-12-23 20:48:15,811 [INFO] [MainThread] [root/watcher.py:54]: Created file watcher for path C:\Users\ratta\.config\yasb
2025-12-23 20:48:15,846 [INFO] [MainThread] [root/update_service.py:409]: Background update checker started
2025-12-23 20:48:15,846 [DEBUG] [MainThread] [qasync._windows._EventPoller/_windows.py:215]: Starting (proactor: <_IocpProactor overlapped#=0 result#=0>)...
2025-12-23 20:48:15,847 [DEBUG] [Dummy-5] [qasync._windows._EventWorker/_windows.py:195]: Thread started
2025-12-23 20:48:15,849 [DEBUG] [MainThread] [systray_widget/systray.py:526]: Loading state from C:\Users\ratta\AppData\Local\YASB\systray_state_INCG27Q30UMB6CBWL.json
2025-12-23 20:48:15,851 [DEBUG] [SystrayMonitor] [systray_widget/systray.py:57]: Systray thread is starting...
2025-12-23 20:48:15,852 [DEBUG] [MainThread] [systray_widget/systray.py:526]: Loading state from C:\Users\ratta\AppData\Local\YASB\systray_state_EKLTDLU28R55H4ZMB00043.json
2025-12-23 20:48:15,875 [DEBUG] [MainThread] [systray_widget/systray.py:277]: Systray thread started
2025-12-23 20:48:16,075 [DEBUG] [SystrayMonitor] [systray_widget/systray_monitor.py:164]: Adding TaskbandHWND prop to hwnd 1119128
2025-12-23 20:48:16,076 [DEBUG] [SystrayMonitor] [systray_widget/systray_monitor.py:242]: Finding real tray hwnd
2025-12-23 20:48:16,083 [DEBUG] [MainThread] [systray_widget/systray_monitor.py:157]: Sending TaskbarCreated message: 49339
2025-12-23 20:48:45,245 [INFO] [MainThread] [root/controller.py:15]: Reloading Application because of config change.
2025-12-23 20:48:45,355 [INFO] [MainThread] [cli_server/cli_server.py:112]: Log pipe server stopped
2025-12-23 20:48:45,356 [DEBUG] [MainThread] [cli_server/cli_server.py:206]: CLI server stopped
2025-12-23 20:48:45,360 [INFO] [MainThread] [root/bar_manager.py:76]: Successfully loaded updated config and re-initialised all bars.
2025-12-23 20:48:45,650 [INFO] [MainThread] [root/bar_manager.py:92]: Stopping WindowsNotificationEventListener...
2025-12-23 20:48:45,650 [INFO] [MainThread] [root/bar_manager.py:92]: Stopping SystemEventListener...
2025-12-23 20:48:45,650 [INFO] [MainThread] [core.utils.widgets.taskbar.window_manager/window_manager.py:218]: TaskbarWindowManager stopped
2025-12-23 20:48:45,651 [DEBUG] [MainThread] [systray_widget/systray.py:504]: Saving state to disk
2025-12-23 20:48:45,651 [DEBUG] [MainThread] [systray_widget/systray.py:508]: Saving state to C:\Users\ratta\AppData\Local\YASB\systray_state_INCG27Q30UMB6CBWL.json
2025-12-23 20:48:45,653 [DEBUG] [MainThread] [systray_widget/utils.py:96]: Destroying window 1119128
2025-12-23 20:48:45,653 [DEBUG] [MainThread] [systray_widget/systray.py:504]: Saving state to disk
2025-12-23 20:48:45,653 [DEBUG] [MainThread] [systray_widget/systray.py:508]: Saving state to C:\Users\ratta\AppData\Local\YASB\systray_state_EKLTDLU28R55H4ZMB00043.json
2025-12-23 20:48:45,654 [DEBUG] [MainThread] [systray_widget/utils.py:96]: Destroying window 1119128
2025-12-23 20:48:45,657 [INFO] [MainThread] [root/log.py:69]: YASB v1.8.6
2025-12-23 20:48:45,658 [INFO] [Thread-1 (_run_server)] [cli_server/cli_server.py:212]: CLI server started v1.1.4
2025-12-23 20:48:45,658 [INFO] [MainThread] [cli_server/cli_server.py:104]: Log pipe server started
2025-12-23 20:48:45,658 [INFO] [MainThread] [root/main.py:45]: Waiting for previous YASB instance to exit...
2025-12-23 20:48:45,661 [DEBUG] [MainThread] [qasync._windows._EventPoller/_windows.py:220]: Stopping worker thread...
2025-12-23 20:48:45,668 [DEBUG] [Dummy-5] [qasync._windows._EventWorker/_windows.py:204]: Exiting thread
2025-12-23 20:48:45,669 [DEBUG] [MainThread] [qasync._windows._IocpProactor/_windows.py:78]: Closing
2025-12-23 20:48:45,746 [DEBUG] [MainThread] [systray_widget/utils.py:96]: Destroying window 1119128
2025-12-23 20:48:45,909 [INFO] [MainThread] [root/main.py:71]: Previous instance exited, continuing startup.
2025-12-23 20:48:46,180 [ERROR] [MainThread] [root/weather.py:60]: API key or location is missing. Please provide a valid API key and location.
2025-12-23 20:48:46,439 [INFO] [MainThread] [root/service.py:48]: AudioOutputService starting...
2025-12-23 20:48:47,078 [DEBUG] [MainThread] [root/pin_manager.py:163]: Loaded 0 pinned apps from C:\Users\ratta\AppData\Local\YASB\taskbar_pinned.json
2025-12-23 20:48:47,375 [INFO] [MainThread] [core.utils.widgets.taskbar.window_manager/window_manager.py:191]: TaskbarWindowManager is starting...
2025-12-23 20:48:47,414 [ERROR] [MainThread] [root/weather.py:60]: API key or location is missing. Please provide a valid API key and location.
2025-12-23 20:48:47,872 [INFO] [MainThread] [root/bar_manager.py:85]: Starting WindowsNotificationEventListener...
2025-12-23 20:48:47,873 [INFO] [MainThread] [root/bar_manager.py:85]: Starting SystemEventListener...
2025-12-23 20:48:47,873 [INFO] [MainThread] [root/watcher.py:54]: Created file watcher for path C:\Users\ratta\.config\yasb
2025-12-23 20:48:47,909 [INFO] [MainThread] [root/update_service.py:409]: Background update checker started
2025-12-23 20:48:47,910 [DEBUG] [MainThread] [qasync._windows._EventPoller/_windows.py:215]: Starting (proactor: <_IocpProactor overlapped#=0 result#=0>)...
2025-12-23 20:48:47,911 [DEBUG] [Dummy-5] [qasync._windows._EventWorker/_windows.py:195]: Thread started
2025-12-23 20:48:47,913 [DEBUG] [MainThread] [systray_widget/systray.py:526]: Loading state from C:\Users\ratta\AppData\Local\YASB\systray_state_INCG27Q30UMB6CBWL.json
2025-12-23 20:48:47,914 [DEBUG] [SystrayMonitor] [systray_widget/systray.py:57]: Systray thread is starting...
2025-12-23 20:48:47,916 [DEBUG] [MainThread] [systray_widget/systray.py:526]: Loading state from C:\Users\ratta\AppData\Local\YASB\systray_state_EKLTDLU28R55H4ZMB00043.json
2025-12-23 20:48:47,940 [DEBUG] [MainThread] [systray_widget/systray.py:277]: Systray thread started
2025-12-23 20:48:48,112 [DEBUG] [SystrayMonitor] [systray_widget/systray_monitor.py:242]: Finding real tray hwnd
2025-12-23 20:48:48,141 [DEBUG] [SystrayMonitor] [systray_widget/systray_monitor.py:164]: Adding TaskbandHWND prop to hwnd 266748
2025-12-23 20:48:48,146 [DEBUG] [MainThread] [systray_widget/systray_monitor.py:157]: Sending TaskbarCreated message: 49339
2025-12-23 20:49:30,367 [INFO] [MainThread] [root/controller.py:15]: Reloading Application because of config change.
2025-12-23 20:49:30,469 [INFO] [MainThread] [cli_server/cli_server.py:112]: Log pipe server stopped
2025-12-23 20:49:30,469 [DEBUG] [MainThread] [cli_server/cli_server.py:206]: CLI server stopped
2025-12-23 20:49:30,474 [INFO] [MainThread] [root/bar_manager.py:76]: Successfully loaded updated config and re-initialised all bars.
2025-12-23 20:49:30,744 [INFO] [MainThread] [root/log.py:69]: YASB v1.8.6
2025-12-23 20:49:30,744 [INFO] [Thread-1 (_run_server)] [cli_server/cli_server.py:212]: CLI server started v1.1.4
2025-12-23 20:49:30,745 [INFO] [MainThread] [cli_server/cli_server.py:104]: Log pipe server started
2025-12-23 20:49:30,745 [INFO] [MainThread] [root/main.py:45]: Waiting for previous YASB instance to exit...
2025-12-23 20:49:30,793 [INFO] [MainThread] [root/bar_manager.py:92]: Stopping WindowsNotificationEventListener...
2025-12-23 20:49:30,794 [INFO] [MainThread] [root/bar_manager.py:92]: Stopping SystemEventListener...
2025-12-23 20:49:30,794 [INFO] [MainThread] [core.utils.widgets.taskbar.window_manager/window_manager.py:218]: TaskbarWindowManager stopped
2025-12-23 20:49:30,795 [DEBUG] [MainThread] [systray_widget/systray.py:504]: Saving state to disk
2025-12-23 20:49:30,796 [DEBUG] [MainThread] [systray_widget/systray.py:508]: Saving state to C:\Users\ratta\AppData\Local\YASB\systray_state_INCG27Q30UMB6CBWL.json
2025-12-23 20:49:30,797 [DEBUG] [MainThread] [systray_widget/utils.py:96]: Destroying window 266748
2025-12-23 20:49:30,797 [DEBUG] [MainThread] [systray_widget/systray.py:504]: Saving state to disk
2025-12-23 20:49:30,797 [DEBUG] [MainThread] [systray_widget/systray.py:508]: Saving state to C:\Users\ratta\AppData\Local\YASB\systray_state_EKLTDLU28R55H4ZMB00043.json
2025-12-23 20:49:30,798 [DEBUG] [MainThread] [systray_widget/utils.py:96]: Destroying window 266748
2025-12-23 20:49:30,836 [DEBUG] [MainThread] [qasync._windows._EventPoller/_windows.py:220]: Stopping worker thread...
2025-12-23 20:49:30,838 [DEBUG] [Dummy-5] [qasync._windows._EventWorker/_windows.py:204]: Exiting thread
2025-12-23 20:49:30,853 [DEBUG] [MainThread] [qasync._windows._IocpProactor/_windows.py:78]: Closing
2025-12-23 20:49:30,986 [DEBUG] [MainThread] [systray_widget/utils.py:96]: Destroying window 266748
2025-12-23 20:49:30,995 [INFO] [MainThread] [root/main.py:71]: Previous instance exited, continuing startup.
2025-12-23 20:49:31,234 [ERROR] [MainThread] [root/weather.py:60]: API key or location is missing. Please provide a valid API key and location.
2025-12-23 20:49:31,463 [INFO] [MainThread] [root/service.py:48]: AudioOutputService starting...
2025-12-23 20:49:31,947 [DEBUG] [MainThread] [root/pin_manager.py:163]: Loaded 0 pinned apps from C:\Users\ratta\AppData\Local\YASB\taskbar_pinned.json
2025-12-23 20:49:32,236 [INFO] [MainThread] [core.utils.widgets.taskbar.window_manager/window_manager.py:191]: TaskbarWindowManager is starting...
2025-12-23 20:49:32,277 [ERROR] [MainThread] [root/weather.py:60]: API key or location is missing. Please provide a valid API key and location.
2025-12-23 20:49:32,693 [INFO] [MainThread] [root/bar_manager.py:85]: Starting SystemEventListener...
2025-12-23 20:49:32,693 [INFO] [MainThread] [root/bar_manager.py:85]: Starting WindowsNotificationEventListener...
2025-12-23 20:49:32,693 [INFO] [MainThread] [root/watcher.py:54]: Created file watcher for path C:\Users\ratta\.config\yasb
2025-12-23 20:49:32,726 [INFO] [MainThread] [root/update_service.py:409]: Background update checker started
2025-12-23 20:49:32,727 [DEBUG] [MainThread] [qasync._windows._EventPoller/_windows.py:215]: Starting (proactor: <_IocpProactor overlapped#=0 result#=0>)...
2025-12-23 20:49:32,728 [DEBUG] [Dummy-5] [qasync._windows._EventWorker/_windows.py:195]: Thread started
2025-12-23 20:49:32,730 [DEBUG] [MainThread] [systray_widget/systray.py:526]: Loading state from C:\Users\ratta\AppData\Local\YASB\systray_state_INCG27Q30UMB6CBWL.json
2025-12-23 20:49:32,731 [DEBUG] [SystrayMonitor] [systray_widget/systray.py:57]: Systray thread is starting...
2025-12-23 20:49:32,734 [DEBUG] [MainThread] [systray_widget/systray.py:526]: Loading state from C:\Users\ratta\AppData\Local\YASB\systray_state_EKLTDLU28R55H4ZMB00043.json
2025-12-23 20:49:32,756 [DEBUG] [MainThread] [systray_widget/systray.py:277]: Systray thread started
2025-12-23 20:49:32,813 [DEBUG] [SystrayMonitor] [systray_widget/systray_monitor.py:242]: Finding real tray hwnd
2025-12-23 20:49:32,957 [DEBUG] [SystrayMonitor] [systray_widget/systray_monitor.py:164]: Adding TaskbandHWND prop to hwnd 2626552
2025-12-23 20:49:32,963 [DEBUG] [MainThread] [systray_widget/systray_monitor.py:157]: Sending TaskbarCreated message: 49339
2025-12-23 20:49:56,062 [INFO] [MainThread] [root/controller.py:15]: Reloading Application from tray...
2025-12-23 20:49:56,166 [INFO] [MainThread] [cli_server/cli_server.py:112]: Log pipe server stopped
2025-12-23 20:49:56,166 [DEBUG] [MainThread] [cli_server/cli_server.py:206]: CLI server stopped
2025-12-23 20:49:56,448 [INFO] [MainThread] [root/log.py:69]: YASB v1.8.6
2025-12-23 20:49:56,449 [INFO] [Thread-1 (_run_server)] [cli_server/cli_server.py:212]: CLI server started v1.1.4
2025-12-23 20:49:56,449 [INFO] [MainThread] [cli_server/cli_server.py:104]: Log pipe server started
2025-12-23 20:49:56,449 [INFO] [MainThread] [root/main.py:45]: Waiting for previous YASB instance to exit...
2025-12-23 20:49:56,539 [INFO] [MainThread] [root/bar_manager.py:92]: Stopping SystemEventListener...
2025-12-23 20:49:56,540 [INFO] [MainThread] [root/bar_manager.py:92]: Stopping WindowsNotificationEventListener...
2025-12-23 20:49:56,544 [INFO] [MainThread] [core.utils.widgets.taskbar.window_manager/window_manager.py:218]: TaskbarWindowManager stopped
2025-12-23 20:49:56,548 [DEBUG] [MainThread] [systray_widget/systray.py:504]: Saving state to disk
2025-12-23 20:49:56,549 [DEBUG] [MainThread] [systray_widget/systray.py:508]: Saving state to C:\Users\ratta\AppData\Local\YASB\systray_state_INCG27Q30UMB6CBWL.json
2025-12-23 20:49:56,549 [DEBUG] [MainThread] [systray_widget/utils.py:96]: Destroying window 2626552
2025-12-23 20:49:56,550 [DEBUG] [MainThread] [systray_widget/systray.py:504]: Saving state to disk
2025-12-23 20:49:56,551 [DEBUG] [MainThread] [systray_widget/systray.py:508]: Saving state to C:\Users\ratta\AppData\Local\YASB\systray_state_EKLTDLU28R55H4ZMB00043.json
2025-12-23 20:49:56,551 [DEBUG] [MainThread] [systray_widget/utils.py:96]: Destroying window 2626552
2025-12-23 20:49:56,574 [DEBUG] [MainThread] [qasync._windows._EventPoller/_windows.py:220]: Stopping worker thread...
2025-12-23 20:49:56,586 [DEBUG] [Dummy-5] [qasync._windows._EventWorker/_windows.py:204]: Exiting thread
2025-12-23 20:49:56,596 [DEBUG] [MainThread] [qasync._windows._IocpProactor/_windows.py:78]: Closing
2025-12-23 20:49:56,746 [DEBUG] [MainThread] [systray_widget/utils.py:96]: Destroying window 2626552
2025-12-23 20:49:56,950 [INFO] [MainThread] [root/main.py:71]: Previous instance exited, continuing startup.
2025-12-23 20:49:57,246 [ERROR] [MainThread] [root/weather.py:60]: API key or location is missing. Please provide a valid API key and location.
2025-12-23 20:49:57,548 [INFO] [MainThread] [root/service.py:48]: AudioOutputService starting...
2025-12-23 20:49:58,172 [DEBUG] [MainThread] [root/pin_manager.py:163]: Loaded 0 pinned apps from C:\Users\ratta\AppData\Local\YASB\taskbar_pinned.json
2025-12-23 20:49:58,522 [INFO] [MainThread] [core.utils.widgets.taskbar.window_manager/window_manager.py:191]: TaskbarWindowManager is starting...
2025-12-23 20:49:58,559 [ERROR] [MainThread] [root/weather.py:60]: API key or location is missing. Please provide a valid API key and location.
2025-12-23 20:49:59,016 [INFO] [MainThread] [root/bar_manager.py:85]: Starting WindowsNotificationEventListener...
2025-12-23 20:49:59,021 [INFO] [MainThread] [root/bar_manager.py:85]: Starting SystemEventListener...
2025-12-23 20:49:59,022 [INFO] [MainThread] [root/watcher.py:54]: Created file watcher for path C:\Users\ratta\.config\yasb
2025-12-23 20:49:59,053 [INFO] [MainThread] [root/update_service.py:409]: Background update checker started
2025-12-23 20:49:59,053 [DEBUG] [MainThread] [qasync._windows._EventPoller/_windows.py:215]: Starting (proactor: <_IocpProactor overlapped#=0 result#=0>)...
2025-12-23 20:49:59,055 [DEBUG] [Dummy-5] [qasync._windows._EventWorker/_windows.py:195]: Thread started
2025-12-23 20:49:59,056 [DEBUG] [MainThread] [systray_widget/systray.py:526]: Loading state from C:\Users\ratta\AppData\Local\YASB\systray_state_INCG27Q30UMB6CBWL.json
2025-12-23 20:49:59,058 [DEBUG] [SystrayMonitor] [systray_widget/systray.py:57]: Systray thread is starting...
2025-12-23 20:49:59,060 [DEBUG] [MainThread] [systray_widget/systray.py:526]: Loading state from C:\Users\ratta\AppData\Local\YASB\systray_state_EKLTDLU28R55H4ZMB00043.json
2025-12-23 20:49:59,081 [DEBUG] [MainThread] [systray_widget/systray.py:277]: Systray thread started
2025-12-23 20:49:59,282 [DEBUG] [SystrayMonitor] [systray_widget/systray_monitor.py:164]: Adding TaskbandHWND prop to hwnd 397796
2025-12-23 20:49:59,282 [DEBUG] [SystrayMonitor] [systray_widget/systray_monitor.py:242]: Finding real tray hwnd
2025-12-23 20:49:59,287 [DEBUG] [MainThread] [systray_widget/systray_monitor.py:157]: Sending TaskbarCreated message: 49339
2025-12-23 20:50:40,888 [INFO] [MainThread] [root/controller.py:15]: Reloading Application from tray...
2025-12-23 20:50:41,000 [INFO] [MainThread] [cli_server/cli_server.py:112]: Log pipe server stopped
2025-12-23 20:50:41,000 [DEBUG] [MainThread] [cli_server/cli_server.py:206]: CLI server stopped
2025-12-23 20:50:41,285 [INFO] [MainThread] [root/log.py:69]: YASB v1.8.6
2025-12-23 20:50:41,286 [INFO] [Thread-1 (_run_server)] [cli_server/cli_server.py:212]: CLI server started v1.1.4
2025-12-23 20:50:41,286 [INFO] [MainThread] [cli_server/cli_server.py:104]: Log pipe server started
2025-12-23 20:50:41,286 [INFO] [MainThread] [root/main.py:45]: Waiting for previous YASB instance to exit...
2025-12-23 20:50:41,385 [INFO] [MainThread] [root/bar_manager.py:92]: Stopping WindowsNotificationEventListener...
2025-12-23 20:50:41,386 [INFO] [MainThread] [root/bar_manager.py:92]: Stopping SystemEventListener...
2025-12-23 20:50:41,387 [INFO] [MainThread] [core.utils.widgets.taskbar.window_manager/window_manager.py:218]: TaskbarWindowManager stopped
2025-12-23 20:50:41,391 [DEBUG] [MainThread] [systray_widget/systray.py:504]: Saving state to disk
2025-12-23 20:50:41,391 [DEBUG] [MainThread] [systray_widget/systray.py:508]: Saving state to C:\Users\ratta\AppData\Local\YASB\systray_state_INCG27Q30UMB6CBWL.json
2025-12-23 20:50:41,392 [DEBUG] [MainThread] [systray_widget/utils.py:96]: Destroying window 397796
2025-12-23 20:50:41,392 [DEBUG] [MainThread] [systray_widget/systray.py:504]: Saving state to disk
2025-12-23 20:50:41,393 [DEBUG] [MainThread] [systray_widget/systray.py:508]: Saving state to C:\Users\ratta\AppData\Local\YASB\systray_state_EKLTDLU28R55H4ZMB00043.json
2025-12-23 20:50:41,393 [DEBUG] [MainThread] [systray_widget/utils.py:96]: Destroying window 397796
2025-12-23 20:50:41,406 [DEBUG] [MainThread] [qasync._windows._EventPoller/_windows.py:220]: Stopping worker thread...
2025-12-23 20:50:41,420 [DEBUG] [Dummy-5] [qasync._windows._EventWorker/_windows.py:204]: Exiting thread
2025-12-23 20:50:41,424 [DEBUG] [MainThread] [qasync._windows._IocpProactor/_windows.py:78]: Closing
2025-12-23 20:50:41,513 [DEBUG] [MainThread] [systray_widget/utils.py:96]: Destroying window 397796
2025-12-23 20:50:41,537 [INFO] [MainThread] [root/main.py:71]: Previous instance exited, continuing startup.
2025-12-23 20:50:41,804 [ERROR] [MainThread] [root/weather.py:60]: API key or location is missing. Please provide a valid API key and location.
2025-12-23 20:50:42,039 [INFO] [MainThread] [root/service.py:48]: AudioOutputService starting...
2025-12-23 20:50:42,546 [DEBUG] [MainThread] [root/pin_manager.py:163]: Loaded 0 pinned apps from C:\Users\ratta\AppData\Local\YASB\taskbar_pinned.json
2025-12-23 20:50:42,755 [INFO] [MainThread] [core.utils.widgets.taskbar.window_manager/window_manager.py:191]: TaskbarWindowManager is starting...
2025-12-23 20:50:42,789 [ERROR] [MainThread] [root/weather.py:60]: API key or location is missing. Please provide a valid API key and location.
2025-12-23 20:50:43,300 [INFO] [MainThread] [root/bar_manager.py:85]: Starting WindowsNotificationEventListener...
2025-12-23 20:50:43,300 [INFO] [MainThread] [root/bar_manager.py:85]: Starting SystemEventListener...
2025-12-23 20:50:43,301 [INFO] [MainThread] [root/watcher.py:54]: Created file watcher for path C:\Users\ratta\.config\yasb
2025-12-23 20:50:43,333 [INFO] [MainThread] [root/update_service.py:409]: Background update checker started
2025-12-23 20:50:43,333 [DEBUG] [MainThread] [qasync._windows._EventPoller/_windows.py:215]: Starting (proactor: <_IocpProactor overlapped#=0 result#=0>)...
2025-12-23 20:50:43,335 [DEBUG] [Dummy-5] [qasync._windows._EventWorker/_windows.py:195]: Thread started
2025-12-23 20:50:43,337 [DEBUG] [MainThread] [systray_widget/systray.py:526]: Loading state from C:\Users\ratta\AppData\Local\YASB\systray_state_INCG27Q30UMB6CBWL.json
2025-12-23 20:50:43,338 [DEBUG] [SystrayMonitor] [systray_widget/systray.py:57]: Systray thread is starting...
2025-12-23 20:50:43,340 [DEBUG] [MainThread] [systray_widget/systray.py:526]: Loading state from C:\Users\ratta\AppData\Local\YASB\systray_state_EKLTDLU28R55H4ZMB00043.json
2025-12-23 20:50:43,361 [DEBUG] [MainThread] [systray_widget/systray.py:277]: Systray thread started
2025-12-23 20:50:43,513 [DEBUG] [SystrayMonitor] [systray_widget/systray_monitor.py:242]: Finding real tray hwnd
2025-12-23 20:50:43,563 [DEBUG] [SystrayMonitor] [systray_widget/systray_monitor.py:164]: Adding TaskbandHWND prop to hwnd 463418
2025-12-23 20:50:43,572 [DEBUG] [MainThread] [systray_widget/systray_monitor.py:157]: Sending TaskbarCreated message: 49339
2025-12-23 20:51:21,028 [INFO] [MainThread] [root/controller.py:15]: Reloading Application from tray...
2025-12-23 20:51:21,130 [INFO] [MainThread] [cli_server/cli_server.py:112]: Log pipe server stopped
2025-12-23 20:51:21,130 [DEBUG] [MainThread] [cli_server/cli_server.py:206]: CLI server stopped
2025-12-23 20:51:21,422 [INFO] [MainThread] [root/log.py:69]: YASB v1.8.6
2025-12-23 20:51:21,422 [INFO] [Thread-1 (_run_server)] [cli_server/cli_server.py:212]: CLI server started v1.1.4
2025-12-23 20:51:21,422 [INFO] [MainThread] [cli_server/cli_server.py:104]: Log pipe server started
2025-12-23 20:51:21,422 [INFO] [MainThread] [root/main.py:45]: Waiting for previous YASB instance to exit...
2025-12-23 20:51:21,529 [INFO] [MainThread] [root/bar_manager.py:92]: Stopping WindowsNotificationEventListener...
2025-12-23 20:51:21,529 [INFO] [MainThread] [root/bar_manager.py:92]: Stopping SystemEventListener...
2025-12-23 20:51:21,531 [INFO] [MainThread] [core.utils.widgets.taskbar.window_manager/window_manager.py:218]: TaskbarWindowManager stopped
2025-12-23 20:51:21,533 [DEBUG] [MainThread] [systray_widget/systray.py:504]: Saving state to disk
2025-12-23 20:51:21,533 [DEBUG] [MainThread] [systray_widget/systray.py:508]: Saving state to C:\Users\ratta\AppData\Local\YASB\systray_state_INCG27Q30UMB6CBWL.json
2025-12-23 20:51:21,534 [DEBUG] [MainThread] [systray_widget/utils.py:96]: Destroying window 463418
2025-12-23 20:51:21,534 [DEBUG] [MainThread] [systray_widget/systray.py:504]: Saving state to disk
2025-12-23 20:51:21,535 [DEBUG] [MainThread] [systray_widget/systray.py:508]: Saving state to C:\Users\ratta\AppData\Local\YASB\systray_state_EKLTDLU28R55H4ZMB00043.json
2025-12-23 20:51:21,535 [DEBUG] [MainThread] [systray_widget/utils.py:96]: Destroying window 463418
2025-12-23 20:51:21,548 [DEBUG] [MainThread] [qasync._windows._EventPoller/_windows.py:220]: Stopping worker thread...
2025-12-23 20:51:21,551 [DEBUG] [Dummy-5] [qasync._windows._EventWorker/_windows.py:204]: Exiting thread
2025-12-23 20:51:21,558 [DEBUG] [MainThread] [qasync._windows._IocpProactor/_windows.py:78]: Closing
2025-12-23 20:51:21,656 [DEBUG] [MainThread] [systray_widget/utils.py:96]: Destroying window 463418
2025-12-23 20:51:21,673 [INFO] [MainThread] [root/main.py:71]: Previous instance exited, continuing startup.
2025-12-23 20:51:21,941 [ERROR] [MainThread] [root/weather.py:60]: API key or location is missing. Please provide a valid API key and location.
2025-12-23 20:51:22,164 [INFO] [MainThread] [root/service.py:48]: AudioOutputService starting...
2025-12-23 20:51:22,674 [DEBUG] [MainThread] [root/pin_manager.py:163]: Loaded 0 pinned apps from C:\Users\ratta\AppData\Local\YASB\taskbar_pinned.json
2025-12-23 20:51:22,965 [INFO] [MainThread] [core.utils.widgets.taskbar.window_manager/window_manager.py:191]: TaskbarWindowManager is starting...
2025-12-23 20:51:23,005 [ERROR] [MainThread] [root/weather.py:60]: API key or location is missing. Please provide a valid API key and location.
2025-12-23 20:51:23,511 [INFO] [MainThread] [root/bar_manager.py:85]: Starting SystemEventListener...
2025-12-23 20:51:23,512 [INFO] [MainThread] [root/bar_manager.py:85]: Starting WindowsNotificationEventListener...
2025-12-23 20:51:23,512 [INFO] [MainThread] [root/watcher.py:54]: Created file watcher for path C:\Users\ratta\.config\yasb
2025-12-23 20:51:23,547 [INFO] [MainThread] [root/update_service.py:409]: Background update checker started
2025-12-23 20:51:23,547 [DEBUG] [MainThread] [qasync._windows._EventPoller/_windows.py:215]: Starting (proactor: <_IocpProactor overlapped#=0 result#=0>)...
2025-12-23 20:51:23,548 [DEBUG] [Dummy-5] [qasync._windows._EventWorker/_windows.py:195]: Thread started
2025-12-23 20:51:23,551 [DEBUG] [MainThread] [systray_widget/systray.py:526]: Loading state from C:\Users\ratta\AppData\Local\YASB\systray_state_INCG27Q30UMB6CBWL.json
2025-12-23 20:51:23,552 [DEBUG] [SystrayMonitor] [systray_widget/systray.py:57]: Systray thread is starting...
2025-12-23 20:51:23,554 [DEBUG] [MainThread] [systray_widget/systray.py:526]: Loading state from C:\Users\ratta\AppData\Local\YASB\systray_state_EKLTDLU28R55H4ZMB00043.json
2025-12-23 20:51:23,576 [DEBUG] [MainThread] [systray_widget/systray.py:277]: Systray thread started
2025-12-23 20:51:23,777 [DEBUG] [SystrayMonitor] [systray_widget/systray_monitor.py:164]: Adding TaskbandHWND prop to hwnd 2364952
2025-12-23 20:51:23,778 [DEBUG] [SystrayMonitor] [systray_widget/systray_monitor.py:242]: Finding real tray hwnd
2025-12-23 20:51:23,785 [DEBUG] [MainThread] [systray_widget/systray_monitor.py:157]: Sending TaskbarCreated message: 49339
2025-12-23 20:51:55,168 [INFO] [MainThread] [root/controller.py:15]: Reloading Application from tray...
2025-12-23 20:51:55,284 [INFO] [MainThread] [cli_server/cli_server.py:112]: Log pipe server stopped
2025-12-23 20:51:55,284 [DEBUG] [MainThread] [cli_server/cli_server.py:206]: CLI server stopped
2025-12-23 20:51:55,594 [INFO] [MainThread] [root/log.py:69]: YASB v1.8.6
2025-12-23 20:51:55,594 [INFO] [Thread-1 (_run_server)] [cli_server/cli_server.py:212]: CLI server started v1.1.4
2025-12-23 20:51:55,594 [INFO] [MainThread] [cli_server/cli_server.py:104]: Log pipe server started
2025-12-23 20:51:55,595 [INFO] [MainThread] [root/main.py:45]: Waiting for previous YASB instance to exit...
2025-12-23 20:51:55,613 [INFO] [MainThread] [root/bar_manager.py:92]: Stopping SystemEventListener...
2025-12-23 20:51:55,614 [INFO] [MainThread] [root/bar_manager.py:92]: Stopping WindowsNotificationEventListener...
2025-12-23 20:51:55,617 [INFO] [MainThread] [core.utils.widgets.taskbar.window_manager/window_manager.py:218]: TaskbarWindowManager stopped
2025-12-23 20:51:55,621 [DEBUG] [MainThread] [systray_widget/systray.py:504]: Saving state to disk
2025-12-23 20:51:55,621 [DEBUG] [MainThread] [systray_widget/systray.py:508]: Saving state to C:\Users\ratta\AppData\Local\YASB\systray_state_INCG27Q30UMB6CBWL.json
2025-12-23 20:51:55,622 [DEBUG] [MainThread] [systray_widget/utils.py:96]: Destroying window 2364952
2025-12-23 20:51:55,624 [DEBUG] [MainThread] [systray_widget/systray.py:504]: Saving state to disk
2025-12-23 20:51:55,624 [DEBUG] [MainThread] [systray_widget/systray.py:508]: Saving state to C:\Users\ratta\AppData\Local\YASB\systray_state_EKLTDLU28R55H4ZMB00043.json
2025-12-23 20:51:55,625 [DEBUG] [MainThread] [systray_widget/utils.py:96]: Destroying window 2364952
2025-12-23 20:51:55,652 [DEBUG] [MainThread] [qasync._windows._EventPoller/_windows.py:220]: Stopping worker thread...
2025-12-23 20:51:55,658 [DEBUG] [Dummy-5] [qasync._windows._EventWorker/_windows.py:204]: Exiting thread
2025-12-23 20:51:55,672 [DEBUG] [MainThread] [qasync._windows._IocpProactor/_windows.py:78]: Closing
2025-12-23 20:51:55,749 [DEBUG] [MainThread] [systray_widget/utils.py:96]: Destroying window 2364952
2025-12-23 20:51:55,846 [INFO] [MainThread] [root/main.py:71]: Previous instance exited, continuing startup.
2025-12-23 20:51:56,116 [ERROR] [MainThread] [root/weather.py:60]: API key or location is missing. Please provide a valid API key and location.
2025-12-23 20:51:56,345 [INFO] [MainThread] [root/service.py:48]: AudioOutputService starting...
2025-12-23 20:51:56,937 [DEBUG] [MainThread] [root/pin_manager.py:163]: Loaded 0 pinned apps from C:\Users\ratta\AppData\Local\YASB\taskbar_pinned.json
2025-12-23 20:51:57,219 [INFO] [MainThread] [core.utils.widgets.taskbar.window_manager/window_manager.py:191]: TaskbarWindowManager is starting...
2025-12-23 20:51:57,256 [ERROR] [MainThread] [root/weather.py:60]: API key or location is missing. Please provide a valid API key and location.
2025-12-23 20:51:57,677 [INFO] [MainThread] [root/bar_manager.py:85]: Starting SystemEventListener...
2025-12-23 20:51:57,677 [INFO] [MainThread] [root/bar_manager.py:85]: Starting WindowsNotificationEventListener...
2025-12-23 20:51:57,678 [INFO] [MainThread] [root/watcher.py:54]: Created file watcher for path C:\Users\ratta\.config\yasb
2025-12-23 20:51:57,714 [INFO] [MainThread] [root/update_service.py:409]: Background update checker started
2025-12-23 20:51:57,714 [DEBUG] [MainThread] [qasync._windows._EventPoller/_windows.py:215]: Starting (proactor: <_IocpProactor overlapped#=0 result#=0>)...
2025-12-23 20:51:57,716 [DEBUG] [Dummy-5] [qasync._windows._EventWorker/_windows.py:195]: Thread started
2025-12-23 20:51:57,718 [DEBUG] [MainThread] [systray_widget/systray.py:526]: Loading state from C:\Users\ratta\AppData\Local\YASB\systray_state_INCG27Q30UMB6CBWL.json
2025-12-23 20:51:57,720 [DEBUG] [SystrayMonitor] [systray_widget/systray.py:57]: Systray thread is starting...
2025-12-23 20:51:57,722 [DEBUG] [MainThread] [systray_widget/systray.py:526]: Loading state from C:\Users\ratta\AppData\Local\YASB\systray_state_EKLTDLU28R55H4ZMB00043.json
2025-12-23 20:51:57,754 [DEBUG] [MainThread] [systray_widget/systray.py:277]: Systray thread started
2025-12-23 20:51:57,955 [DEBUG] [SystrayMonitor] [systray_widget/systray_monitor.py:164]: Adding TaskbandHWND prop to hwnd 856666
2025-12-23 20:51:57,955 [DEBUG] [SystrayMonitor] [systray_widget/systray_monitor.py:242]: Finding real tray hwnd
2025-12-23 20:51:57,961 [DEBUG] [MainThread] [systray_widget/systray_monitor.py:157]: Sending TaskbarCreated message: 49339
2025-12-23 20:52:58,832 [INFO] [MainThread] [root/controller.py:15]: Reloading Application because of config change.
2025-12-23 20:52:58,935 [INFO] [MainThread] [cli_server/cli_server.py:112]: Log pipe server stopped
2025-12-23 20:52:58,935 [DEBUG] [MainThread] [cli_server/cli_server.py:206]: CLI server stopped
2025-12-23 20:52:58,940 [INFO] [MainThread] [root/bar_manager.py:76]: Successfully loaded updated config and re-initialised all bars.
2025-12-23 20:52:59,193 [INFO] [MainThread] [root/log.py:69]: YASB v1.8.6
2025-12-23 20:52:59,193 [INFO] [Thread-1 (_run_server)] [cli_server/cli_server.py:212]: CLI server started v1.1.4
2025-12-23 20:52:59,193 [INFO] [MainThread] [cli_server/cli_server.py:104]: Log pipe server started
2025-12-23 20:52:59,193 [INFO] [MainThread] [root/main.py:45]: Waiting for previous YASB instance to exit...
2025-12-23 20:52:59,247 [INFO] [MainThread] [root/bar_manager.py:92]: Stopping SystemEventListener...
2025-12-23 20:52:59,247 [INFO] [MainThread] [root/bar_manager.py:92]: Stopping WindowsNotificationEventListener...
2025-12-23 20:52:59,248 [INFO] [MainThread] [core.utils.widgets.taskbar.window_manager/window_manager.py:218]: TaskbarWindowManager stopped
2025-12-23 20:52:59,250 [DEBUG] [MainThread] [systray_widget/systray.py:504]: Saving state to disk
2025-12-23 20:52:59,251 [DEBUG] [MainThread] [systray_widget/systray.py:508]: Saving state to C:\Users\ratta\AppData\Local\YASB\systray_state_INCG27Q30UMB6CBWL.json
2025-12-23 20:52:59,252 [DEBUG] [MainThread] [systray_widget/utils.py:96]: Destroying window 856666
2025-12-23 20:52:59,252 [DEBUG] [MainThread] [systray_widget/systray.py:504]: Saving state to disk
2025-12-23 20:52:59,252 [DEBUG] [MainThread] [systray_widget/systray.py:508]: Saving state to C:\Users\ratta\AppData\Local\YASB\systray_state_EKLTDLU28R55H4ZMB00043.json
2025-12-23 20:52:59,253 [DEBUG] [MainThread] [systray_widget/utils.py:96]: Destroying window 856666
2025-12-23 20:52:59,294 [DEBUG] [MainThread] [qasync._windows._EventPoller/_windows.py:220]: Stopping worker thread...
2025-12-23 20:52:59,308 [DEBUG] [Dummy-5] [qasync._windows._EventWorker/_windows.py:204]: Exiting thread
2025-12-23 20:52:59,320 [DEBUG] [MainThread] [qasync._windows._IocpProactor/_windows.py:78]: Closing
2025-12-23 20:52:59,459 [DEBUG] [MainThread] [systray_widget/utils.py:96]: Destroying window 856666
2025-12-23 20:52:59,694 [INFO] [MainThread] [root/main.py:71]: Previous instance exited, continuing startup.
2025-12-23 20:52:59,963 [ERROR] [MainThread] [root/weather.py:60]: API key or location is missing. Please provide a valid API key and location.
2025-12-23 20:53:00,170 [INFO] [MainThread] [root/service.py:48]: AudioOutputService starting...
2025-12-23 20:53:00,693 [DEBUG] [MainThread] [root/pin_manager.py:163]: Loaded 0 pinned apps from C:\Users\ratta\AppData\Local\YASB\taskbar_pinned.json
2025-12-23 20:53:00,877 [INFO] [MainThread] [core.utils.widgets.taskbar.window_manager/window_manager.py:191]: TaskbarWindowManager is starting...
2025-12-23 20:53:00,913 [ERROR] [MainThread] [root/weather.py:60]: API key or location is missing. Please provide a valid API key and location.
2025-12-23 20:53:01,397 [INFO] [MainThread] [root/bar_manager.py:85]: Starting SystemEventListener...
2025-12-23 20:53:01,397 [INFO] [MainThread] [root/bar_manager.py:85]: Starting WindowsNotificationEventListener...
2025-12-23 20:53:01,398 [INFO] [MainThread] [root/watcher.py:54]: Created file watcher for path C:\Users\ratta\.config\yasb
2025-12-23 20:53:01,435 [INFO] [MainThread] [root/update_service.py:409]: Background update checker started
2025-12-23 20:53:01,435 [DEBUG] [MainThread] [qasync._windows._EventPoller/_windows.py:215]: Starting (proactor: <_IocpProactor overlapped#=0 result#=0>)...
2025-12-23 20:53:01,436 [DEBUG] [Dummy-5] [qasync._windows._EventWorker/_windows.py:195]: Thread started
2025-12-23 20:53:01,438 [DEBUG] [MainThread] [systray_widget/systray.py:526]: Loading state from C:\Users\ratta\AppData\Local\YASB\systray_state_INCG27Q30UMB6CBWL.json
2025-12-23 20:53:01,440 [DEBUG] [SystrayMonitor] [systray_widget/systray.py:57]: Systray thread is starting...
2025-12-23 20:53:01,442 [DEBUG] [MainThread] [systray_widget/systray.py:526]: Loading state from C:\Users\ratta\AppData\Local\YASB\systray_state_EKLTDLU28R55H4ZMB00043.json
2025-12-23 20:53:01,474 [DEBUG] [MainThread] [systray_widget/systray.py:277]: Systray thread started
2025-12-23 20:53:01,676 [DEBUG] [SystrayMonitor] [systray_widget/systray_monitor.py:164]: Adding TaskbandHWND prop to hwnd 922202
2025-12-23 20:53:01,677 [DEBUG] [SystrayMonitor] [systray_widget/systray_monitor.py:242]: Finding real tray hwnd
2025-12-23 20:53:01,685 [DEBUG] [MainThread] [systray_widget/systray_monitor.py:157]: Sending TaskbarCreated message: 49339
2025-12-23 20:53:12,681 [INFO] [MainThread] [root/controller.py:15]: Reloading Application because of config change.
2025-12-23 20:53:12,783 [INFO] [MainThread] [cli_server/cli_server.py:112]: Log pipe server stopped
2025-12-23 20:53:12,783 [DEBUG] [MainThread] [cli_server/cli_server.py:206]: CLI server stopped
2025-12-23 20:53:12,787 [INFO] [MainThread] [root/bar_manager.py:76]: Successfully loaded updated config and re-initialised all bars.
2025-12-23 20:53:13,049 [INFO] [MainThread] [root/log.py:69]: YASB v1.8.6
2025-12-23 20:53:13,049 [INFO] [Thread-1 (_run_server)] [cli_server/cli_server.py:212]: CLI server started v1.1.4
2025-12-23 20:53:13,049 [INFO] [MainThread] [cli_server/cli_server.py:104]: Log pipe server started
2025-12-23 20:53:13,050 [INFO] [MainThread] [root/main.py:45]: Waiting for previous YASB instance to exit...
2025-12-23 20:53:13,092 [INFO] [MainThread] [root/bar_manager.py:92]: Stopping SystemEventListener...
2025-12-23 20:53:13,092 [INFO] [MainThread] [root/bar_manager.py:92]: Stopping WindowsNotificationEventListener...
2025-12-23 20:53:13,092 [INFO] [MainThread] [core.utils.widgets.taskbar.window_manager/window_manager.py:218]: TaskbarWindowManager stopped
2025-12-23 20:53:13,093 [DEBUG] [MainThread] [systray_widget/systray.py:504]: Saving state to disk
2025-12-23 20:53:13,093 [DEBUG] [MainThread] [systray_widget/systray.py:508]: Saving state to C:\Users\ratta\AppData\Local\YASB\systray_state_INCG27Q30UMB6CBWL.json
2025-12-23 20:53:13,094 [DEBUG] [MainThread] [systray_widget/utils.py:96]: Destroying window 922202
2025-12-23 20:53:13,094 [DEBUG] [MainThread] [systray_widget/systray.py:504]: Saving state to disk
2025-12-23 20:53:13,094 [DEBUG] [MainThread] [systray_widget/systray.py:508]: Saving state to C:\Users\ratta\AppData\Local\YASB\systray_state_EKLTDLU28R55H4ZMB00043.json
2025-12-23 20:53:13,095 [DEBUG] [MainThread] [systray_widget/utils.py:96]: Destroying window 922202
2025-12-23 20:53:13,122 [DEBUG] [MainThread] [qasync._windows._EventPoller/_windows.py:220]: Stopping worker thread...
2025-12-23 20:53:13,126 [DEBUG] [Dummy-5] [qasync._windows._EventWorker/_windows.py:204]: Exiting thread
2025-12-23 20:53:13,139 [DEBUG] [MainThread] [qasync._windows._IocpProactor/_windows.py:78]: Closing
2025-12-23 20:53:13,236 [DEBUG] [MainThread] [systray_widget/utils.py:96]: Destroying window 922202
2025-12-23 20:53:13,300 [INFO] [MainThread] [root/main.py:71]: Previous instance exited, continuing startup.
2025-12-23 20:53:13,573 [ERROR] [MainThread] [root/weather.py:60]: API key or location is missing. Please provide a valid API key and location.
2025-12-23 20:53:13,785 [INFO] [MainThread] [root/service.py:48]: AudioOutputService starting...
2025-12-23 20:53:14,314 [DEBUG] [MainThread] [root/pin_manager.py:163]: Loaded 0 pinned apps from C:\Users\ratta\AppData\Local\YASB\taskbar_pinned.json
2025-12-23 20:53:14,590 [INFO] [MainThread] [core.utils.widgets.taskbar.window_manager/window_manager.py:191]: TaskbarWindowManager is starting...
2025-12-23 20:53:14,628 [ERROR] [MainThread] [root/weather.py:60]: API key or location is missing. Please provide a valid API key and location.
2025-12-23 20:53:14,644 [WARNING] [MainThread] [root/widget_builder.py:37]: Ignoring construction of invalid widget 'wallpapers'
2025-12-23 20:53:15,035 [INFO] [MainThread] [root/bar_manager.py:85]: Starting WindowsNotificationEventListener...
2025-12-23 20:53:15,036 [INFO] [MainThread] [root/bar_manager.py:85]: Starting SystemEventListener...
2025-12-23 20:53:15,036 [ERROR] [MainThread] [root/widget_builder.py:100]: Failed to validate widget(s) due to invalid options  - wallpapers
      gallery:
      - image_width:
        - max value is 640
      
2025-12-23 20:53:15,048 [INFO] [MainThread] [root/watcher.py:54]: Created file watcher for path C:\Users\ratta\.config\yasb
2025-12-23 20:53:15,077 [INFO] [MainThread] [root/update_service.py:409]: Background update checker started
2025-12-23 20:53:15,077 [DEBUG] [MainThread] [qasync._windows._EventPoller/_windows.py:215]: Starting (proactor: <_IocpProactor overlapped#=0 result#=0>)...
2025-12-23 20:53:15,078 [DEBUG] [Dummy-5] [qasync._windows._EventWorker/_windows.py:195]: Thread started
2025-12-23 20:53:15,080 [DEBUG] [MainThread] [systray_widget/systray.py:526]: Loading state from C:\Users\ratta\AppData\Local\YASB\systray_state_INCG27Q30UMB6CBWL.json
2025-12-23 20:53:15,081 [DEBUG] [SystrayMonitor] [systray_widget/systray.py:57]: Systray thread is starting...
2025-12-23 20:53:15,083 [DEBUG] [MainThread] [systray_widget/systray.py:526]: Loading state from C:\Users\ratta\AppData\Local\YASB\systray_state_EKLTDLU28R55H4ZMB00043.json
2025-12-23 20:53:15,103 [DEBUG] [MainThread] [systray_widget/systray.py:277]: Systray thread started
2025-12-23 20:53:15,230 [DEBUG] [SystrayMonitor] [systray_widget/systray_monitor.py:242]: Finding real tray hwnd
2025-12-23 20:53:15,327 [DEBUG] [SystrayMonitor] [systray_widget/systray_monitor.py:164]: Adding TaskbandHWND prop to hwnd 791098
2025-12-23 20:53:15,338 [DEBUG] [MainThread] [systray_widget/systray_monitor.py:157]: Sending TaskbarCreated message: 49339
2025-12-23 20:53:22,528 [INFO] [MainThread] [root/controller.py:15]: Reloading Application because of config change.
2025-12-23 20:53:22,639 [INFO] [MainThread] [cli_server/cli_server.py:112]: Log pipe server stopped
2025-12-23 20:53:22,639 [DEBUG] [MainThread] [cli_server/cli_server.py:206]: CLI server stopped
2025-12-23 20:53:22,643 [INFO] [MainThread] [root/bar_manager.py:76]: Successfully loaded updated config and re-initialised all bars.
2025-12-23 20:53:22,891 [INFO] [MainThread] [root/log.py:69]: YASB v1.8.6
2025-12-23 20:53:22,891 [INFO] [Thread-1 (_run_server)] [cli_server/cli_server.py:212]: CLI server started v1.1.4
2025-12-23 20:53:22,891 [INFO] [MainThread] [cli_server/cli_server.py:104]: Log pipe server started
2025-12-23 20:53:22,891 [INFO] [MainThread] [root/main.py:45]: Waiting for previous YASB instance to exit...
2025-12-23 20:53:22,947 [INFO] [MainThread] [root/bar_manager.py:92]: Stopping WindowsNotificationEventListener...
2025-12-23 20:53:22,947 [INFO] [MainThread] [root/bar_manager.py:92]: Stopping SystemEventListener...
2025-12-23 20:53:22,947 [INFO] [MainThread] [core.utils.widgets.taskbar.window_manager/window_manager.py:218]: TaskbarWindowManager stopped
2025-12-23 20:53:22,949 [DEBUG] [MainThread] [systray_widget/systray.py:504]: Saving state to disk
2025-12-23 20:53:22,949 [DEBUG] [MainThread] [systray_widget/systray.py:508]: Saving state to C:\Users\ratta\AppData\Local\YASB\systray_state_INCG27Q30UMB6CBWL.json
2025-12-23 20:53:22,950 [DEBUG] [MainThread] [systray_widget/utils.py:96]: Destroying window 791098
2025-12-23 20:53:22,950 [DEBUG] [MainThread] [systray_widget/systray.py:504]: Saving state to disk
2025-12-23 20:53:22,951 [DEBUG] [MainThread] [systray_widget/systray.py:508]: Saving state to C:\Users\ratta\AppData\Local\YASB\systray_state_EKLTDLU28R55H4ZMB00043.json
2025-12-23 20:53:22,952 [DEBUG] [MainThread] [systray_widget/utils.py:96]: Destroying window 791098
2025-12-23 20:53:22,984 [DEBUG] [MainThread] [qasync._windows._EventPoller/_windows.py:220]: Stopping worker thread...
2025-12-23 20:53:22,986 [DEBUG] [Dummy-5] [qasync._windows._EventWorker/_windows.py:204]: Exiting thread
2025-12-23 20:53:23,001 [DEBUG] [MainThread] [qasync._windows._IocpProactor/_windows.py:78]: Closing
2025-12-23 20:53:23,119 [DEBUG] [MainThread] [systray_widget/utils.py:96]: Destroying window 791098
2025-12-23 20:53:23,142 [INFO] [MainThread] [root/main.py:71]: Previous instance exited, continuing startup.
2025-12-23 20:53:23,427 [ERROR] [MainThread] [root/weather.py:60]: API key or location is missing. Please provide a valid API key and location.
2025-12-23 20:53:23,686 [INFO] [MainThread] [root/service.py:48]: AudioOutputService starting...
2025-12-23 20:53:24,185 [DEBUG] [MainThread] [root/pin_manager.py:163]: Loaded 0 pinned apps from C:\Users\ratta\AppData\Local\YASB\taskbar_pinned.json
2025-12-23 20:53:24,431 [INFO] [MainThread] [core.utils.widgets.taskbar.window_manager/window_manager.py:191]: TaskbarWindowManager is starting...
2025-12-23 20:53:24,469 [ERROR] [MainThread] [root/weather.py:60]: API key or location is missing. Please provide a valid API key and location.
2025-12-23 20:53:24,957 [INFO] [MainThread] [root/bar_manager.py:85]: Starting SystemEventListener...
2025-12-23 20:53:24,957 [INFO] [MainThread] [root/bar_manager.py:85]: Starting WindowsNotificationEventListener...
2025-12-23 20:53:24,958 [INFO] [MainThread] [root/watcher.py:54]: Created file watcher for path C:\Users\ratta\.config\yasb
2025-12-23 20:53:24,992 [INFO] [MainThread] [root/update_service.py:409]: Background update checker started
2025-12-23 20:53:24,992 [DEBUG] [MainThread] [qasync._windows._EventPoller/_windows.py:215]: Starting (proactor: <_IocpProactor overlapped#=0 result#=0>)...
2025-12-23 20:53:24,993 [DEBUG] [Dummy-5] [qasync._windows._EventWorker/_windows.py:195]: Thread started
2025-12-23 20:53:24,995 [DEBUG] [MainThread] [systray_widget/systray.py:526]: Loading state from C:\Users\ratta\AppData\Local\YASB\systray_state_INCG27Q30UMB6CBWL.json
2025-12-23 20:53:24,997 [DEBUG] [SystrayMonitor] [systray_widget/systray.py:57]: Systray thread is starting...
2025-12-23 20:53:24,999 [DEBUG] [MainThread] [systray_widget/systray.py:526]: Loading state from C:\Users\ratta\AppData\Local\YASB\systray_state_EKLTDLU28R55H4ZMB00043.json
2025-12-23 20:53:25,024 [DEBUG] [MainThread] [systray_widget/systray.py:277]: Systray thread started
2025-12-23 20:53:25,226 [DEBUG] [SystrayMonitor] [systray_widget/systray_monitor.py:164]: Adding TaskbandHWND prop to hwnd 856668
2025-12-23 20:53:25,226 [DEBUG] [SystrayMonitor] [systray_widget/systray_monitor.py:242]: Finding real tray hwnd
2025-12-23 20:53:25,235 [DEBUG] [MainThread] [systray_widget/systray_monitor.py:157]: Sending TaskbarCreated message: 49339
2025-12-23 20:53:40,258 [INFO] [MainThread] [root/controller.py:15]: Reloading Application because of config change.
2025-12-23 20:53:40,365 [INFO] [MainThread] [cli_server/cli_server.py:112]: Log pipe server stopped
2025-12-23 20:53:40,365 [DEBUG] [MainThread] [cli_server/cli_server.py:206]: CLI server stopped
2025-12-23 20:53:40,369 [INFO] [MainThread] [root/bar_manager.py:76]: Successfully loaded updated config and re-initialised all bars.
2025-12-23 20:53:40,625 [INFO] [MainThread] [root/log.py:69]: YASB v1.8.6
2025-12-23 20:53:40,625 [INFO] [Thread-1 (_run_server)] [cli_server/cli_server.py:212]: CLI server started v1.1.4
2025-12-23 20:53:40,625 [INFO] [MainThread] [cli_server/cli_server.py:104]: Log pipe server started
2025-12-23 20:53:40,626 [INFO] [MainThread] [root/main.py:45]: Waiting for previous YASB instance to exit...
2025-12-23 20:53:40,687 [INFO] [MainThread] [root/bar_manager.py:92]: Stopping SystemEventListener...
2025-12-23 20:53:40,688 [INFO] [MainThread] [root/bar_manager.py:92]: Stopping WindowsNotificationEventListener...
2025-12-23 20:53:40,688 [INFO] [MainThread] [core.utils.widgets.taskbar.window_manager/window_manager.py:218]: TaskbarWindowManager stopped
2025-12-23 20:53:40,689 [DEBUG] [MainThread] [systray_widget/systray.py:504]: Saving state to disk
2025-12-23 20:53:40,689 [DEBUG] [MainThread] [systray_widget/systray.py:508]: Saving state to C:\Users\ratta\AppData\Local\YASB\systray_state_INCG27Q30UMB6CBWL.json
2025-12-23 20:53:40,690 [DEBUG] [MainThread] [systray_widget/utils.py:96]: Destroying window 856668
2025-12-23 20:53:40,690 [DEBUG] [MainThread] [systray_widget/systray.py:504]: Saving state to disk
2025-12-23 20:53:40,691 [DEBUG] [MainThread] [systray_widget/systray.py:508]: Saving state to C:\Users\ratta\AppData\Local\YASB\systray_state_EKLTDLU28R55H4ZMB00043.json
2025-12-23 20:53:40,691 [DEBUG] [MainThread] [systray_widget/utils.py:96]: Destroying window 856668
2025-12-23 20:53:40,716 [DEBUG] [MainThread] [qasync._windows._EventPoller/_windows.py:220]: Stopping worker thread...
2025-12-23 20:53:40,721 [DEBUG] [Dummy-5] [qasync._windows._EventWorker/_windows.py:204]: Exiting thread
2025-12-23 20:53:40,735 [DEBUG] [MainThread] [qasync._windows._IocpProactor/_windows.py:78]: Closing
2025-12-23 20:53:40,890 [DEBUG] [MainThread] [systray_widget/utils.py:96]: Destroying window 856668
2025-12-23 20:53:41,126 [INFO] [MainThread] [root/main.py:71]: Previous instance exited, continuing startup.
2025-12-23 20:53:41,389 [ERROR] [MainThread] [root/weather.py:60]: API key or location is missing. Please provide a valid API key and location.
2025-12-23 20:53:41,595 [INFO] [MainThread] [root/service.py:48]: AudioOutputService starting...
2025-12-23 20:53:42,078 [DEBUG] [MainThread] [root/pin_manager.py:163]: Loaded 0 pinned apps from C:\Users\ratta\AppData\Local\YASB\taskbar_pinned.json
2025-12-23 20:53:42,337 [INFO] [MainThread] [core.utils.widgets.taskbar.window_manager/window_manager.py:191]: TaskbarWindowManager is starting...
2025-12-23 20:53:42,373 [ERROR] [MainThread] [root/weather.py:60]: API key or location is missing. Please provide a valid API key and location.
2025-12-23 20:53:42,390 [WARNING] [MainThread] [root/widget_builder.py:37]: Ignoring construction of invalid widget 'wallpapers'
2025-12-23 20:53:42,809 [INFO] [MainThread] [root/bar_manager.py:85]: Starting SystemEventListener...
2025-12-23 20:53:42,810 [INFO] [MainThread] [root/bar_manager.py:85]: Starting WindowsNotificationEventListener...
2025-12-23 20:53:42,810 [ERROR] [MainThread] [root/widget_builder.py:100]: Failed to validate widget(s) due to invalid options  - wallpapers
      gallery:
      - image_width:
        - min value is 32
      
2025-12-23 20:53:42,823 [INFO] [MainThread] [root/watcher.py:54]: Created file watcher for path C:\Users\ratta\.config\yasb
2025-12-23 20:53:42,852 [INFO] [MainThread] [root/update_service.py:409]: Background update checker started
2025-12-23 20:53:42,852 [DEBUG] [MainThread] [qasync._windows._EventPoller/_windows.py:215]: Starting (proactor: <_IocpProactor overlapped#=0 result#=0>)...
2025-12-23 20:53:42,853 [DEBUG] [Dummy-5] [qasync._windows._EventWorker/_windows.py:195]: Thread started
2025-12-23 20:53:42,854 [DEBUG] [MainThread] [systray_widget/systray.py:526]: Loading state from C:\Users\ratta\AppData\Local\YASB\systray_state_INCG27Q30UMB6CBWL.json
2025-12-23 20:53:42,856 [DEBUG] [SystrayMonitor] [systray_widget/systray.py:57]: Systray thread is starting...
2025-12-23 20:53:42,857 [DEBUG] [MainThread] [systray_widget/systray.py:526]: Loading state from C:\Users\ratta\AppData\Local\YASB\systray_state_EKLTDLU28R55H4ZMB00043.json
2025-12-23 20:53:42,882 [DEBUG] [MainThread] [systray_widget/systray.py:277]: Systray thread started
2025-12-23 20:53:43,048 [DEBUG] [SystrayMonitor] [systray_widget/systray_monitor.py:242]: Finding real tray hwnd
2025-12-23 20:53:43,090 [DEBUG] [SystrayMonitor] [systray_widget/systray_monitor.py:164]: Adding TaskbandHWND prop to hwnd 8263084
2025-12-23 20:53:43,103 [DEBUG] [MainThread] [systray_widget/systray_monitor.py:157]: Sending TaskbarCreated message: 49339
2025-12-23 20:53:46,813 [INFO] [MainThread] [root/controller.py:15]: Reloading Application because of config change.
2025-12-23 20:53:46,914 [INFO] [MainThread] [cli_server/cli_server.py:112]: Log pipe server stopped
2025-12-23 20:53:46,914 [DEBUG] [MainThread] [cli_server/cli_server.py:206]: CLI server stopped
2025-12-23 20:53:46,918 [INFO] [MainThread] [root/bar_manager.py:76]: Successfully loaded updated config and re-initialised all bars.
2025-12-23 20:53:47,177 [INFO] [MainThread] [root/log.py:69]: YASB v1.8.6
2025-12-23 20:53:47,177 [INFO] [Thread-1 (_run_server)] [cli_server/cli_server.py:212]: CLI server started v1.1.4
2025-12-23 20:53:47,177 [INFO] [MainThread] [cli_server/cli_server.py:104]: Log pipe server started
2025-12-23 20:53:47,177 [INFO] [MainThread] [root/main.py:45]: Waiting for previous YASB instance to exit...
2025-12-23 20:53:47,224 [INFO] [MainThread] [root/bar_manager.py:92]: Stopping SystemEventListener...
2025-12-23 20:53:47,225 [INFO] [MainThread] [root/bar_manager.py:92]: Stopping WindowsNotificationEventListener...
2025-12-23 20:53:47,225 [INFO] [MainThread] [core.utils.widgets.taskbar.window_manager/window_manager.py:218]: TaskbarWindowManager stopped
2025-12-23 20:53:47,226 [DEBUG] [MainThread] [systray_widget/systray.py:504]: Saving state to disk
2025-12-23 20:53:47,226 [DEBUG] [MainThread] [systray_widget/systray.py:508]: Saving state to C:\Users\ratta\AppData\Local\YASB\systray_state_INCG27Q30UMB6CBWL.json
2025-12-23 20:53:47,227 [DEBUG] [MainThread] [systray_widget/utils.py:96]: Destroying window 8263084
2025-12-23 20:53:47,228 [DEBUG] [MainThread] [systray_widget/systray.py:504]: Saving state to disk
2025-12-23 20:53:47,228 [DEBUG] [MainThread] [systray_widget/systray.py:508]: Saving state to C:\Users\ratta\AppData\Local\YASB\systray_state_EKLTDLU28R55H4ZMB00043.json
2025-12-23 20:53:47,229 [DEBUG] [MainThread] [systray_widget/utils.py:96]: Destroying window 8263084
2025-12-23 20:53:47,255 [DEBUG] [MainThread] [qasync._windows._EventPoller/_windows.py:220]: Stopping worker thread...
2025-12-23 20:53:47,256 [DEBUG] [Dummy-5] [qasync._windows._EventWorker/_windows.py:204]: Exiting thread
2025-12-23 20:53:47,269 [DEBUG] [MainThread] [qasync._windows._IocpProactor/_windows.py:78]: Closing
2025-12-23 20:53:47,339 [DEBUG] [MainThread] [systray_widget/utils.py:96]: Destroying window 8263084
2025-12-23 20:53:47,429 [INFO] [MainThread] [root/main.py:71]: Previous instance exited, continuing startup.
2025-12-23 20:53:47,688 [ERROR] [MainThread] [root/weather.py:60]: API key or location is missing. Please provide a valid API key and location.
2025-12-23 20:53:47,904 [INFO] [MainThread] [root/service.py:48]: AudioOutputService starting...
2025-12-23 20:53:48,443 [DEBUG] [MainThread] [root/pin_manager.py:163]: Loaded 0 pinned apps from C:\Users\ratta\AppData\Local\YASB\taskbar_pinned.json
2025-12-23 20:53:48,677 [INFO] [MainThread] [core.utils.widgets.taskbar.window_manager/window_manager.py:191]: TaskbarWindowManager is starting...
2025-12-23 20:53:48,712 [ERROR] [MainThread] [root/weather.py:60]: API key or location is missing. Please provide a valid API key and location.
2025-12-23 20:53:49,191 [INFO] [MainThread] [root/bar_manager.py:85]: Starting SystemEventListener...
2025-12-23 20:53:49,191 [INFO] [MainThread] [root/bar_manager.py:85]: Starting WindowsNotificationEventListener...
2025-12-23 20:53:49,192 [INFO] [MainThread] [root/watcher.py:54]: Created file watcher for path C:\Users\ratta\.config\yasb
2025-12-23 20:53:49,225 [INFO] [MainThread] [root/update_service.py:409]: Background update checker started
2025-12-23 20:53:49,225 [DEBUG] [MainThread] [qasync._windows._EventPoller/_windows.py:215]: Starting (proactor: <_IocpProactor overlapped#=0 result#=0>)...
2025-12-23 20:53:49,227 [DEBUG] [Dummy-5] [qasync._windows._EventWorker/_windows.py:195]: Thread started
2025-12-23 20:53:49,229 [DEBUG] [MainThread] [systray_widget/systray.py:526]: Loading state from C:\Users\ratta\AppData\Local\YASB\systray_state_INCG27Q30UMB6CBWL.json
2025-12-23 20:53:49,230 [DEBUG] [SystrayMonitor] [systray_widget/systray.py:57]: Systray thread is starting...
2025-12-23 20:53:49,232 [DEBUG] [MainThread] [systray_widget/systray.py:526]: Loading state from C:\Users\ratta\AppData\Local\YASB\systray_state_EKLTDLU28R55H4ZMB00043.json
2025-12-23 20:53:49,253 [DEBUG] [MainThread] [systray_widget/systray.py:277]: Systray thread started
2025-12-23 20:53:49,454 [DEBUG] [SystrayMonitor] [systray_widget/systray_monitor.py:164]: Adding TaskbandHWND prop to hwnd 3675264
2025-12-23 20:53:49,454 [DEBUG] [SystrayMonitor] [systray_widget/systray_monitor.py:242]: Finding real tray hwnd
2025-12-23 20:53:49,459 [DEBUG] [MainThread] [systray_widget/systray_monitor.py:157]: Sending TaskbarCreated message: 49339
2025-12-23 20:53:56,327 [INFO] [MainThread] [root/controller.py:15]: Reloading Application because of config change.
2025-12-23 20:53:56,435 [INFO] [MainThread] [cli_server/cli_server.py:112]: Log pipe server stopped
2025-12-23 20:53:56,436 [DEBUG] [MainThread] [cli_server/cli_server.py:206]: CLI server stopped
2025-12-23 20:53:56,439 [INFO] [MainThread] [root/bar_manager.py:76]: Successfully loaded updated config and re-initialised all bars.
2025-12-23 20:53:56,707 [INFO] [MainThread] [root/log.py:69]: YASB v1.8.6
2025-12-23 20:53:56,707 [INFO] [Thread-1 (_run_server)] [cli_server/cli_server.py:212]: CLI server started v1.1.4
2025-12-23 20:53:56,708 [INFO] [MainThread] [cli_server/cli_server.py:104]: Log pipe server started
2025-12-23 20:53:56,708 [INFO] [MainThread] [root/main.py:45]: Waiting for previous YASB instance to exit...
2025-12-23 20:53:56,762 [INFO] [MainThread] [root/bar_manager.py:92]: Stopping SystemEventListener...
2025-12-23 20:53:56,762 [INFO] [MainThread] [root/bar_manager.py:92]: Stopping WindowsNotificationEventListener...
2025-12-23 20:53:56,762 [INFO] [MainThread] [core.utils.widgets.taskbar.window_manager/window_manager.py:218]: TaskbarWindowManager stopped
2025-12-23 20:53:56,763 [DEBUG] [MainThread] [systray_widget/systray.py:504]: Saving state to disk
2025-12-23 20:53:56,764 [DEBUG] [MainThread] [systray_widget/systray.py:508]: Saving state to C:\Users\ratta\AppData\Local\YASB\systray_state_INCG27Q30UMB6CBWL.json
2025-12-23 20:53:56,764 [DEBUG] [MainThread] [systray_widget/utils.py:96]: Destroying window 3675264
2025-12-23 20:53:56,765 [DEBUG] [MainThread] [systray_widget/systray.py:504]: Saving state to disk
2025-12-23 20:53:56,765 [DEBUG] [MainThread] [systray_widget/systray.py:508]: Saving state to C:\Users\ratta\AppData\Local\YASB\systray_state_EKLTDLU28R55H4ZMB00043.json
2025-12-23 20:53:56,766 [DEBUG] [MainThread] [systray_widget/utils.py:96]: Destroying window 3675264
2025-12-23 20:53:56,797 [DEBUG] [MainThread] [qasync._windows._EventPoller/_windows.py:220]: Stopping worker thread...
2025-12-23 20:53:56,809 [DEBUG] [Dummy-5] [qasync._windows._EventWorker/_windows.py:204]: Exiting thread
2025-12-23 20:53:56,824 [DEBUG] [MainThread] [qasync._windows._IocpProactor/_windows.py:78]: Closing
2025-12-23 20:53:56,941 [DEBUG] [MainThread] [systray_widget/utils.py:96]: Destroying window 3675264
2025-12-23 20:53:56,958 [INFO] [MainThread] [root/main.py:71]: Previous instance exited, continuing startup.
2025-12-23 20:53:57,231 [ERROR] [MainThread] [root/weather.py:60]: API key or location is missing. Please provide a valid API key and location.
2025-12-23 20:53:57,500 [INFO] [MainThread] [root/service.py:48]: AudioOutputService starting...
2025-12-23 20:53:58,109 [DEBUG] [MainThread] [root/pin_manager.py:163]: Loaded 0 pinned apps from C:\Users\ratta\AppData\Local\YASB\taskbar_pinned.json
2025-12-23 20:53:58,355 [INFO] [MainThread] [core.utils.widgets.taskbar.window_manager/window_manager.py:191]: TaskbarWindowManager is starting...
2025-12-23 20:53:58,393 [ERROR] [MainThread] [root/weather.py:60]: API key or location is missing. Please provide a valid API key and location.
2025-12-23 20:53:58,829 [INFO] [MainThread] [root/bar_manager.py:85]: Starting WindowsNotificationEventListener...
2025-12-23 20:53:58,830 [INFO] [MainThread] [root/bar_manager.py:85]: Starting SystemEventListener...
2025-12-23 20:53:58,830 [INFO] [MainThread] [root/watcher.py:54]: Created file watcher for path C:\Users\ratta\.config\yasb
2025-12-23 20:53:58,864 [INFO] [MainThread] [root/update_service.py:409]: Background update checker started
2025-12-23 20:53:58,865 [DEBUG] [MainThread] [qasync._windows._EventPoller/_windows.py:215]: Starting (proactor: <_IocpProactor overlapped#=0 result#=0>)...
2025-12-23 20:53:58,866 [DEBUG] [Dummy-5] [qasync._windows._EventWorker/_windows.py:195]: Thread started
2025-12-23 20:53:58,869 [DEBUG] [MainThread] [systray_widget/systray.py:526]: Loading state from C:\Users\ratta\AppData\Local\YASB\systray_state_INCG27Q30UMB6CBWL.json
2025-12-23 20:53:58,870 [DEBUG] [SystrayMonitor] [systray_widget/systray.py:57]: Systray thread is starting...
2025-12-23 20:53:58,872 [DEBUG] [MainThread] [systray_widget/systray.py:526]: Loading state from C:\Users\ratta\AppData\Local\YASB\systray_state_EKLTDLU28R55H4ZMB00043.json
2025-12-23 20:53:58,917 [DEBUG] [MainThread] [systray_widget/systray.py:277]: Systray thread started
2025-12-23 20:53:59,120 [DEBUG] [SystrayMonitor] [systray_widget/systray_monitor.py:164]: Adding TaskbandHWND prop to hwnd 1380966
2025-12-23 20:53:59,121 [DEBUG] [SystrayMonitor] [systray_widget/systray_monitor.py:242]: Finding real tray hwnd
2025-12-23 20:53:59,127 [DEBUG] [MainThread] [systray_widget/systray_monitor.py:157]: Sending TaskbarCreated message: 49339
2025-12-23 20:54:58,910 [INFO] [MainThread] [root/controller.py:15]: Reloading Application because of config change.
2025-12-23 20:54:59,025 [INFO] [MainThread] [cli_server/cli_server.py:112]: Log pipe server stopped
2025-12-23 20:54:59,025 [DEBUG] [MainThread] [cli_server/cli_server.py:206]: CLI server stopped
2025-12-23 20:54:59,029 [INFO] [MainThread] [root/bar_manager.py:76]: Successfully loaded updated config and re-initialised all bars.
2025-12-23 20:54:59,275 [INFO] [MainThread] [root/log.py:69]: YASB v1.8.6
2025-12-23 20:54:59,276 [INFO] [Thread-1 (_run_server)] [cli_server/cli_server.py:212]: CLI server started v1.1.4
2025-12-23 20:54:59,276 [INFO] [MainThread] [cli_server/cli_server.py:104]: Log pipe server started
2025-12-23 20:54:59,276 [INFO] [MainThread] [root/main.py:45]: Waiting for previous YASB instance to exit...
2025-12-23 20:54:59,335 [INFO] [MainThread] [root/bar_manager.py:92]: Stopping WindowsNotificationEventListener...
2025-12-23 20:54:59,335 [INFO] [MainThread] [root/bar_manager.py:92]: Stopping SystemEventListener...
2025-12-23 20:54:59,335 [INFO] [MainThread] [core.utils.widgets.taskbar.window_manager/window_manager.py:218]: TaskbarWindowManager stopped
2025-12-23 20:54:59,336 [DEBUG] [MainThread] [systray_widget/systray.py:504]: Saving state to disk
2025-12-23 20:54:59,336 [DEBUG] [MainThread] [systray_widget/systray.py:508]: Saving state to C:\Users\ratta\AppData\Local\YASB\systray_state_INCG27Q30UMB6CBWL.json
2025-12-23 20:54:59,336 [DEBUG] [MainThread] [systray_widget/utils.py:96]: Destroying window 1380966
2025-12-23 20:54:59,337 [DEBUG] [MainThread] [systray_widget/systray.py:504]: Saving state to disk
2025-12-23 20:54:59,337 [DEBUG] [MainThread] [systray_widget/systray.py:508]: Saving state to C:\Users\ratta\AppData\Local\YASB\systray_state_EKLTDLU28R55H4ZMB00043.json
2025-12-23 20:54:59,338 [DEBUG] [MainThread] [systray_widget/utils.py:96]: Destroying window 1380966
2025-12-23 20:54:59,351 [DEBUG] [MainThread] [qasync._windows._EventPoller/_windows.py:220]: Stopping worker thread...
2025-12-23 20:54:59,352 [DEBUG] [Dummy-5] [qasync._windows._EventWorker/_windows.py:204]: Exiting thread
2025-12-23 20:54:59,366 [DEBUG] [MainThread] [qasync._windows._IocpProactor/_windows.py:78]: Closing
2025-12-23 20:54:59,489 [DEBUG] [MainThread] [systray_widget/utils.py:96]: Destroying window 1380966
2025-12-23 20:54:59,527 [INFO] [MainThread] [root/main.py:71]: Previous instance exited, continuing startup.
2025-12-23 20:54:59,791 [ERROR] [MainThread] [root/weather.py:60]: API key or location is missing. Please provide a valid API key and location.
2025-12-23 20:55:00,037 [INFO] [MainThread] [root/service.py:48]: AudioOutputService starting...
2025-12-23 20:55:00,530 [DEBUG] [MainThread] [root/pin_manager.py:163]: Loaded 0 pinned apps from C:\Users\ratta\AppData\Local\YASB\taskbar_pinned.json
2025-12-23 20:55:00,749 [INFO] [MainThread] [core.utils.widgets.taskbar.window_manager/window_manager.py:191]: TaskbarWindowManager is starting...
2025-12-23 20:55:00,785 [ERROR] [MainThread] [root/weather.py:60]: API key or location is missing. Please provide a valid API key and location.
2025-12-23 20:55:01,253 [INFO] [MainThread] [root/bar_manager.py:85]: Starting WindowsNotificationEventListener...
2025-12-23 20:55:01,254 [INFO] [MainThread] [root/bar_manager.py:85]: Starting SystemEventListener...
2025-12-23 20:55:01,254 [INFO] [MainThread] [root/watcher.py:54]: Created file watcher for path C:\Users\ratta\.config\yasb
2025-12-23 20:55:01,286 [INFO] [MainThread] [root/update_service.py:409]: Background update checker started
2025-12-23 20:55:01,286 [DEBUG] [MainThread] [qasync._windows._EventPoller/_windows.py:215]: Starting (proactor: <_IocpProactor overlapped#=0 result#=0>)...
2025-12-23 20:55:01,288 [DEBUG] [Dummy-5] [qasync._windows._EventWorker/_windows.py:195]: Thread started
2025-12-23 20:55:01,290 [DEBUG] [MainThread] [systray_widget/systray.py:526]: Loading state from C:\Users\ratta\AppData\Local\YASB\systray_state_INCG27Q30UMB6CBWL.json
2025-12-23 20:55:01,291 [DEBUG] [SystrayMonitor] [systray_widget/systray.py:57]: Systray thread is starting...
2025-12-23 20:55:01,293 [DEBUG] [MainThread] [systray_widget/systray.py:526]: Loading state from C:\Users\ratta\AppData\Local\YASB\systray_state_EKLTDLU28R55H4ZMB00043.json
2025-12-23 20:55:01,313 [DEBUG] [MainThread] [systray_widget/systray.py:277]: Systray thread started
2025-12-23 20:55:01,516 [DEBUG] [SystrayMonitor] [systray_widget/systray_monitor.py:164]: Adding TaskbandHWND prop to hwnd 1446502
2025-12-23 20:55:01,518 [DEBUG] [SystrayMonitor] [systray_widget/systray_monitor.py:242]: Finding real tray hwnd
2025-12-23 20:55:01,523 [DEBUG] [MainThread] [systray_widget/systray_monitor.py:157]: Sending TaskbarCreated message: 49339
2025-12-23 20:55:56,788 [INFO] [MainThread] [root/controller.py:15]: Reloading Application because of config change.
2025-12-23 20:55:56,900 [INFO] [MainThread] [cli_server/cli_server.py:112]: Log pipe server stopped
2025-12-23 20:55:56,900 [DEBUG] [MainThread] [cli_server/cli_server.py:206]: CLI server stopped
2025-12-23 20:55:56,905 [INFO] [MainThread] [root/bar_manager.py:76]: Successfully loaded updated config and re-initialised all bars.
2025-12-23 20:55:57,173 [INFO] [MainThread] [root/log.py:69]: YASB v1.8.6
2025-12-23 20:55:57,173 [INFO] [Thread-1 (_run_server)] [cli_server/cli_server.py:212]: CLI server started v1.1.4
2025-12-23 20:55:57,173 [INFO] [MainThread] [cli_server/cli_server.py:104]: Log pipe server started
2025-12-23 20:55:57,173 [INFO] [MainThread] [root/main.py:45]: Waiting for previous YASB instance to exit...
2025-12-23 20:55:57,210 [INFO] [MainThread] [root/bar_manager.py:92]: Stopping WindowsNotificationEventListener...
2025-12-23 20:55:57,210 [INFO] [MainThread] [root/bar_manager.py:92]: Stopping SystemEventListener...
2025-12-23 20:55:57,210 [INFO] [MainThread] [core.utils.widgets.taskbar.window_manager/window_manager.py:218]: TaskbarWindowManager stopped
2025-12-23 20:55:57,212 [DEBUG] [MainThread] [systray_widget/systray.py:504]: Saving state to disk
2025-12-23 20:55:57,213 [DEBUG] [MainThread] [systray_widget/systray.py:508]: Saving state to C:\Users\ratta\AppData\Local\YASB\systray_state_INCG27Q30UMB6CBWL.json
2025-12-23 20:55:57,213 [DEBUG] [MainThread] [systray_widget/utils.py:96]: Destroying window 1446502
2025-12-23 20:55:57,214 [DEBUG] [MainThread] [systray_widget/systray.py:504]: Saving state to disk
2025-12-23 20:55:57,214 [DEBUG] [MainThread] [systray_widget/systray.py:508]: Saving state to C:\Users\ratta\AppData\Local\YASB\systray_state_EKLTDLU28R55H4ZMB00043.json
2025-12-23 20:55:57,215 [DEBUG] [MainThread] [systray_widget/utils.py:96]: Destroying window 1446502
2025-12-23 20:55:57,243 [DEBUG] [MainThread] [qasync._windows._EventPoller/_windows.py:220]: Stopping worker thread...
2025-12-23 20:55:57,257 [DEBUG] [Dummy-5] [qasync._windows._EventWorker/_windows.py:204]: Exiting thread
2025-12-23 20:55:57,268 [DEBUG] [MainThread] [qasync._windows._IocpProactor/_windows.py:78]: Closing
2025-12-23 20:55:57,372 [DEBUG] [MainThread] [systray_widget/utils.py:96]: Destroying window 1446502
2025-12-23 20:55:57,424 [INFO] [MainThread] [root/main.py:71]: Previous instance exited, continuing startup.
2025-12-23 20:55:57,729 [ERROR] [MainThread] [root/weather.py:60]: API key or location is missing. Please provide a valid API key and location.
2025-12-23 20:55:57,981 [INFO] [MainThread] [root/service.py:48]: AudioOutputService starting...
2025-12-23 20:55:58,568 [DEBUG] [MainThread] [root/pin_manager.py:163]: Loaded 0 pinned apps from C:\Users\ratta\AppData\Local\YASB\taskbar_pinned.json
2025-12-23 20:55:58,996 [INFO] [MainThread] [core.utils.widgets.taskbar.window_manager/window_manager.py:191]: TaskbarWindowManager is starting...
2025-12-23 20:55:59,032 [ERROR] [MainThread] [root/weather.py:60]: API key or location is missing. Please provide a valid API key and location.
2025-12-23 20:55:59,539 [INFO] [MainThread] [root/bar_manager.py:85]: Starting SystemEventListener...
2025-12-23 20:55:59,540 [INFO] [MainThread] [root/bar_manager.py:85]: Starting WindowsNotificationEventListener...
2025-12-23 20:55:59,540 [INFO] [MainThread] [root/watcher.py:54]: Created file watcher for path C:\Users\ratta\.config\yasb
2025-12-23 20:55:59,574 [INFO] [MainThread] [root/update_service.py:409]: Background update checker started
2025-12-23 20:55:59,575 [DEBUG] [MainThread] [qasync._windows._EventPoller/_windows.py:215]: Starting (proactor: <_IocpProactor overlapped#=0 result#=0>)...
2025-12-23 20:55:59,576 [DEBUG] [Dummy-5] [qasync._windows._EventWorker/_windows.py:195]: Thread started
2025-12-23 20:55:59,578 [DEBUG] [MainThread] [systray_widget/systray.py:526]: Loading state from C:\Users\ratta\AppData\Local\YASB\systray_state_INCG27Q30UMB6CBWL.json
2025-12-23 20:55:59,579 [DEBUG] [SystrayMonitor] [systray_widget/systray.py:57]: Systray thread is starting...
2025-12-23 20:55:59,581 [DEBUG] [MainThread] [systray_widget/systray.py:526]: Loading state from C:\Users\ratta\AppData\Local\YASB\systray_state_EKLTDLU28R55H4ZMB00043.json
2025-12-23 20:55:59,603 [DEBUG] [MainThread] [systray_widget/systray.py:277]: Systray thread started
2025-12-23 20:55:59,804 [DEBUG] [SystrayMonitor] [systray_widget/systray_monitor.py:164]: Adding TaskbandHWND prop to hwnd 1839934
2025-12-23 20:55:59,805 [DEBUG] [SystrayMonitor] [systray_widget/systray_monitor.py:242]: Finding real tray hwnd
2025-12-23 20:55:59,811 [DEBUG] [MainThread] [systray_widget/systray_monitor.py:157]: Sending TaskbarCreated message: 49339
2025-12-23 20:56:16,214 [INFO] [MainThread] [root/controller.py:15]: Reloading Application because of config change.
2025-12-23 20:56:16,316 [INFO] [MainThread] [cli_server/cli_server.py:112]: Log pipe server stopped
2025-12-23 20:56:16,316 [DEBUG] [MainThread] [cli_server/cli_server.py:206]: CLI server stopped
2025-12-23 20:56:16,320 [INFO] [MainThread] [root/bar_manager.py:76]: Successfully loaded updated config and re-initialised all bars.
2025-12-23 20:56:16,582 [INFO] [MainThread] [root/log.py:69]: YASB v1.8.6
2025-12-23 20:56:16,582 [INFO] [Thread-1 (_run_server)] [cli_server/cli_server.py:212]: CLI server started v1.1.4
2025-12-23 20:56:16,582 [INFO] [MainThread] [cli_server/cli_server.py:104]: Log pipe server started
2025-12-23 20:56:16,582 [INFO] [MainThread] [root/main.py:45]: Waiting for previous YASB instance to exit...
2025-12-23 20:56:16,618 [INFO] [MainThread] [root/bar_manager.py:92]: Stopping SystemEventListener...
2025-12-23 20:56:16,618 [INFO] [MainThread] [root/bar_manager.py:92]: Stopping WindowsNotificationEventListener...
2025-12-23 20:56:16,618 [INFO] [MainThread] [core.utils.widgets.taskbar.window_manager/window_manager.py:218]: TaskbarWindowManager stopped
2025-12-23 20:56:16,619 [DEBUG] [MainThread] [systray_widget/systray.py:504]: Saving state to disk
2025-12-23 20:56:16,620 [DEBUG] [MainThread] [systray_widget/systray.py:508]: Saving state to C:\Users\ratta\AppData\Local\YASB\systray_state_INCG27Q30UMB6CBWL.json
2025-12-23 20:56:16,621 [DEBUG] [MainThread] [systray_widget/utils.py:96]: Destroying window 1839934
2025-12-23 20:56:16,621 [DEBUG] [MainThread] [systray_widget/systray.py:504]: Saving state to disk
2025-12-23 20:56:16,621 [DEBUG] [MainThread] [systray_widget/systray.py:508]: Saving state to C:\Users\ratta\AppData\Local\YASB\systray_state_EKLTDLU28R55H4ZMB00043.json
2025-12-23 20:56:16,622 [DEBUG] [MainThread] [systray_widget/utils.py:96]: Destroying window 1839934
2025-12-23 20:56:16,669 [DEBUG] [MainThread] [qasync._windows._EventPoller/_windows.py:220]: Stopping worker thread...
2025-12-23 20:56:16,679 [DEBUG] [Dummy-5] [qasync._windows._EventWorker/_windows.py:204]: Exiting thread
2025-12-23 20:56:16,693 [DEBUG] [MainThread] [qasync._windows._IocpProactor/_windows.py:78]: Closing
2025-12-23 20:56:16,828 [DEBUG] [MainThread] [systray_widget/utils.py:96]: Destroying window 1839934
2025-12-23 20:56:16,833 [INFO] [MainThread] [root/main.py:71]: Previous instance exited, continuing startup.
2025-12-23 20:56:17,093 [ERROR] [MainThread] [root/weather.py:60]: API key or location is missing. Please provide a valid API key and location.
2025-12-23 20:56:17,334 [INFO] [MainThread] [root/service.py:48]: AudioOutputService starting...
2025-12-23 20:56:17,809 [DEBUG] [MainThread] [root/pin_manager.py:163]: Loaded 0 pinned apps from C:\Users\ratta\AppData\Local\YASB\taskbar_pinned.json
2025-12-23 20:56:18,038 [INFO] [MainThread] [core.utils.widgets.taskbar.window_manager/window_manager.py:191]: TaskbarWindowManager is starting...
2025-12-23 20:56:18,075 [ERROR] [MainThread] [root/weather.py:60]: API key or location is missing. Please provide a valid API key and location.
2025-12-23 20:56:18,485 [INFO] [MainThread] [root/bar_manager.py:85]: Starting SystemEventListener...
2025-12-23 20:56:18,485 [INFO] [MainThread] [root/bar_manager.py:85]: Starting WindowsNotificationEventListener...
2025-12-23 20:56:18,486 [INFO] [MainThread] [root/watcher.py:54]: Created file watcher for path C:\Users\ratta\.config\yasb
2025-12-23 20:56:18,519 [INFO] [MainThread] [root/update_service.py:409]: Background update checker started
2025-12-23 20:56:18,519 [DEBUG] [MainThread] [qasync._windows._EventPoller/_windows.py:215]: Starting (proactor: <_IocpProactor overlapped#=0 result#=0>)...
2025-12-23 20:56:18,521 [DEBUG] [Dummy-5] [qasync._windows._EventWorker/_windows.py:195]: Thread started
2025-12-23 20:56:18,522 [DEBUG] [MainThread] [systray_widget/systray.py:526]: Loading state from C:\Users\ratta\AppData\Local\YASB\systray_state_INCG27Q30UMB6CBWL.json
2025-12-23 20:56:18,524 [DEBUG] [SystrayMonitor] [systray_widget/systray.py:57]: Systray thread is starting...
2025-12-23 20:56:18,526 [DEBUG] [MainThread] [systray_widget/systray.py:526]: Loading state from C:\Users\ratta\AppData\Local\YASB\systray_state_EKLTDLU28R55H4ZMB00043.json
2025-12-23 20:56:18,546 [DEBUG] [MainThread] [systray_widget/systray.py:277]: Systray thread started
2025-12-23 20:56:18,742 [DEBUG] [SystrayMonitor] [systray_widget/systray_monitor.py:242]: Finding real tray hwnd
2025-12-23 20:56:18,748 [DEBUG] [SystrayMonitor] [systray_widget/systray_monitor.py:164]: Adding TaskbandHWND prop to hwnd 1184194
2025-12-23 20:56:18,755 [DEBUG] [MainThread] [systray_widget/systray_monitor.py:157]: Sending TaskbarCreated message: 49339
2025-12-23 20:56:27,644 [INFO] [MainThread] [root/controller.py:15]: Reloading Application because of config change.
2025-12-23 20:56:27,745 [INFO] [MainThread] [cli_server/cli_server.py:112]: Log pipe server stopped
2025-12-23 20:56:27,745 [DEBUG] [MainThread] [cli_server/cli_server.py:206]: CLI server stopped
2025-12-23 20:56:27,749 [INFO] [MainThread] [root/bar_manager.py:76]: Successfully loaded updated config and re-initialised all bars.
2025-12-23 20:56:28,019 [INFO] [MainThread] [root/log.py:69]: YASB v1.8.6
2025-12-23 20:56:28,019 [INFO] [Thread-1 (_run_server)] [cli_server/cli_server.py:212]: CLI server started v1.1.4
2025-12-23 20:56:28,019 [INFO] [MainThread] [cli_server/cli_server.py:104]: Log pipe server started
2025-12-23 20:56:28,020 [INFO] [MainThread] [root/main.py:45]: Waiting for previous YASB instance to exit...
2025-12-23 20:56:28,052 [INFO] [MainThread] [root/bar_manager.py:92]: Stopping SystemEventListener...
2025-12-23 20:56:28,052 [INFO] [MainThread] [root/bar_manager.py:92]: Stopping WindowsNotificationEventListener...
2025-12-23 20:56:28,053 [INFO] [MainThread] [core.utils.widgets.taskbar.window_manager/window_manager.py:218]: TaskbarWindowManager stopped
2025-12-23 20:56:28,053 [DEBUG] [MainThread] [systray_widget/systray.py:504]: Saving state to disk
2025-12-23 20:56:28,053 [DEBUG] [MainThread] [systray_widget/systray.py:508]: Saving state to C:\Users\ratta\AppData\Local\YASB\systray_state_INCG27Q30UMB6CBWL.json
2025-12-23 20:56:28,054 [DEBUG] [MainThread] [systray_widget/utils.py:96]: Destroying window 1184194
2025-12-23 20:56:28,054 [DEBUG] [MainThread] [systray_widget/systray.py:504]: Saving state to disk
2025-12-23 20:56:28,054 [DEBUG] [MainThread] [systray_widget/systray.py:508]: Saving state to C:\Users\ratta\AppData\Local\YASB\systray_state_EKLTDLU28R55H4ZMB00043.json
2025-12-23 20:56:28,055 [DEBUG] [MainThread] [systray_widget/utils.py:96]: Destroying window 1184194
2025-12-23 20:56:28,079 [DEBUG] [MainThread] [qasync._windows._EventPoller/_windows.py:220]: Stopping worker thread...
2025-12-23 20:56:28,086 [DEBUG] [Dummy-5] [qasync._windows._EventWorker/_windows.py:204]: Exiting thread
2025-12-23 20:56:28,101 [DEBUG] [MainThread] [qasync._windows._IocpProactor/_windows.py:78]: Closing
2025-12-23 20:56:28,214 [DEBUG] [MainThread] [systray_widget/utils.py:96]: Destroying window 1184194
2025-12-23 20:56:28,270 [INFO] [MainThread] [root/main.py:71]: Previous instance exited, continuing startup.
2025-12-23 20:56:28,559 [ERROR] [MainThread] [root/weather.py:60]: API key or location is missing. Please provide a valid API key and location.
2025-12-23 20:56:28,792 [INFO] [MainThread] [root/service.py:48]: AudioOutputService starting...
2025-12-23 20:56:29,313 [DEBUG] [MainThread] [root/pin_manager.py:163]: Loaded 0 pinned apps from C:\Users\ratta\AppData\Local\YASB\taskbar_pinned.json
2025-12-23 20:56:29,517 [INFO] [MainThread] [core.utils.widgets.taskbar.window_manager/window_manager.py:191]: TaskbarWindowManager is starting...
2025-12-23 20:56:29,554 [ERROR] [MainThread] [root/weather.py:60]: API key or location is missing. Please provide a valid API key and location.
2025-12-23 20:56:29,974 [INFO] [MainThread] [root/bar_manager.py:85]: Starting SystemEventListener...
2025-12-23 20:56:29,974 [INFO] [MainThread] [root/bar_manager.py:85]: Starting WindowsNotificationEventListener...
2025-12-23 20:56:29,975 [INFO] [MainThread] [root/watcher.py:54]: Created file watcher for path C:\Users\ratta\.config\yasb
2025-12-23 20:56:30,008 [INFO] [MainThread] [root/update_service.py:409]: Background update checker started
2025-12-23 20:56:30,008 [DEBUG] [MainThread] [qasync._windows._EventPoller/_windows.py:215]: Starting (proactor: <_IocpProactor overlapped#=0 result#=0>)...
2025-12-23 20:56:30,009 [DEBUG] [Dummy-5] [qasync._windows._EventWorker/_windows.py:195]: Thread started
2025-12-23 20:56:30,011 [DEBUG] [MainThread] [systray_widget/systray.py:526]: Loading state from C:\Users\ratta\AppData\Local\YASB\systray_state_INCG27Q30UMB6CBWL.json
2025-12-23 20:56:30,013 [DEBUG] [SystrayMonitor] [systray_widget/systray.py:57]: Systray thread is starting...
2025-12-23 20:56:30,014 [DEBUG] [MainThread] [systray_widget/systray.py:526]: Loading state from C:\Users\ratta\AppData\Local\YASB\systray_state_EKLTDLU28R55H4ZMB00043.json
2025-12-23 20:56:30,037 [DEBUG] [MainThread] [systray_widget/systray.py:277]: Systray thread started
2025-12-23 20:56:30,238 [DEBUG] [SystrayMonitor] [systray_widget/systray_monitor.py:164]: Adding TaskbandHWND prop to hwnd 2036568
2025-12-23 20:56:30,239 [DEBUG] [SystrayMonitor] [systray_widget/systray_monitor.py:242]: Finding real tray hwnd
2025-12-23 20:56:30,245 [DEBUG] [MainThread] [systray_widget/systray_monitor.py:157]: Sending TaskbarCreated message: 49339
2025-12-23 20:56:36,600 [INFO] [MainThread] [root/controller.py:15]: Reloading Application because of config change.
2025-12-23 20:56:36,700 [INFO] [MainThread] [cli_server/cli_server.py:112]: Log pipe server stopped
2025-12-23 20:56:36,700 [DEBUG] [MainThread] [cli_server/cli_server.py:206]: CLI server stopped
2025-12-23 20:56:36,704 [INFO] [MainThread] [root/bar_manager.py:76]: Successfully loaded updated config and re-initialised all bars.
2025-12-23 20:56:36,973 [INFO] [MainThread] [root/log.py:69]: YASB v1.8.6
2025-12-23 20:56:36,973 [INFO] [Thread-1 (_run_server)] [cli_server/cli_server.py:212]: CLI server started v1.1.4
2025-12-23 20:56:36,973 [INFO] [MainThread] [cli_server/cli_server.py:104]: Log pipe server started
2025-12-23 20:56:36,973 [INFO] [MainThread] [root/main.py:45]: Waiting for previous YASB instance to exit...
2025-12-23 20:56:37,048 [INFO] [MainThread] [root/bar_manager.py:92]: Stopping SystemEventListener...
2025-12-23 20:56:37,055 [INFO] [MainThread] [root/bar_manager.py:92]: Stopping WindowsNotificationEventListener...
2025-12-23 20:56:37,057 [INFO] [MainThread] [core.utils.widgets.taskbar.window_manager/window_manager.py:218]: TaskbarWindowManager stopped
2025-12-23 20:56:37,058 [DEBUG] [MainThread] [systray_widget/systray.py:504]: Saving state to disk
2025-12-23 20:56:37,059 [DEBUG] [MainThread] [systray_widget/systray.py:508]: Saving state to C:\Users\ratta\AppData\Local\YASB\systray_state_INCG27Q30UMB6CBWL.json
2025-12-23 20:56:37,060 [DEBUG] [MainThread] [systray_widget/utils.py:96]: Destroying window 2036568
2025-12-23 20:56:37,061 [DEBUG] [MainThread] [systray_widget/systray.py:504]: Saving state to disk
2025-12-23 20:56:37,062 [DEBUG] [MainThread] [systray_widget/systray.py:508]: Saving state to C:\Users\ratta\AppData\Local\YASB\systray_state_EKLTDLU28R55H4ZMB00043.json
2025-12-23 20:56:37,062 [DEBUG] [MainThread] [systray_widget/utils.py:96]: Destroying window 2036568
2025-12-23 20:56:37,086 [DEBUG] [MainThread] [qasync._windows._EventPoller/_windows.py:220]: Stopping worker thread...
2025-12-23 20:56:37,093 [DEBUG] [Dummy-5] [qasync._windows._EventWorker/_windows.py:204]: Exiting thread
2025-12-23 20:56:37,104 [DEBUG] [MainThread] [qasync._windows._IocpProactor/_windows.py:78]: Closing
2025-12-23 20:56:37,193 [DEBUG] [MainThread] [systray_widget/utils.py:96]: Destroying window 2036568
2025-12-23 20:56:37,224 [INFO] [MainThread] [root/main.py:71]: Previous instance exited, continuing startup.
2025-12-23 20:56:37,482 [ERROR] [MainThread] [root/weather.py:60]: API key or location is missing. Please provide a valid API key and location.
2025-12-23 20:56:37,728 [INFO] [MainThread] [root/service.py:48]: AudioOutputService starting...
2025-12-23 20:56:38,287 [DEBUG] [MainThread] [root/pin_manager.py:163]: Loaded 0 pinned apps from C:\Users\ratta\AppData\Local\YASB\taskbar_pinned.json
2025-12-23 20:56:38,644 [INFO] [MainThread] [core.utils.widgets.taskbar.window_manager/window_manager.py:191]: TaskbarWindowManager is starting...
2025-12-23 20:56:38,681 [ERROR] [MainThread] [root/weather.py:60]: API key or location is missing. Please provide a valid API key and location.
2025-12-23 20:56:39,123 [INFO] [MainThread] [root/bar_manager.py:85]: Starting WindowsNotificationEventListener...
2025-12-23 20:56:39,134 [INFO] [MainThread] [root/bar_manager.py:85]: Starting SystemEventListener...
2025-12-23 20:56:39,135 [INFO] [MainThread] [root/watcher.py:54]: Created file watcher for path C:\Users\ratta\.config\yasb
2025-12-23 20:56:39,169 [INFO] [MainThread] [root/update_service.py:409]: Background update checker started
2025-12-23 20:56:39,169 [DEBUG] [MainThread] [qasync._windows._EventPoller/_windows.py:215]: Starting (proactor: <_IocpProactor overlapped#=0 result#=0>)...
2025-12-23 20:56:39,170 [DEBUG] [Dummy-5] [qasync._windows._EventWorker/_windows.py:195]: Thread started
2025-12-23 20:56:39,172 [DEBUG] [MainThread] [systray_widget/systray.py:526]: Loading state from C:\Users\ratta\AppData\Local\YASB\systray_state_INCG27Q30UMB6CBWL.json
2025-12-23 20:56:39,174 [DEBUG] [SystrayMonitor] [systray_widget/systray.py:57]: Systray thread is starting...
2025-12-23 20:56:39,175 [DEBUG] [MainThread] [systray_widget/systray.py:526]: Loading state from C:\Users\ratta\AppData\Local\YASB\systray_state_EKLTDLU28R55H4ZMB00043.json
2025-12-23 20:56:39,198 [DEBUG] [MainThread] [systray_widget/systray.py:277]: Systray thread started
2025-12-23 20:56:39,398 [DEBUG] [SystrayMonitor] [systray_widget/systray_monitor.py:164]: Adding TaskbandHWND prop to hwnd 1971126
2025-12-23 20:56:39,399 [DEBUG] [SystrayMonitor] [systray_widget/systray_monitor.py:242]: Finding real tray hwnd
2025-12-23 20:56:39,405 [DEBUG] [MainThread] [systray_widget/systray_monitor.py:157]: Sending TaskbarCreated message: 49339
2025-12-23 21:01:08,746 [INFO] [MainThread] [root/controller.py:15]: Reloading Application from tray...
2025-12-23 21:01:08,861 [INFO] [MainThread] [cli_server/cli_server.py:112]: Log pipe server stopped
2025-12-23 21:01:08,862 [DEBUG] [MainThread] [cli_server/cli_server.py:206]: CLI server stopped
2025-12-23 21:01:09,159 [INFO] [MainThread] [root/log.py:69]: YASB v1.8.6
2025-12-23 21:01:09,160 [INFO] [Thread-1 (_run_server)] [cli_server/cli_server.py:212]: CLI server started v1.1.4
2025-12-23 21:01:09,160 [INFO] [MainThread] [cli_server/cli_server.py:104]: Log pipe server started
2025-12-23 21:01:09,160 [INFO] [MainThread] [root/main.py:45]: Waiting for previous YASB instance to exit...
2025-12-23 21:01:09,239 [INFO] [MainThread] [root/bar_manager.py:92]: Stopping WindowsNotificationEventListener...
2025-12-23 21:01:09,239 [INFO] [MainThread] [root/bar_manager.py:92]: Stopping SystemEventListener...
2025-12-23 21:01:09,240 [INFO] [MainThread] [core.utils.widgets.taskbar.window_manager/window_manager.py:218]: TaskbarWindowManager stopped
2025-12-23 21:01:09,241 [DEBUG] [MainThread] [systray_widget/systray.py:504]: Saving state to disk
2025-12-23 21:01:09,241 [DEBUG] [MainThread] [systray_widget/systray.py:508]: Saving state to C:\Users\ratta\AppData\Local\YASB\systray_state_INCG27Q30UMB6CBWL.json
2025-12-23 21:01:09,242 [DEBUG] [MainThread] [systray_widget/utils.py:96]: Destroying window 1971126
2025-12-23 21:01:09,243 [DEBUG] [MainThread] [systray_widget/systray.py:504]: Saving state to disk
2025-12-23 21:01:09,243 [DEBUG] [MainThread] [systray_widget/systray.py:508]: Saving state to C:\Users\ratta\AppData\Local\YASB\systray_state_EKLTDLU28R55H4ZMB00043.json
2025-12-23 21:01:09,243 [DEBUG] [MainThread] [systray_widget/utils.py:96]: Destroying window 1971126
2025-12-23 21:01:09,275 [DEBUG] [MainThread] [qasync._windows._EventPoller/_windows.py:220]: Stopping worker thread...
2025-12-23 21:01:09,280 [DEBUG] [Dummy-5] [qasync._windows._EventWorker/_windows.py:204]: Exiting thread
2025-12-23 21:01:09,293 [DEBUG] [MainThread] [qasync._windows._IocpProactor/_windows.py:78]: Closing
2025-12-23 21:01:09,408 [DEBUG] [MainThread] [systray_widget/utils.py:96]: Destroying window 1971126
2025-12-23 21:01:09,410 [INFO] [MainThread] [root/main.py:71]: Previous instance exited, continuing startup.
2025-12-23 21:01:09,656 [ERROR] [MainThread] [root/weather.py:60]: API key or location is missing. Please provide a valid API key and location.
2025-12-23 21:01:09,846 [INFO] [MainThread] [root/service.py:48]: AudioOutputService starting...
2025-12-23 21:01:10,432 [DEBUG] [MainThread] [root/pin_manager.py:163]: Loaded 0 pinned apps from C:\Users\ratta\AppData\Local\YASB\taskbar_pinned.json
2025-12-23 21:01:10,718 [INFO] [MainThread] [core.utils.widgets.taskbar.window_manager/window_manager.py:191]: TaskbarWindowManager is starting...
2025-12-23 21:01:10,756 [ERROR] [MainThread] [root/weather.py:60]: API key or location is missing. Please provide a valid API key and location.
2025-12-23 21:01:11,208 [INFO] [MainThread] [root/bar_manager.py:85]: Starting SystemEventListener...
2025-12-23 21:01:11,208 [INFO] [MainThread] [root/bar_manager.py:85]: Starting WindowsNotificationEventListener...
2025-12-23 21:01:11,209 [INFO] [MainThread] [root/watcher.py:54]: Created file watcher for path C:\Users\ratta\.config\yasb
2025-12-23 21:01:11,251 [INFO] [MainThread] [root/update_service.py:409]: Background update checker started
2025-12-23 21:01:11,251 [DEBUG] [MainThread] [qasync._windows._EventPoller/_windows.py:215]: Starting (proactor: <_IocpProactor overlapped#=0 result#=0>)...
2025-12-23 21:01:11,253 [DEBUG] [Dummy-5] [qasync._windows._EventWorker/_windows.py:195]: Thread started
2025-12-23 21:01:11,256 [DEBUG] [MainThread] [systray_widget/systray.py:526]: Loading state from C:\Users\ratta\AppData\Local\YASB\systray_state_INCG27Q30UMB6CBWL.json
2025-12-23 21:01:11,258 [DEBUG] [SystrayMonitor] [systray_widget/systray.py:57]: Systray thread is starting...
2025-12-23 21:01:11,261 [DEBUG] [MainThread] [systray_widget/systray.py:526]: Loading state from C:\Users\ratta\AppData\Local\YASB\systray_state_EKLTDLU28R55H4ZMB00043.json
2025-12-23 21:01:11,302 [DEBUG] [MainThread] [systray_widget/systray.py:277]: Systray thread started
2025-12-23 21:01:11,503 [DEBUG] [SystrayMonitor] [systray_widget/systray_monitor.py:164]: Adding TaskbandHWND prop to hwnd 12519710
2025-12-23 21:01:11,504 [DEBUG] [SystrayMonitor] [systray_widget/systray_monitor.py:242]: Finding real tray hwnd
2025-12-23 21:01:11,513 [DEBUG] [MainThread] [systray_widget/systray_monitor.py:157]: Sending TaskbarCreated message: 49339
2025-12-23 21:01:29,306 [INFO] [MainThread] [root/controller.py:15]: Reloading Application from tray...
2025-12-23 21:01:29,418 [INFO] [MainThread] [cli_server/cli_server.py:112]: Log pipe server stopped
2025-12-23 21:01:29,418 [DEBUG] [MainThread] [cli_server/cli_server.py:206]: CLI server stopped
2025-12-23 21:01:29,700 [INFO] [MainThread] [root/log.py:69]: YASB v1.8.6
2025-12-23 21:01:29,700 [INFO] [Thread-1 (_run_server)] [cli_server/cli_server.py:212]: CLI server started v1.1.4
2025-12-23 21:01:29,701 [INFO] [MainThread] [cli_server/cli_server.py:104]: Log pipe server started
2025-12-23 21:01:29,701 [INFO] [MainThread] [root/main.py:45]: Waiting for previous YASB instance to exit...
2025-12-23 21:01:29,727 [INFO] [MainThread] [root/bar_manager.py:92]: Stopping SystemEventListener...
2025-12-23 21:01:29,727 [INFO] [MainThread] [root/bar_manager.py:92]: Stopping WindowsNotificationEventListener...
2025-12-23 21:01:29,730 [INFO] [MainThread] [core.utils.widgets.taskbar.window_manager/window_manager.py:218]: TaskbarWindowManager stopped
2025-12-23 21:01:29,734 [DEBUG] [MainThread] [systray_widget/systray.py:504]: Saving state to disk
2025-12-23 21:01:29,734 [DEBUG] [MainThread] [systray_widget/systray.py:508]: Saving state to C:\Users\ratta\AppData\Local\YASB\systray_state_INCG27Q30UMB6CBWL.json
2025-12-23 21:01:29,734 [DEBUG] [MainThread] [systray_widget/utils.py:96]: Destroying window 12519710
2025-12-23 21:01:29,737 [DEBUG] [MainThread] [systray_widget/systray.py:504]: Saving state to disk
2025-12-23 21:01:29,737 [DEBUG] [MainThread] [systray_widget/systray.py:508]: Saving state to C:\Users\ratta\AppData\Local\YASB\systray_state_EKLTDLU28R55H4ZMB00043.json
2025-12-23 21:01:29,738 [DEBUG] [MainThread] [systray_widget/utils.py:96]: Destroying window 12519710
2025-12-23 21:01:29,765 [DEBUG] [MainThread] [qasync._windows._EventPoller/_windows.py:220]: Stopping worker thread...
2025-12-23 21:01:29,776 [DEBUG] [Dummy-5] [qasync._windows._EventWorker/_windows.py:204]: Exiting thread
2025-12-23 21:01:29,783 [DEBUG] [MainThread] [qasync._windows._IocpProactor/_windows.py:78]: Closing
2025-12-23 21:01:29,918 [DEBUG] [MainThread] [systray_widget/utils.py:96]: Destroying window 12519710
2025-12-23 21:01:29,951 [INFO] [MainThread] [root/main.py:71]: Previous instance exited, continuing startup.
2025-12-23 21:01:30,230 [ERROR] [MainThread] [root/weather.py:60]: API key or location is missing. Please provide a valid API key and location.
2025-12-23 21:01:30,462 [INFO] [MainThread] [root/service.py:48]: AudioOutputService starting...
2025-12-23 21:01:30,909 [DEBUG] [MainThread] [root/pin_manager.py:163]: Loaded 0 pinned apps from C:\Users\ratta\AppData\Local\YASB\taskbar_pinned.json
2025-12-23 21:01:31,163 [INFO] [MainThread] [core.utils.widgets.taskbar.window_manager/window_manager.py:191]: TaskbarWindowManager is starting...
2025-12-23 21:01:31,199 [ERROR] [MainThread] [root/weather.py:60]: API key or location is missing. Please provide a valid API key and location.
2025-12-23 21:01:31,749 [INFO] [MainThread] [root/bar_manager.py:85]: Starting WindowsNotificationEventListener...
2025-12-23 21:01:31,750 [INFO] [MainThread] [root/bar_manager.py:85]: Starting SystemEventListener...
2025-12-23 21:01:31,750 [INFO] [MainThread] [root/watcher.py:54]: Created file watcher for path C:\Users\ratta\.config\yasb
2025-12-23 21:01:31,783 [INFO] [MainThread] [root/update_service.py:409]: Background update checker started
2025-12-23 21:01:31,783 [DEBUG] [MainThread] [qasync._windows._EventPoller/_windows.py:215]: Starting (proactor: <_IocpProactor overlapped#=0 result#=0>)...
2025-12-23 21:01:31,785 [DEBUG] [Dummy-5] [qasync._windows._EventWorker/_windows.py:195]: Thread started
2025-12-23 21:01:31,787 [DEBUG] [MainThread] [systray_widget/systray.py:526]: Loading state from C:\Users\ratta\AppData\Local\YASB\systray_state_INCG27Q30UMB6CBWL.json
2025-12-23 21:01:31,788 [DEBUG] [SystrayMonitor] [systray_widget/systray.py:57]: Systray thread is starting...
2025-12-23 21:01:31,790 [DEBUG] [MainThread] [systray_widget/systray.py:526]: Loading state from C:\Users\ratta\AppData\Local\YASB\systray_state_EKLTDLU28R55H4ZMB00043.json
2025-12-23 21:01:31,812 [DEBUG] [MainThread] [systray_widget/systray.py:277]: Systray thread started
2025-12-23 21:01:32,013 [DEBUG] [SystrayMonitor] [systray_widget/systray_monitor.py:164]: Adding TaskbandHWND prop to hwnd 1839724
2025-12-23 21:01:32,013 [DEBUG] [SystrayMonitor] [systray_widget/systray_monitor.py:242]: Finding real tray hwnd
2025-12-23 21:01:32,019 [DEBUG] [MainThread] [systray_widget/systray_monitor.py:157]: Sending TaskbarCreated message: 49339
2025-12-23 21:01:47,498 [INFO] [MainThread] [root/controller.py:15]: Reloading Application from tray...
2025-12-23 21:01:47,605 [INFO] [MainThread] [cli_server/cli_server.py:112]: Log pipe server stopped
2025-12-23 21:01:47,606 [DEBUG] [MainThread] [cli_server/cli_server.py:206]: CLI server stopped
2025-12-23 21:01:47,944 [INFO] [MainThread] [root/log.py:69]: YASB v1.8.6
2025-12-23 21:01:47,944 [INFO] [Thread-1 (_run_server)] [cli_server/cli_server.py:212]: CLI server started v1.1.4
2025-12-23 21:01:47,944 [INFO] [MainThread] [cli_server/cli_server.py:104]: Log pipe server started
2025-12-23 21:01:47,945 [INFO] [MainThread] [root/main.py:45]: Waiting for previous YASB instance to exit...
2025-12-23 21:01:47,959 [INFO] [MainThread] [root/bar_manager.py:92]: Stopping WindowsNotificationEventListener...
2025-12-23 21:01:47,959 [INFO] [MainThread] [root/bar_manager.py:92]: Stopping SystemEventListener...
2025-12-23 21:01:47,959 [INFO] [MainThread] [core.utils.widgets.taskbar.window_manager/window_manager.py:218]: TaskbarWindowManager stopped
2025-12-23 21:01:47,960 [DEBUG] [MainThread] [systray_widget/systray.py:504]: Saving state to disk
2025-12-23 21:01:47,960 [DEBUG] [MainThread] [systray_widget/systray.py:508]: Saving state to C:\Users\ratta\AppData\Local\YASB\systray_state_INCG27Q30UMB6CBWL.json
2025-12-23 21:01:47,961 [DEBUG] [MainThread] [systray_widget/utils.py:96]: Destroying window 1839724
2025-12-23 21:01:47,962 [DEBUG] [MainThread] [systray_widget/systray.py:504]: Saving state to disk
2025-12-23 21:01:47,963 [DEBUG] [MainThread] [systray_widget/systray.py:508]: Saving state to C:\Users\ratta\AppData\Local\YASB\systray_state_EKLTDLU28R55H4ZMB00043.json
2025-12-23 21:01:47,963 [DEBUG] [MainThread] [systray_widget/utils.py:96]: Destroying window 1839724
2025-12-23 21:01:47,999 [DEBUG] [MainThread] [qasync._windows._EventPoller/_windows.py:220]: Stopping worker thread...
2025-12-23 21:01:48,014 [DEBUG] [Dummy-5] [qasync._windows._EventWorker/_windows.py:204]: Exiting thread
2025-12-23 21:01:48,024 [DEBUG] [MainThread] [qasync._windows._IocpProactor/_windows.py:78]: Closing
2025-12-23 21:01:48,122 [DEBUG] [MainThread] [systray_widget/utils.py:96]: Destroying window 1839724
2025-12-23 21:01:48,195 [INFO] [MainThread] [root/main.py:71]: Previous instance exited, continuing startup.
2025-12-23 21:01:48,456 [ERROR] [MainThread] [root/weather.py:60]: API key or location is missing. Please provide a valid API key and location.
2025-12-23 21:01:48,694 [INFO] [MainThread] [root/service.py:48]: AudioOutputService starting...
2025-12-23 21:01:49,199 [DEBUG] [MainThread] [root/pin_manager.py:163]: Loaded 0 pinned apps from C:\Users\ratta\AppData\Local\YASB\taskbar_pinned.json
2025-12-23 21:01:49,491 [INFO] [MainThread] [core.utils.widgets.taskbar.window_manager/window_manager.py:191]: TaskbarWindowManager is starting...
2025-12-23 21:01:49,529 [ERROR] [MainThread] [root/weather.py:60]: API key or location is missing. Please provide a valid API key and location.
2025-12-23 21:01:49,961 [INFO] [MainThread] [root/bar_manager.py:85]: Starting SystemEventListener...
2025-12-23 21:01:49,961 [INFO] [MainThread] [root/bar_manager.py:85]: Starting WindowsNotificationEventListener...
2025-12-23 21:01:49,962 [INFO] [MainThread] [root/watcher.py:54]: Created file watcher for path C:\Users\ratta\.config\yasb
2025-12-23 21:01:49,995 [INFO] [MainThread] [root/update_service.py:409]: Background update checker started
2025-12-23 21:01:49,995 [DEBUG] [MainThread] [qasync._windows._EventPoller/_windows.py:215]: Starting (proactor: <_IocpProactor overlapped#=0 result#=0>)...
2025-12-23 21:01:49,996 [DEBUG] [Dummy-5] [qasync._windows._EventWorker/_windows.py:195]: Thread started
2025-12-23 21:01:49,998 [DEBUG] [MainThread] [systray_widget/systray.py:526]: Loading state from C:\Users\ratta\AppData\Local\YASB\systray_state_INCG27Q30UMB6CBWL.json
2025-12-23 21:01:50,000 [DEBUG] [SystrayMonitor] [systray_widget/systray.py:57]: Systray thread is starting...
2025-12-23 21:01:50,002 [DEBUG] [MainThread] [systray_widget/systray.py:526]: Loading state from C:\Users\ratta\AppData\Local\YASB\systray_state_EKLTDLU28R55H4ZMB00043.json
2025-12-23 21:01:50,024 [DEBUG] [MainThread] [systray_widget/systray.py:277]: Systray thread started
2025-12-23 21:01:50,226 [DEBUG] [SystrayMonitor] [systray_widget/systray_monitor.py:164]: Adding TaskbandHWND prop to hwnd 1053180
2025-12-23 21:01:50,227 [DEBUG] [SystrayMonitor] [systray_widget/systray_monitor.py:242]: Finding real tray hwnd
2025-12-23 21:01:50,233 [DEBUG] [MainThread] [systray_widget/systray_monitor.py:157]: Sending TaskbarCreated message: 49339
2025-12-23 21:02:01,940 [INFO] [MainThread] [root/controller.py:15]: Reloading Application from tray...
2025-12-23 21:02:02,053 [INFO] [MainThread] [cli_server/cli_server.py:112]: Log pipe server stopped
2025-12-23 21:02:02,053 [DEBUG] [MainThread] [cli_server/cli_server.py:206]: CLI server stopped
2025-12-23 21:02:02,332 [INFO] [MainThread] [root/log.py:69]: YASB v1.8.6
2025-12-23 21:02:02,332 [INFO] [Thread-1 (_run_server)] [cli_server/cli_server.py:212]: CLI server started v1.1.4
2025-12-23 21:02:02,332 [INFO] [MainThread] [cli_server/cli_server.py:104]: Log pipe server started
2025-12-23 21:02:02,333 [INFO] [MainThread] [root/main.py:45]: Waiting for previous YASB instance to exit...
2025-12-23 21:02:02,432 [INFO] [MainThread] [root/bar_manager.py:92]: Stopping SystemEventListener...
2025-12-23 21:02:02,432 [INFO] [MainThread] [root/bar_manager.py:92]: Stopping WindowsNotificationEventListener...
2025-12-23 21:02:02,433 [INFO] [MainThread] [core.utils.widgets.taskbar.window_manager/window_manager.py:218]: TaskbarWindowManager stopped
2025-12-23 21:02:02,434 [DEBUG] [MainThread] [systray_widget/systray.py:504]: Saving state to disk
2025-12-23 21:02:02,434 [DEBUG] [MainThread] [systray_widget/systray.py:508]: Saving state to C:\Users\ratta\AppData\Local\YASB\systray_state_INCG27Q30UMB6CBWL.json
2025-12-23 21:02:02,435 [DEBUG] [MainThread] [systray_widget/utils.py:96]: Destroying window 1053180
2025-12-23 21:02:02,436 [DEBUG] [MainThread] [systray_widget/systray.py:504]: Saving state to disk
2025-12-23 21:02:02,436 [DEBUG] [MainThread] [systray_widget/systray.py:508]: Saving state to C:\Users\ratta\AppData\Local\YASB\systray_state_EKLTDLU28R55H4ZMB00043.json
2025-12-23 21:02:02,437 [DEBUG] [MainThread] [systray_widget/utils.py:96]: Destroying window 1053180
2025-12-23 21:02:02,452 [DEBUG] [MainThread] [qasync._windows._EventPoller/_windows.py:220]: Stopping worker thread...
2025-12-23 21:02:02,457 [DEBUG] [Dummy-5] [qasync._windows._EventWorker/_windows.py:204]: Exiting thread
2025-12-23 21:02:02,466 [DEBUG] [MainThread] [qasync._windows._IocpProactor/_windows.py:78]: Closing
2025-12-23 21:02:02,574 [DEBUG] [MainThread] [systray_widget/utils.py:96]: Destroying window 1053180
2025-12-23 21:02:02,583 [INFO] [MainThread] [root/main.py:71]: Previous instance exited, continuing startup.
2025-12-23 21:02:02,840 [ERROR] [MainThread] [root/weather.py:60]: API key or location is missing. Please provide a valid API key and location.
2025-12-23 21:02:03,074 [INFO] [MainThread] [root/service.py:48]: AudioOutputService starting...
2025-12-23 21:02:03,653 [DEBUG] [MainThread] [root/pin_manager.py:163]: Loaded 0 pinned apps from C:\Users\ratta\AppData\Local\YASB\taskbar_pinned.json
2025-12-23 21:02:03,901 [INFO] [MainThread] [core.utils.widgets.taskbar.window_manager/window_manager.py:191]: TaskbarWindowManager is starting...
2025-12-23 21:02:03,936 [ERROR] [MainThread] [root/weather.py:60]: API key or location is missing. Please provide a valid API key and location.
2025-12-23 21:02:04,377 [INFO] [MainThread] [root/bar_manager.py:85]: Starting SystemEventListener...
2025-12-23 21:02:04,377 [INFO] [MainThread] [root/bar_manager.py:85]: Starting WindowsNotificationEventListener...
2025-12-23 21:02:04,378 [INFO] [MainThread] [root/watcher.py:54]: Created file watcher for path C:\Users\ratta\.config\yasb
2025-12-23 21:02:04,414 [INFO] [MainThread] [root/update_service.py:409]: Background update checker started
2025-12-23 21:02:04,414 [DEBUG] [MainThread] [qasync._windows._EventPoller/_windows.py:215]: Starting (proactor: <_IocpProactor overlapped#=0 result#=0>)...
2025-12-23 21:02:04,415 [DEBUG] [Dummy-5] [qasync._windows._EventWorker/_windows.py:195]: Thread started
2025-12-23 21:02:04,417 [DEBUG] [MainThread] [systray_widget/systray.py:526]: Loading state from C:\Users\ratta\AppData\Local\YASB\systray_state_INCG27Q30UMB6CBWL.json
2025-12-23 21:02:04,418 [DEBUG] [SystrayMonitor] [systray_widget/systray.py:57]: Systray thread is starting...
2025-12-23 21:02:04,420 [DEBUG] [MainThread] [systray_widget/systray.py:526]: Loading state from C:\Users\ratta\AppData\Local\YASB\systray_state_EKLTDLU28R55H4ZMB00043.json
2025-12-23 21:02:04,440 [DEBUG] [MainThread] [systray_widget/systray.py:277]: Systray thread started
2025-12-23 21:02:04,641 [DEBUG] [SystrayMonitor] [systray_widget/systray_monitor.py:164]: Adding TaskbandHWND prop to hwnd 2757438
2025-12-23 21:02:04,642 [DEBUG] [SystrayMonitor] [systray_widget/systray_monitor.py:242]: Finding real tray hwnd
2025-12-23 21:02:04,646 [DEBUG] [MainThread] [systray_widget/systray_monitor.py:157]: Sending TaskbarCreated message: 49339
2025-12-23 21:02:27,668 [INFO] [MainThread] [root/controller.py:15]: Reloading Application from tray...
2025-12-23 21:02:27,780 [INFO] [MainThread] [cli_server/cli_server.py:112]: Log pipe server stopped
2025-12-23 21:02:27,780 [DEBUG] [MainThread] [cli_server/cli_server.py:206]: CLI server stopped
2025-12-23 21:02:28,060 [INFO] [MainThread] [root/log.py:69]: YASB v1.8.6
2025-12-23 21:02:28,060 [INFO] [Thread-1 (_run_server)] [cli_server/cli_server.py:212]: CLI server started v1.1.4
2025-12-23 21:02:28,060 [INFO] [MainThread] [cli_server/cli_server.py:104]: Log pipe server started
2025-12-23 21:02:28,060 [INFO] [MainThread] [root/main.py:45]: Waiting for previous YASB instance to exit...
2025-12-23 21:02:28,182 [INFO] [MainThread] [root/bar_manager.py:92]: Stopping SystemEventListener...
2025-12-23 21:02:28,182 [INFO] [MainThread] [root/bar_manager.py:92]: Stopping WindowsNotificationEventListener...
2025-12-23 21:02:28,184 [INFO] [MainThread] [core.utils.widgets.taskbar.window_manager/window_manager.py:218]: TaskbarWindowManager stopped
2025-12-23 21:02:28,184 [DEBUG] [MainThread] [systray_widget/systray.py:504]: Saving state to disk
2025-12-23 21:02:28,184 [DEBUG] [MainThread] [systray_widget/systray.py:508]: Saving state to C:\Users\ratta\AppData\Local\YASB\systray_state_INCG27Q30UMB6CBWL.json
2025-12-23 21:02:28,185 [DEBUG] [MainThread] [systray_widget/utils.py:96]: Destroying window 2757438
2025-12-23 21:02:28,185 [DEBUG] [MainThread] [systray_widget/systray.py:504]: Saving state to disk
2025-12-23 21:02:28,186 [DEBUG] [MainThread] [systray_widget/systray.py:508]: Saving state to C:\Users\ratta\AppData\Local\YASB\systray_state_EKLTDLU28R55H4ZMB00043.json
2025-12-23 21:02:28,186 [DEBUG] [MainThread] [systray_widget/utils.py:96]: Destroying window 2757438
2025-12-23 21:02:28,199 [DEBUG] [MainThread] [qasync._windows._EventPoller/_windows.py:220]: Stopping worker thread...
2025-12-23 21:02:28,200 [DEBUG] [Dummy-5] [qasync._windows._EventWorker/_windows.py:204]: Exiting thread
2025-12-23 21:02:28,206 [DEBUG] [MainThread] [qasync._windows._IocpProactor/_windows.py:78]: Closing
2025-12-23 21:02:28,300 [DEBUG] [MainThread] [systray_widget/utils.py:96]: Destroying window 2757438
2025-12-23 21:02:28,311 [INFO] [MainThread] [root/main.py:71]: Previous instance exited, continuing startup.
2025-12-23 21:02:28,539 [ERROR] [MainThread] [root/weather.py:60]: API key or location is missing. Please provide a valid API key and location.
2025-12-23 21:02:28,765 [INFO] [MainThread] [root/service.py:48]: AudioOutputService starting...
2025-12-23 21:02:29,288 [DEBUG] [MainThread] [root/pin_manager.py:163]: Loaded 0 pinned apps from C:\Users\ratta\AppData\Local\YASB\taskbar_pinned.json
2025-12-23 21:02:29,510 [INFO] [MainThread] [core.utils.widgets.taskbar.window_manager/window_manager.py:191]: TaskbarWindowManager is starting...
2025-12-23 21:02:29,545 [ERROR] [MainThread] [root/weather.py:60]: API key or location is missing. Please provide a valid API key and location.
2025-12-23 21:02:29,989 [INFO] [MainThread] [root/bar_manager.py:85]: Starting SystemEventListener...
2025-12-23 21:02:29,989 [INFO] [MainThread] [root/bar_manager.py:85]: Starting WindowsNotificationEventListener...
2025-12-23 21:02:29,990 [INFO] [MainThread] [root/watcher.py:54]: Created file watcher for path C:\Users\ratta\.config\yasb
2025-12-23 21:02:30,025 [INFO] [MainThread] [root/update_service.py:409]: Background update checker started
2025-12-23 21:02:30,026 [DEBUG] [MainThread] [qasync._windows._EventPoller/_windows.py:215]: Starting (proactor: <_IocpProactor overlapped#=0 result#=0>)...
2025-12-23 21:02:30,027 [DEBUG] [Dummy-5] [qasync._windows._EventWorker/_windows.py:195]: Thread started
2025-12-23 21:02:30,029 [DEBUG] [MainThread] [systray_widget/systray.py:526]: Loading state from C:\Users\ratta\AppData\Local\YASB\systray_state_INCG27Q30UMB6CBWL.json
2025-12-23 21:02:30,030 [DEBUG] [SystrayMonitor] [systray_widget/systray.py:57]: Systray thread is starting...
2025-12-23 21:02:30,033 [DEBUG] [MainThread] [systray_widget/systray.py:526]: Loading state from C:\Users\ratta\AppData\Local\YASB\systray_state_EKLTDLU28R55H4ZMB00043.json
2025-12-23 21:02:30,053 [DEBUG] [SystrayMonitor] [systray_widget/systray_monitor.py:242]: Finding real tray hwnd
2025-12-23 21:02:30,057 [DEBUG] [MainThread] [systray_widget/systray.py:277]: Systray thread started
2025-12-23 21:02:30,260 [DEBUG] [SystrayMonitor] [systray_widget/systray_monitor.py:164]: Adding TaskbandHWND prop to hwnd 1511890
2025-12-23 21:02:30,268 [DEBUG] [MainThread] [systray_widget/systray_monitor.py:157]: Sending TaskbarCreated message: 49339
2025-12-23 21:02:59,132 [INFO] [MainThread] [root/controller.py:15]: Reloading Application from tray...
2025-12-23 21:02:59,247 [INFO] [MainThread] [cli_server/cli_server.py:112]: Log pipe server stopped
2025-12-23 21:02:59,247 [DEBUG] [MainThread] [cli_server/cli_server.py:206]: CLI server stopped
2025-12-23 21:02:59,513 [INFO] [MainThread] [root/log.py:69]: YASB v1.8.6
2025-12-23 21:02:59,513 [INFO] [Thread-1 (_run_server)] [cli_server/cli_server.py:212]: CLI server started v1.1.4
2025-12-23 21:02:59,513 [INFO] [MainThread] [cli_server/cli_server.py:104]: Log pipe server started
2025-12-23 21:02:59,514 [INFO] [MainThread] [root/main.py:45]: Waiting for previous YASB instance to exit...
2025-12-23 21:02:59,588 [INFO] [MainThread] [root/bar_manager.py:92]: Stopping SystemEventListener...
2025-12-23 21:02:59,588 [INFO] [MainThread] [root/bar_manager.py:92]: Stopping WindowsNotificationEventListener...
2025-12-23 21:02:59,591 [INFO] [MainThread] [core.utils.widgets.taskbar.window_manager/window_manager.py:218]: TaskbarWindowManager stopped
2025-12-23 21:02:59,592 [DEBUG] [MainThread] [systray_widget/systray.py:504]: Saving state to disk
2025-12-23 21:02:59,592 [DEBUG] [MainThread] [systray_widget/systray.py:508]: Saving state to C:\Users\ratta\AppData\Local\YASB\systray_state_INCG27Q30UMB6CBWL.json
2025-12-23 21:02:59,593 [DEBUG] [MainThread] [systray_widget/utils.py:96]: Destroying window 1511890
2025-12-23 21:02:59,596 [DEBUG] [MainThread] [systray_widget/systray.py:504]: Saving state to disk
2025-12-23 21:02:59,597 [DEBUG] [MainThread] [systray_widget/systray.py:508]: Saving state to C:\Users\ratta\AppData\Local\YASB\systray_state_EKLTDLU28R55H4ZMB00043.json
2025-12-23 21:02:59,597 [DEBUG] [MainThread] [systray_widget/utils.py:96]: Destroying window 1511890
2025-12-23 21:02:59,616 [DEBUG] [MainThread] [qasync._windows._EventPoller/_windows.py:220]: Stopping worker thread...
2025-12-23 21:02:59,623 [DEBUG] [Dummy-5] [qasync._windows._EventWorker/_windows.py:204]: Exiting thread
2025-12-23 21:02:59,632 [DEBUG] [MainThread] [qasync._windows._IocpProactor/_windows.py:78]: Closing
2025-12-23 21:02:59,767 [DEBUG] [MainThread] [systray_widget/utils.py:96]: Destroying window 1511890
2025-12-23 21:03:00,015 [INFO] [MainThread] [root/main.py:71]: Previous instance exited, continuing startup.
2025-12-23 21:03:00,270 [ERROR] [MainThread] [root/weather.py:60]: API key or location is missing. Please provide a valid API key and location.
2025-12-23 21:03:00,497 [INFO] [MainThread] [root/service.py:48]: AudioOutputService starting...
2025-12-23 21:03:01,038 [DEBUG] [MainThread] [root/pin_manager.py:163]: Loaded 0 pinned apps from C:\Users\ratta\AppData\Local\YASB\taskbar_pinned.json
2025-12-23 21:03:01,282 [INFO] [MainThread] [core.utils.widgets.taskbar.window_manager/window_manager.py:191]: TaskbarWindowManager is starting...
2025-12-23 21:03:01,317 [ERROR] [MainThread] [root/weather.py:60]: API key or location is missing. Please provide a valid API key and location.
2025-12-23 21:03:01,747 [INFO] [MainThread] [root/bar_manager.py:85]: Starting SystemEventListener...
2025-12-23 21:03:01,747 [INFO] [MainThread] [root/bar_manager.py:85]: Starting WindowsNotificationEventListener...
2025-12-23 21:03:01,748 [INFO] [MainThread] [root/watcher.py:54]: Created file watcher for path C:\Users\ratta\.config\yasb
2025-12-23 21:03:01,783 [INFO] [MainThread] [root/update_service.py:409]: Background update checker started
2025-12-23 21:03:01,783 [DEBUG] [MainThread] [qasync._windows._EventPoller/_windows.py:215]: Starting (proactor: <_IocpProactor overlapped#=0 result#=0>)...
2025-12-23 21:03:01,784 [DEBUG] [Dummy-5] [qasync._windows._EventWorker/_windows.py:195]: Thread started
2025-12-23 21:03:01,786 [DEBUG] [MainThread] [systray_widget/systray.py:526]: Loading state from C:\Users\ratta\AppData\Local\YASB\systray_state_INCG27Q30UMB6CBWL.json
2025-12-23 21:03:01,787 [DEBUG] [SystrayMonitor] [systray_widget/systray.py:57]: Systray thread is starting...
2025-12-23 21:03:01,789 [DEBUG] [MainThread] [systray_widget/systray.py:526]: Loading state from C:\Users\ratta\AppData\Local\YASB\systray_state_EKLTDLU28R55H4ZMB00043.json
2025-12-23 21:03:01,810 [DEBUG] [MainThread] [systray_widget/systray.py:277]: Systray thread started
2025-12-23 21:03:01,823 [DEBUG] [SystrayMonitor] [systray_widget/systray_monitor.py:242]: Finding real tray hwnd
2025-12-23 21:03:02,011 [DEBUG] [SystrayMonitor] [systray_widget/systray_monitor.py:164]: Adding TaskbandHWND prop to hwnd 4330836
2025-12-23 21:03:02,023 [DEBUG] [MainThread] [systray_widget/systray_monitor.py:157]: Sending TaskbarCreated message: 49339
2025-12-23 21:08:28,577 [INFO] [MainThread] [root/controller.py:15]: Reloading Application from tray...
2025-12-23 21:08:28,678 [INFO] [MainThread] [cli_server/cli_server.py:112]: Log pipe server stopped
2025-12-23 21:08:28,678 [DEBUG] [MainThread] [cli_server/cli_server.py:206]: CLI server stopped
2025-12-23 21:08:28,990 [INFO] [MainThread] [root/log.py:69]: YASB v1.8.6
2025-12-23 21:08:28,991 [INFO] [Thread-1 (_run_server)] [cli_server/cli_server.py:212]: CLI server started v1.1.4
2025-12-23 21:08:28,991 [INFO] [MainThread] [cli_server/cli_server.py:104]: Log pipe server started
2025-12-23 21:08:28,992 [INFO] [MainThread] [root/main.py:45]: Waiting for previous YASB instance to exit...
2025-12-23 21:08:29,019 [INFO] [MainThread] [root/bar_manager.py:92]: Stopping SystemEventListener...
2025-12-23 21:08:29,019 [INFO] [MainThread] [root/bar_manager.py:92]: Stopping WindowsNotificationEventListener...
2025-12-23 21:08:29,022 [INFO] [MainThread] [core.utils.widgets.taskbar.window_manager/window_manager.py:218]: TaskbarWindowManager stopped
2025-12-23 21:08:29,028 [DEBUG] [MainThread] [systray_widget/systray.py:504]: Saving state to disk
2025-12-23 21:08:29,028 [DEBUG] [MainThread] [systray_widget/systray.py:508]: Saving state to C:\Users\ratta\AppData\Local\YASB\systray_state_INCG27Q30UMB6CBWL.json
2025-12-23 21:08:29,029 [DEBUG] [MainThread] [systray_widget/utils.py:96]: Destroying window 4330836
2025-12-23 21:08:29,034 [DEBUG] [MainThread] [systray_widget/systray.py:504]: Saving state to disk
2025-12-23 21:08:29,034 [DEBUG] [MainThread] [systray_widget/systray.py:508]: Saving state to C:\Users\ratta\AppData\Local\YASB\systray_state_EKLTDLU28R55H4ZMB00043.json
2025-12-23 21:08:29,034 [DEBUG] [MainThread] [systray_widget/utils.py:96]: Destroying window 4330836
2025-12-23 21:08:29,067 [DEBUG] [MainThread] [qasync._windows._EventPoller/_windows.py:220]: Stopping worker thread...
2025-12-23 21:08:29,075 [DEBUG] [Dummy-5] [qasync._windows._EventWorker/_windows.py:204]: Exiting thread
2025-12-23 21:08:29,086 [DEBUG] [MainThread] [qasync._windows._IocpProactor/_windows.py:78]: Closing
2025-12-23 21:08:29,199 [DEBUG] [MainThread] [systray_widget/utils.py:96]: Destroying window 4330836
2025-12-23 21:08:29,243 [INFO] [MainThread] [root/main.py:71]: Previous instance exited, continuing startup.
2025-12-23 21:08:29,509 [ERROR] [MainThread] [root/weather.py:60]: API key or location is missing. Please provide a valid API key and location.
2025-12-23 21:08:29,708 [INFO] [MainThread] [root/service.py:48]: AudioOutputService starting...
2025-12-23 21:08:30,188 [DEBUG] [MainThread] [root/pin_manager.py:163]: Loaded 0 pinned apps from C:\Users\ratta\AppData\Local\YASB\taskbar_pinned.json
2025-12-23 21:08:30,530 [INFO] [MainThread] [core.utils.widgets.taskbar.window_manager/window_manager.py:191]: TaskbarWindowManager is starting...
2025-12-23 21:08:30,564 [ERROR] [MainThread] [root/weather.py:60]: API key or location is missing. Please provide a valid API key and location.
2025-12-23 21:08:31,000 [INFO] [MainThread] [root/bar_manager.py:85]: Starting WindowsNotificationEventListener...
2025-12-23 21:08:31,001 [INFO] [MainThread] [root/bar_manager.py:85]: Starting SystemEventListener...
2025-12-23 21:08:31,001 [INFO] [MainThread] [root/watcher.py:54]: Created file watcher for path C:\Users\ratta\.config\yasb
2025-12-23 21:08:31,032 [INFO] [MainThread] [root/update_service.py:409]: Background update checker started
2025-12-23 21:08:31,032 [DEBUG] [MainThread] [qasync._windows._EventPoller/_windows.py:215]: Starting (proactor: <_IocpProactor overlapped#=0 result#=0>)...
2025-12-23 21:08:31,033 [DEBUG] [Dummy-5] [qasync._windows._EventWorker/_windows.py:195]: Thread started
2025-12-23 21:08:31,035 [DEBUG] [MainThread] [systray_widget/systray.py:526]: Loading state from C:\Users\ratta\AppData\Local\YASB\systray_state_INCG27Q30UMB6CBWL.json
2025-12-23 21:08:31,037 [DEBUG] [SystrayMonitor] [systray_widget/systray.py:57]: Systray thread is starting...
2025-12-23 21:08:31,038 [DEBUG] [MainThread] [systray_widget/systray.py:526]: Loading state from C:\Users\ratta\AppData\Local\YASB\systray_state_EKLTDLU28R55H4ZMB00043.json
2025-12-23 21:08:31,058 [DEBUG] [MainThread] [systray_widget/systray.py:277]: Systray thread started
2025-12-23 21:08:31,261 [DEBUG] [SystrayMonitor] [systray_widget/systray_monitor.py:164]: Adding TaskbandHWND prop to hwnd 2560920
2025-12-23 21:08:31,261 [DEBUG] [SystrayMonitor] [systray_widget/systray_monitor.py:242]: Finding real tray hwnd
2025-12-23 21:08:31,266 [DEBUG] [MainThread] [systray_widget/systray_monitor.py:157]: Sending TaskbarCreated message: 49339
2025-12-23 21:08:38,451 [INFO] [MainThread] [root/controller.py:15]: Reloading Application from tray...
2025-12-23 21:08:38,556 [INFO] [MainThread] [cli_server/cli_server.py:112]: Log pipe server stopped
2025-12-23 21:08:38,556 [DEBUG] [MainThread] [cli_server/cli_server.py:206]: CLI server stopped
2025-12-23 21:08:38,836 [INFO] [MainThread] [root/log.py:69]: YASB v1.8.6
2025-12-23 21:08:38,836 [INFO] [Thread-1 (_run_server)] [cli_server/cli_server.py:212]: CLI server started v1.1.4
2025-12-23 21:08:38,836 [INFO] [MainThread] [cli_server/cli_server.py:104]: Log pipe server started
2025-12-23 21:08:38,836 [INFO] [MainThread] [root/main.py:45]: Waiting for previous YASB instance to exit...
2025-12-23 21:08:38,899 [INFO] [MainThread] [root/bar_manager.py:92]: Stopping WindowsNotificationEventListener...
2025-12-23 21:08:38,899 [INFO] [MainThread] [root/bar_manager.py:92]: Stopping SystemEventListener...
2025-12-23 21:08:38,902 [INFO] [MainThread] [core.utils.widgets.taskbar.window_manager/window_manager.py:218]: TaskbarWindowManager stopped
2025-12-23 21:08:38,902 [DEBUG] [MainThread] [systray_widget/systray.py:504]: Saving state to disk
2025-12-23 21:08:38,903 [DEBUG] [MainThread] [systray_widget/systray.py:508]: Saving state to C:\Users\ratta\AppData\Local\YASB\systray_state_INCG27Q30UMB6CBWL.json
2025-12-23 21:08:38,903 [DEBUG] [MainThread] [systray_widget/utils.py:96]: Destroying window 2560920
2025-12-23 21:08:38,905 [DEBUG] [MainThread] [systray_widget/systray.py:504]: Saving state to disk
2025-12-23 21:08:38,905 [DEBUG] [MainThread] [systray_widget/systray.py:508]: Saving state to C:\Users\ratta\AppData\Local\YASB\systray_state_EKLTDLU28R55H4ZMB00043.json
2025-12-23 21:08:38,905 [DEBUG] [MainThread] [systray_widget/utils.py:96]: Destroying window 2560920
2025-12-23 21:08:38,926 [DEBUG] [MainThread] [qasync._windows._EventPoller/_windows.py:220]: Stopping worker thread...
2025-12-23 21:08:38,929 [DEBUG] [Dummy-5] [qasync._windows._EventWorker/_windows.py:204]: Exiting thread
2025-12-23 21:08:38,934 [DEBUG] [MainThread] [qasync._windows._IocpProactor/_windows.py:78]: Closing
2025-12-23 21:08:39,018 [DEBUG] [MainThread] [systray_widget/utils.py:96]: Destroying window 2560920
2025-12-23 21:08:39,087 [INFO] [MainThread] [root/main.py:71]: Previous instance exited, continuing startup.
2025-12-23 21:08:39,369 [ERROR] [MainThread] [root/weather.py:60]: API key or location is missing. Please provide a valid API key and location.
2025-12-23 21:08:39,583 [INFO] [MainThread] [root/service.py:48]: AudioOutputService starting...
2025-12-23 21:08:40,130 [DEBUG] [MainThread] [root/pin_manager.py:163]: Loaded 0 pinned apps from C:\Users\ratta\AppData\Local\YASB\taskbar_pinned.json
2025-12-23 21:08:40,566 [INFO] [MainThread] [core.utils.widgets.taskbar.window_manager/window_manager.py:191]: TaskbarWindowManager is starting...
2025-12-23 21:08:40,602 [ERROR] [MainThread] [root/weather.py:60]: API key or location is missing. Please provide a valid API key and location.
2025-12-23 21:08:41,108 [INFO] [MainThread] [root/bar_manager.py:85]: Starting SystemEventListener...
2025-12-23 21:08:41,108 [INFO] [MainThread] [root/bar_manager.py:85]: Starting WindowsNotificationEventListener...
2025-12-23 21:08:41,120 [INFO] [MainThread] [root/watcher.py:54]: Created file watcher for path C:\Users\ratta\.config\yasb
2025-12-23 21:08:41,151 [INFO] [MainThread] [root/update_service.py:409]: Background update checker started
2025-12-23 21:08:41,151 [DEBUG] [MainThread] [qasync._windows._EventPoller/_windows.py:215]: Starting (proactor: <_IocpProactor overlapped#=0 result#=0>)...
2025-12-23 21:08:41,153 [DEBUG] [Dummy-5] [qasync._windows._EventWorker/_windows.py:195]: Thread started
2025-12-23 21:08:41,154 [DEBUG] [MainThread] [systray_widget/systray.py:526]: Loading state from C:\Users\ratta\AppData\Local\YASB\systray_state_INCG27Q30UMB6CBWL.json
2025-12-23 21:08:41,156 [DEBUG] [SystrayMonitor] [systray_widget/systray.py:57]: Systray thread is starting...
2025-12-23 21:08:41,159 [DEBUG] [MainThread] [systray_widget/systray.py:526]: Loading state from C:\Users\ratta\AppData\Local\YASB\systray_state_EKLTDLU28R55H4ZMB00043.json
2025-12-23 21:08:41,180 [DEBUG] [MainThread] [systray_widget/systray.py:277]: Systray thread started
2025-12-23 21:08:41,212 [DEBUG] [SystrayMonitor] [systray_widget/systray_monitor.py:242]: Finding real tray hwnd
2025-12-23 21:08:41,382 [DEBUG] [SystrayMonitor] [systray_widget/systray_monitor.py:164]: Adding TaskbandHWND prop to hwnd 332158
2025-12-23 21:08:41,389 [DEBUG] [MainThread] [systray_widget/systray_monitor.py:157]: Sending TaskbarCreated message: 49339
2025-12-23 21:12:26,828 [ERROR] [MainThread] [root/bar_manager.py:56]: Error loading config: while scanning a simple key
  in "C:\Users\ratta\.config\yasb\config.yaml", line 232, column 3
could not find expected ':'
  in "C:\Users\ratta\.config\yasb\config.yaml", line 233, column 3
2025-12-23 21:14:45,069 [ERROR] [MainThread] [root/bar_manager.py:56]: Error loading config: while scanning a simple key
  in "C:\Users\ratta\.config\yasb\config.yaml", line 233, column 3
could not find expected ':'
  in "C:\Users\ratta\.config\yasb\config.yaml", line 234, column 3
2025-12-23 21:15:03,419 [INFO] [MainThread] [root/controller.py:15]: Reloading Application because of config change.
2025-12-23 21:15:03,520 [INFO] [MainThread] [cli_server/cli_server.py:112]: Log pipe server stopped
2025-12-23 21:15:03,520 [DEBUG] [MainThread] [cli_server/cli_server.py:206]: CLI server stopped
2025-12-23 21:15:03,525 [INFO] [MainThread] [root/bar_manager.py:76]: Successfully loaded updated config and re-initialised all bars.
2025-12-23 21:15:03,833 [INFO] [MainThread] [root/log.py:69]: YASB v1.8.6
2025-12-23 21:15:03,833 [INFO] [Thread-1 (_run_server)] [cli_server/cli_server.py:212]: CLI server started v1.1.4
2025-12-23 21:15:03,834 [INFO] [MainThread] [cli_server/cli_server.py:104]: Log pipe server started
2025-12-23 21:15:03,834 [INFO] [MainThread] [root/main.py:45]: Waiting for previous YASB instance to exit...
2025-12-23 21:15:03,885 [INFO] [MainThread] [root/bar_manager.py:92]: Stopping SystemEventListener...
2025-12-23 21:15:03,886 [INFO] [MainThread] [root/bar_manager.py:92]: Stopping WindowsNotificationEventListener...
2025-12-23 21:15:03,886 [INFO] [MainThread] [core.utils.widgets.taskbar.window_manager/window_manager.py:218]: TaskbarWindowManager stopped
2025-12-23 21:15:03,887 [DEBUG] [MainThread] [systray_widget/systray.py:504]: Saving state to disk
2025-12-23 21:15:03,887 [DEBUG] [MainThread] [systray_widget/systray.py:508]: Saving state to C:\Users\ratta\AppData\Local\YASB\systray_state_INCG27Q30UMB6CBWL.json
2025-12-23 21:15:03,888 [DEBUG] [MainThread] [systray_widget/utils.py:96]: Destroying window 332158
2025-12-23 21:15:03,888 [DEBUG] [MainThread] [systray_widget/systray.py:504]: Saving state to disk
2025-12-23 21:15:03,888 [DEBUG] [MainThread] [systray_widget/systray.py:508]: Saving state to C:\Users\ratta\AppData\Local\YASB\systray_state_EKLTDLU28R55H4ZMB00043.json
2025-12-23 21:15:03,889 [DEBUG] [MainThread] [systray_widget/utils.py:96]: Destroying window 332158
2025-12-23 21:15:03,925 [DEBUG] [MainThread] [qasync._windows._EventPoller/_windows.py:220]: Stopping worker thread...
2025-12-23 21:15:03,940 [DEBUG] [Dummy-5] [qasync._windows._EventWorker/_windows.py:204]: Exiting thread
2025-12-23 21:15:03,958 [DEBUG] [MainThread] [qasync._windows._IocpProactor/_windows.py:78]: Closing
2025-12-23 21:15:04,074 [DEBUG] [MainThread] [systray_widget/utils.py:96]: Destroying window 332158
2025-12-23 21:15:04,084 [INFO] [MainThread] [root/main.py:71]: Previous instance exited, continuing startup.
2025-12-23 21:15:04,336 [ERROR] [MainThread] [root/weather.py:60]: API key or location is missing. Please provide a valid API key and location.
2025-12-23 21:15:04,576 [INFO] [MainThread] [root/service.py:48]: AudioOutputService starting...
2025-12-23 21:15:05,152 [DEBUG] [MainThread] [root/pin_manager.py:163]: Loaded 0 pinned apps from C:\Users\ratta\AppData\Local\YASB\taskbar_pinned.json
2025-12-23 21:15:05,491 [INFO] [MainThread] [core.utils.widgets.taskbar.window_manager/window_manager.py:191]: TaskbarWindowManager is starting...
2025-12-23 21:15:05,526 [ERROR] [MainThread] [root/weather.py:60]: API key or location is missing. Please provide a valid API key and location.
2025-12-23 21:15:05,964 [INFO] [MainThread] [root/bar_manager.py:85]: Starting WindowsNotificationEventListener...
2025-12-23 21:15:05,965 [INFO] [MainThread] [root/bar_manager.py:85]: Starting SystemEventListener...
2025-12-23 21:15:05,965 [INFO] [MainThread] [root/watcher.py:54]: Created file watcher for path C:\Users\ratta\.config\yasb
2025-12-23 21:15:05,997 [INFO] [MainThread] [root/update_service.py:409]: Background update checker started
2025-12-23 21:15:05,997 [DEBUG] [MainThread] [qasync._windows._EventPoller/_windows.py:215]: Starting (proactor: <_IocpProactor overlapped#=0 result#=0>)...
2025-12-23 21:15:05,999 [DEBUG] [Dummy-5] [qasync._windows._EventWorker/_windows.py:195]: Thread started
2025-12-23 21:15:06,001 [DEBUG] [MainThread] [systray_widget/systray.py:526]: Loading state from C:\Users\ratta\AppData\Local\YASB\systray_state_INCG27Q30UMB6CBWL.json
2025-12-23 21:15:06,002 [DEBUG] [SystrayMonitor] [systray_widget/systray.py:57]: Systray thread is starting...
2025-12-23 21:15:06,004 [DEBUG] [MainThread] [systray_widget/systray.py:526]: Loading state from C:\Users\ratta\AppData\Local\YASB\systray_state_EKLTDLU28R55H4ZMB00043.json
2025-12-23 21:15:06,039 [DEBUG] [MainThread] [systray_widget/systray.py:277]: Systray thread started
2025-12-23 21:15:06,240 [DEBUG] [SystrayMonitor] [systray_widget/systray_monitor.py:164]: Adding TaskbandHWND prop to hwnd 2560444
2025-12-23 21:15:06,240 [DEBUG] [SystrayMonitor] [systray_widget/systray_monitor.py:242]: Finding real tray hwnd
2025-12-23 21:15:06,248 [DEBUG] [MainThread] [systray_widget/systray_monitor.py:157]: Sending TaskbarCreated message: 49339
2025-12-23 21:15:13,921 [INFO] [MainThread] [root/controller.py:15]: Reloading Application because of config change.
2025-12-23 21:15:14,022 [INFO] [MainThread] [cli_server/cli_server.py:112]: Log pipe server stopped
2025-12-23 21:15:14,022 [DEBUG] [MainThread] [cli_server/cli_server.py:206]: CLI server stopped
2025-12-23 21:15:14,031 [INFO] [MainThread] [root/bar_manager.py:76]: Successfully loaded updated config and re-initialised all bars.
2025-12-23 21:15:14,280 [INFO] [MainThread] [root/log.py:69]: YASB v1.8.6
2025-12-23 21:15:14,280 [INFO] [Thread-1 (_run_server)] [cli_server/cli_server.py:212]: CLI server started v1.1.4
2025-12-23 21:15:14,280 [INFO] [MainThread] [cli_server/cli_server.py:104]: Log pipe server started
2025-12-23 21:15:14,280 [INFO] [MainThread] [root/main.py:45]: Waiting for previous YASB instance to exit...
2025-12-23 21:15:14,346 [INFO] [MainThread] [root/bar_manager.py:92]: Stopping WindowsNotificationEventListener...
2025-12-23 21:15:14,346 [INFO] [MainThread] [root/bar_manager.py:92]: Stopping SystemEventListener...
2025-12-23 21:15:14,346 [INFO] [MainThread] [core.utils.widgets.taskbar.window_manager/window_manager.py:218]: TaskbarWindowManager stopped
2025-12-23 21:15:14,347 [DEBUG] [MainThread] [systray_widget/systray.py:504]: Saving state to disk
2025-12-23 21:15:14,347 [DEBUG] [MainThread] [systray_widget/systray.py:508]: Saving state to C:\Users\ratta\AppData\Local\YASB\systray_state_INCG27Q30UMB6CBWL.json
2025-12-23 21:15:14,348 [DEBUG] [MainThread] [systray_widget/utils.py:96]: Destroying window 2560444
2025-12-23 21:15:14,348 [DEBUG] [MainThread] [systray_widget/systray.py:504]: Saving state to disk
2025-12-23 21:15:14,349 [DEBUG] [MainThread] [systray_widget/systray.py:508]: Saving state to C:\Users\ratta\AppData\Local\YASB\systray_state_EKLTDLU28R55H4ZMB00043.json
2025-12-23 21:15:14,350 [DEBUG] [MainThread] [systray_widget/utils.py:96]: Destroying window 2560444
2025-12-23 21:15:14,381 [DEBUG] [MainThread] [qasync._windows._EventPoller/_windows.py:220]: Stopping worker thread...
2025-12-23 21:15:14,394 [DEBUG] [Dummy-5] [qasync._windows._EventWorker/_windows.py:204]: Exiting thread
2025-12-23 21:15:14,405 [DEBUG] [MainThread] [qasync._windows._IocpProactor/_windows.py:78]: Closing
2025-12-23 21:15:14,518 [DEBUG] [MainThread] [systray_widget/utils.py:96]: Destroying window 2560444
2025-12-23 21:15:14,530 [INFO] [MainThread] [root/main.py:71]: Previous instance exited, continuing startup.
2025-12-23 21:15:14,775 [ERROR] [MainThread] [root/weather.py:60]: API key or location is missing. Please provide a valid API key and location.
2025-12-23 21:15:15,006 [INFO] [MainThread] [root/service.py:48]: AudioOutputService starting...
2025-12-23 21:15:15,462 [DEBUG] [MainThread] [root/pin_manager.py:163]: Loaded 0 pinned apps from C:\Users\ratta\AppData\Local\YASB\taskbar_pinned.json
2025-12-23 21:15:15,767 [INFO] [MainThread] [core.utils.widgets.taskbar.window_manager/window_manager.py:191]: TaskbarWindowManager is starting...
2025-12-23 21:15:15,801 [ERROR] [MainThread] [root/weather.py:60]: API key or location is missing. Please provide a valid API key and location.
2025-12-23 21:15:16,279 [INFO] [MainThread] [root/bar_manager.py:85]: Starting SystemEventListener...
2025-12-23 21:15:16,279 [INFO] [MainThread] [root/bar_manager.py:85]: Starting WindowsNotificationEventListener...
2025-12-23 21:15:16,279 [INFO] [MainThread] [root/watcher.py:54]: Created file watcher for path C:\Users\ratta\.config\yasb
2025-12-23 21:15:16,310 [INFO] [MainThread] [root/update_service.py:409]: Background update checker started
2025-12-23 21:15:16,310 [DEBUG] [MainThread] [qasync._windows._EventPoller/_windows.py:215]: Starting (proactor: <_IocpProactor overlapped#=0 result#=0>)...
2025-12-23 21:15:16,312 [DEBUG] [Dummy-5] [qasync._windows._EventWorker/_windows.py:195]: Thread started
2025-12-23 21:15:16,313 [DEBUG] [MainThread] [systray_widget/systray.py:526]: Loading state from C:\Users\ratta\AppData\Local\YASB\systray_state_INCG27Q30UMB6CBWL.json
2025-12-23 21:15:16,314 [DEBUG] [SystrayMonitor] [systray_widget/systray.py:57]: Systray thread is starting...
2025-12-23 21:15:16,316 [DEBUG] [MainThread] [systray_widget/systray.py:526]: Loading state from C:\Users\ratta\AppData\Local\YASB\systray_state_EKLTDLU28R55H4ZMB00043.json
2025-12-23 21:15:16,337 [DEBUG] [MainThread] [systray_widget/systray.py:277]: Systray thread started
2025-12-23 21:15:16,537 [DEBUG] [SystrayMonitor] [systray_widget/systray_monitor.py:164]: Adding TaskbandHWND prop to hwnd 856464
2025-12-23 21:15:16,538 [DEBUG] [SystrayMonitor] [systray_widget/systray_monitor.py:242]: Finding real tray hwnd
2025-12-23 21:15:16,544 [DEBUG] [MainThread] [systray_widget/systray_monitor.py:157]: Sending TaskbarCreated message: 49339
2025-12-23 21:18:47,343 [ERROR] [MainThread] [root/bar_manager.py:56]: Error loading config: while scanning a simple key
  in "C:\Users\ratta\.config\yasb\config.yaml", line 232, column 3
could not find expected ':'
  in "C:\Users\ratta\.config\yasb\config.yaml", line 233, column 3
2025-12-23 21:19:53,583 [INFO] [MainThread] [root/controller.py:15]: Reloading Application because of config change.
2025-12-23 21:19:53,695 [INFO] [MainThread] [cli_server/cli_server.py:112]: Log pipe server stopped
2025-12-23 21:19:53,696 [DEBUG] [MainThread] [cli_server/cli_server.py:206]: CLI server stopped
2025-12-23 21:19:53,701 [INFO] [MainThread] [root/bar_manager.py:76]: Successfully loaded updated config and re-initialised all bars.
2025-12-23 21:19:53,971 [INFO] [MainThread] [root/log.py:69]: YASB v1.8.6
2025-12-23 21:19:53,971 [INFO] [Thread-1 (_run_server)] [cli_server/cli_server.py:212]: CLI server started v1.1.4
2025-12-23 21:19:53,971 [INFO] [MainThread] [cli_server/cli_server.py:104]: Log pipe server started
2025-12-23 21:19:53,972 [INFO] [MainThread] [root/main.py:45]: Waiting for previous YASB instance to exit...
2025-12-23 21:19:54,009 [INFO] [MainThread] [root/bar_manager.py:92]: Stopping SystemEventListener...
2025-12-23 21:19:54,009 [INFO] [MainThread] [root/bar_manager.py:92]: Stopping WindowsNotificationEventListener...
2025-12-23 21:19:54,009 [INFO] [MainThread] [core.utils.widgets.taskbar.window_manager/window_manager.py:218]: TaskbarWindowManager stopped
2025-12-23 21:19:54,011 [DEBUG] [MainThread] [systray_widget/systray.py:504]: Saving state to disk
2025-12-23 21:19:54,011 [DEBUG] [MainThread] [systray_widget/systray.py:508]: Saving state to C:\Users\ratta\AppData\Local\YASB\systray_state_INCG27Q30UMB6CBWL.json
2025-12-23 21:19:54,012 [DEBUG] [MainThread] [systray_widget/utils.py:96]: Destroying window 856464
2025-12-23 21:19:54,012 [DEBUG] [MainThread] [systray_widget/systray.py:504]: Saving state to disk
2025-12-23 21:19:54,013 [DEBUG] [MainThread] [systray_widget/systray.py:508]: Saving state to C:\Users\ratta\AppData\Local\YASB\systray_state_EKLTDLU28R55H4ZMB00043.json
2025-12-23 21:19:54,014 [DEBUG] [MainThread] [systray_widget/utils.py:96]: Destroying window 856464
2025-12-23 21:19:54,051 [DEBUG] [MainThread] [qasync._windows._EventPoller/_windows.py:220]: Stopping worker thread...
2025-12-23 21:19:54,053 [DEBUG] [Dummy-5] [qasync._windows._EventWorker/_windows.py:204]: Exiting thread
2025-12-23 21:19:54,068 [DEBUG] [MainThread] [qasync._windows._IocpProactor/_windows.py:78]: Closing
2025-12-23 21:19:54,204 [DEBUG] [MainThread] [systray_widget/utils.py:96]: Destroying window 856464
2025-12-23 21:19:54,222 [INFO] [MainThread] [root/main.py:71]: Previous instance exited, continuing startup.
2025-12-23 21:19:54,495 [ERROR] [MainThread] [root/weather.py:60]: API key or location is missing. Please provide a valid API key and location.
2025-12-23 21:19:54,715 [INFO] [MainThread] [root/service.py:48]: AudioOutputService starting...
2025-12-23 21:19:55,231 [DEBUG] [MainThread] [root/pin_manager.py:163]: Loaded 0 pinned apps from C:\Users\ratta\AppData\Local\YASB\taskbar_pinned.json
2025-12-23 21:19:55,644 [INFO] [MainThread] [core.utils.widgets.taskbar.window_manager/window_manager.py:191]: TaskbarWindowManager is starting...
2025-12-23 21:19:55,686 [ERROR] [MainThread] [root/weather.py:60]: API key or location is missing. Please provide a valid API key and location.
2025-12-23 21:19:56,114 [INFO] [MainThread] [root/bar_manager.py:85]: Starting SystemEventListener...
2025-12-23 21:19:56,114 [INFO] [MainThread] [root/bar_manager.py:85]: Starting WindowsNotificationEventListener...
2025-12-23 21:19:56,115 [INFO] [MainThread] [root/watcher.py:54]: Created file watcher for path C:\Users\ratta\.config\yasb
2025-12-23 21:19:56,149 [INFO] [MainThread] [root/update_service.py:409]: Background update checker started
2025-12-23 21:19:56,149 [DEBUG] [MainThread] [qasync._windows._EventPoller/_windows.py:215]: Starting (proactor: <_IocpProactor overlapped#=0 result#=0>)...
2025-12-23 21:19:56,151 [DEBUG] [Dummy-5] [qasync._windows._EventWorker/_windows.py:195]: Thread started
2025-12-23 21:19:56,153 [DEBUG] [MainThread] [systray_widget/systray.py:526]: Loading state from C:\Users\ratta\AppData\Local\YASB\systray_state_INCG27Q30UMB6CBWL.json
2025-12-23 21:19:56,155 [DEBUG] [SystrayMonitor] [systray_widget/systray.py:57]: Systray thread is starting...
2025-12-23 21:19:56,156 [DEBUG] [MainThread] [systray_widget/systray.py:526]: Loading state from C:\Users\ratta\AppData\Local\YASB\systray_state_EKLTDLU28R55H4ZMB00043.json
2025-12-23 21:19:56,185 [DEBUG] [MainThread] [systray_widget/systray.py:277]: Systray thread started
2025-12-23 21:19:56,388 [DEBUG] [SystrayMonitor] [systray_widget/systray_monitor.py:164]: Adding TaskbandHWND prop to hwnd 528778
2025-12-23 21:19:56,389 [DEBUG] [SystrayMonitor] [systray_widget/systray_monitor.py:242]: Finding real tray hwnd
2025-12-23 21:19:56,396 [DEBUG] [MainThread] [systray_widget/systray_monitor.py:157]: Sending TaskbarCreated message: 49339
2025-12-23 21:20:00,997 [INFO] [MainThread] [root/controller.py:15]: Reloading Application because of config change.
2025-12-23 21:20:01,112 [INFO] [MainThread] [cli_server/cli_server.py:112]: Log pipe server stopped
2025-12-23 21:20:01,112 [DEBUG] [MainThread] [cli_server/cli_server.py:206]: CLI server stopped
2025-12-23 21:20:01,116 [INFO] [MainThread] [root/bar_manager.py:76]: Successfully loaded updated config and re-initialised all bars.
2025-12-23 21:20:01,379 [INFO] [MainThread] [root/log.py:69]: YASB v1.8.6
2025-12-23 21:20:01,379 [INFO] [Thread-1 (_run_server)] [cli_server/cli_server.py:212]: CLI server started v1.1.4
2025-12-23 21:20:01,380 [INFO] [MainThread] [cli_server/cli_server.py:104]: Log pipe server started
2025-12-23 21:20:01,380 [INFO] [MainThread] [root/main.py:45]: Waiting for previous YASB instance to exit...
2025-12-23 21:20:01,427 [INFO] [MainThread] [root/bar_manager.py:92]: Stopping SystemEventListener...
2025-12-23 21:20:01,427 [INFO] [MainThread] [root/bar_manager.py:92]: Stopping WindowsNotificationEventListener...
2025-12-23 21:20:01,428 [INFO] [MainThread] [core.utils.widgets.taskbar.window_manager/window_manager.py:218]: TaskbarWindowManager stopped
2025-12-23 21:20:01,429 [DEBUG] [MainThread] [systray_widget/systray.py:504]: Saving state to disk
2025-12-23 21:20:01,429 [DEBUG] [MainThread] [systray_widget/systray.py:508]: Saving state to C:\Users\ratta\AppData\Local\YASB\systray_state_INCG27Q30UMB6CBWL.json
2025-12-23 21:20:01,430 [DEBUG] [MainThread] [systray_widget/utils.py:96]: Destroying window 528778
2025-12-23 21:20:01,430 [DEBUG] [MainThread] [systray_widget/systray.py:504]: Saving state to disk
2025-12-23 21:20:01,431 [DEBUG] [MainThread] [systray_widget/systray.py:508]: Saving state to C:\Users\ratta\AppData\Local\YASB\systray_state_EKLTDLU28R55H4ZMB00043.json
2025-12-23 21:20:01,431 [DEBUG] [MainThread] [systray_widget/utils.py:96]: Destroying window 528778
2025-12-23 21:20:01,455 [DEBUG] [MainThread] [qasync._windows._EventPoller/_windows.py:220]: Stopping worker thread...
2025-12-23 21:20:01,469 [DEBUG] [Dummy-5] [qasync._windows._EventWorker/_windows.py:204]: Exiting thread
2025-12-23 21:20:01,483 [DEBUG] [MainThread] [qasync._windows._IocpProactor/_windows.py:78]: Closing
2025-12-23 21:20:01,594 [DEBUG] [MainThread] [systray_widget/utils.py:96]: Destroying window 528778
2025-12-23 21:20:01,630 [INFO] [MainThread] [root/main.py:71]: Previous instance exited, continuing startup.
2025-12-23 21:20:01,891 [ERROR] [MainThread] [root/weather.py:60]: API key or location is missing. Please provide a valid API key and location.
2025-12-23 21:20:02,151 [INFO] [MainThread] [root/service.py:48]: AudioOutputService starting...
2025-12-23 21:20:02,631 [DEBUG] [MainThread] [root/pin_manager.py:163]: Loaded 0 pinned apps from C:\Users\ratta\AppData\Local\YASB\taskbar_pinned.json
2025-12-23 21:20:02,847 [INFO] [MainThread] [core.utils.widgets.taskbar.window_manager/window_manager.py:191]: TaskbarWindowManager is starting...
2025-12-23 21:20:02,883 [ERROR] [MainThread] [root/weather.py:60]: API key or location is missing. Please provide a valid API key and location.
2025-12-23 21:20:03,398 [INFO] [MainThread] [root/bar_manager.py:85]: Starting SystemEventListener...
2025-12-23 21:20:03,399 [INFO] [MainThread] [root/bar_manager.py:85]: Starting WindowsNotificationEventListener...
2025-12-23 21:20:03,399 [INFO] [MainThread] [root/watcher.py:54]: Created file watcher for path C:\Users\ratta\.config\yasb
2025-12-23 21:20:03,431 [INFO] [MainThread] [root/update_service.py:409]: Background update checker started
2025-12-23 21:20:03,431 [DEBUG] [MainThread] [qasync._windows._EventPoller/_windows.py:215]: Starting (proactor: <_IocpProactor overlapped#=0 result#=0>)...
2025-12-23 21:20:03,432 [DEBUG] [Dummy-5] [qasync._windows._EventWorker/_windows.py:195]: Thread started
2025-12-23 21:20:03,434 [DEBUG] [MainThread] [systray_widget/systray.py:526]: Loading state from C:\Users\ratta\AppData\Local\YASB\systray_state_INCG27Q30UMB6CBWL.json
2025-12-23 21:20:03,435 [DEBUG] [SystrayMonitor] [systray_widget/systray.py:57]: Systray thread is starting...
2025-12-23 21:20:03,437 [DEBUG] [MainThread] [systray_widget/systray.py:526]: Loading state from C:\Users\ratta\AppData\Local\YASB\systray_state_EKLTDLU28R55H4ZMB00043.json
2025-12-23 21:20:03,460 [DEBUG] [MainThread] [systray_widget/systray.py:277]: Systray thread started
2025-12-23 21:20:03,522 [DEBUG] [SystrayMonitor] [systray_widget/systray_monitor.py:242]: Finding real tray hwnd
2025-12-23 21:20:03,660 [DEBUG] [SystrayMonitor] [systray_widget/systray_monitor.py:164]: Adding TaskbandHWND prop to hwnd 987464
2025-12-23 21:20:03,665 [DEBUG] [MainThread] [systray_widget/systray_monitor.py:157]: Sending TaskbarCreated message: 49339
2025-12-23 21:20:05,532 [INFO] [MainThread] [root/controller.py:15]: Reloading Application because of config change.
2025-12-23 21:20:05,644 [INFO] [MainThread] [cli_server/cli_server.py:112]: Log pipe server stopped
2025-12-23 21:20:05,644 [DEBUG] [MainThread] [cli_server/cli_server.py:206]: CLI server stopped
2025-12-23 21:20:05,649 [INFO] [MainThread] [root/bar_manager.py:76]: Successfully loaded updated config and re-initialised all bars.
2025-12-23 21:20:05,910 [INFO] [MainThread] [root/log.py:69]: YASB v1.8.6
2025-12-23 21:20:05,910 [INFO] [Thread-1 (_run_server)] [cli_server/cli_server.py:212]: CLI server started v1.1.4
2025-12-23 21:20:05,910 [INFO] [MainThread] [cli_server/cli_server.py:104]: Log pipe server started
2025-12-23 21:20:05,910 [INFO] [MainThread] [root/main.py:45]: Waiting for previous YASB instance to exit...
2025-12-23 21:20:05,956 [INFO] [MainThread] [root/bar_manager.py:92]: Stopping SystemEventListener...
2025-12-23 21:20:05,956 [INFO] [MainThread] [root/bar_manager.py:92]: Stopping WindowsNotificationEventListener...
2025-12-23 21:20:05,957 [INFO] [MainThread] [core.utils.widgets.taskbar.window_manager/window_manager.py:218]: TaskbarWindowManager stopped
2025-12-23 21:20:05,959 [DEBUG] [MainThread] [systray_widget/systray.py:504]: Saving state to disk
2025-12-23 21:20:05,959 [DEBUG] [MainThread] [systray_widget/systray.py:508]: Saving state to C:\Users\ratta\AppData\Local\YASB\systray_state_INCG27Q30UMB6CBWL.json
2025-12-23 21:20:05,960 [DEBUG] [MainThread] [systray_widget/utils.py:96]: Destroying window 987464
2025-12-23 21:20:05,960 [DEBUG] [MainThread] [systray_widget/systray.py:504]: Saving state to disk
2025-12-23 21:20:05,961 [DEBUG] [MainThread] [systray_widget/systray.py:508]: Saving state to C:\Users\ratta\AppData\Local\YASB\systray_state_EKLTDLU28R55H4ZMB00043.json
2025-12-23 21:20:05,961 [DEBUG] [MainThread] [systray_widget/utils.py:96]: Destroying window 987464
2025-12-23 21:20:05,999 [DEBUG] [MainThread] [qasync._windows._EventPoller/_windows.py:220]: Stopping worker thread...
2025-12-23 21:20:06,005 [DEBUG] [Dummy-5] [qasync._windows._EventWorker/_windows.py:204]: Exiting thread
2025-12-23 21:20:06,021 [DEBUG] [MainThread] [qasync._windows._IocpProactor/_windows.py:78]: Closing
2025-12-23 21:20:06,146 [DEBUG] [MainThread] [systray_widget/utils.py:96]: Destroying window 987464
2025-12-23 21:20:06,161 [INFO] [MainThread] [root/main.py:71]: Previous instance exited, continuing startup.
2025-12-23 21:20:06,451 [ERROR] [MainThread] [root/weather.py:60]: API key or location is missing. Please provide a valid API key and location.
2025-12-23 21:20:06,699 [INFO] [MainThread] [root/service.py:48]: AudioOutputService starting...
2025-12-23 21:20:07,262 [DEBUG] [MainThread] [root/pin_manager.py:163]: Loaded 0 pinned apps from C:\Users\ratta\AppData\Local\YASB\taskbar_pinned.json
2025-12-23 21:20:07,604 [INFO] [MainThread] [core.utils.widgets.taskbar.window_manager/window_manager.py:191]: TaskbarWindowManager is starting...
2025-12-23 21:20:07,643 [ERROR] [MainThread] [root/weather.py:60]: API key or location is missing. Please provide a valid API key and location.
2025-12-23 21:20:08,106 [INFO] [MainThread] [root/bar_manager.py:85]: Starting WindowsNotificationEventListener...
2025-12-23 21:20:08,107 [INFO] [MainThread] [root/bar_manager.py:85]: Starting SystemEventListener...
2025-12-23 21:20:08,107 [INFO] [MainThread] [root/watcher.py:54]: Created file watcher for path C:\Users\ratta\.config\yasb
2025-12-23 21:20:08,141 [INFO] [MainThread] [root/update_service.py:409]: Background update checker started
2025-12-23 21:20:08,141 [DEBUG] [MainThread] [qasync._windows._EventPoller/_windows.py:215]: Starting (proactor: <_IocpProactor overlapped#=0 result#=0>)...
2025-12-23 21:20:08,142 [DEBUG] [Dummy-5] [qasync._windows._EventWorker/_windows.py:195]: Thread started
2025-12-23 21:20:08,144 [DEBUG] [MainThread] [systray_widget/systray.py:526]: Loading state from C:\Users\ratta\AppData\Local\YASB\systray_state_INCG27Q30UMB6CBWL.json
2025-12-23 21:20:08,146 [DEBUG] [SystrayMonitor] [systray_widget/systray.py:57]: Systray thread is starting...
2025-12-23 21:20:08,147 [DEBUG] [MainThread] [systray_widget/systray.py:526]: Loading state from C:\Users\ratta\AppData\Local\YASB\systray_state_EKLTDLU28R55H4ZMB00043.json
2025-12-23 21:20:08,174 [DEBUG] [MainThread] [systray_widget/systray.py:277]: Systray thread started
2025-12-23 21:20:08,375 [DEBUG] [SystrayMonitor] [systray_widget/systray_monitor.py:164]: Adding TaskbandHWND prop to hwnd 790772
2025-12-23 21:20:08,376 [DEBUG] [SystrayMonitor] [systray_widget/systray_monitor.py:242]: Finding real tray hwnd
2025-12-23 21:20:08,384 [DEBUG] [MainThread] [systray_widget/systray_monitor.py:157]: Sending TaskbarCreated message: 49339
2025-12-23 21:20:11,930 [INFO] [MainThread] [root/controller.py:15]: Reloading Application because of config change.
2025-12-23 21:20:12,037 [INFO] [MainThread] [cli_server/cli_server.py:112]: Log pipe server stopped
2025-12-23 21:20:12,037 [DEBUG] [MainThread] [cli_server/cli_server.py:206]: CLI server stopped
2025-12-23 21:20:12,043 [INFO] [MainThread] [root/bar_manager.py:76]: Successfully loaded updated config and re-initialised all bars.
2025-12-23 21:20:12,306 [INFO] [MainThread] [root/log.py:69]: YASB v1.8.6
2025-12-23 21:20:12,306 [INFO] [Thread-1 (_run_server)] [cli_server/cli_server.py:212]: CLI server started v1.1.4
2025-12-23 21:20:12,306 [INFO] [MainThread] [cli_server/cli_server.py:104]: Log pipe server started
2025-12-23 21:20:12,307 [INFO] [MainThread] [root/main.py:45]: Waiting for previous YASB instance to exit...
2025-12-23 21:20:12,406 [INFO] [MainThread] [root/bar_manager.py:92]: Stopping WindowsNotificationEventListener...
2025-12-23 21:20:12,407 [INFO] [MainThread] [root/bar_manager.py:92]: Stopping SystemEventListener...
2025-12-23 21:20:12,407 [INFO] [MainThread] [core.utils.widgets.taskbar.window_manager/window_manager.py:218]: TaskbarWindowManager stopped
2025-12-23 21:20:12,408 [DEBUG] [MainThread] [systray_widget/systray.py:504]: Saving state to disk
2025-12-23 21:20:12,408 [DEBUG] [MainThread] [systray_widget/systray.py:508]: Saving state to C:\Users\ratta\AppData\Local\YASB\systray_state_INCG27Q30UMB6CBWL.json
2025-12-23 21:20:12,410 [DEBUG] [MainThread] [systray_widget/utils.py:96]: Destroying window 790772
2025-12-23 21:20:12,410 [DEBUG] [MainThread] [systray_widget/systray.py:504]: Saving state to disk
2025-12-23 21:20:12,410 [DEBUG] [MainThread] [systray_widget/systray.py:508]: Saving state to C:\Users\ratta\AppData\Local\YASB\systray_state_EKLTDLU28R55H4ZMB00043.json
2025-12-23 21:20:12,411 [DEBUG] [MainThread] [systray_widget/utils.py:96]: Destroying window 790772
2025-12-23 21:20:12,450 [DEBUG] [MainThread] [qasync._windows._EventPoller/_windows.py:220]: Stopping worker thread...
2025-12-23 21:20:12,456 [DEBUG] [Dummy-5] [qasync._windows._EventWorker/_windows.py:204]: Exiting thread
2025-12-23 21:20:12,470 [DEBUG] [MainThread] [qasync._windows._IocpProactor/_windows.py:78]: Closing
2025-12-23 21:20:12,595 [DEBUG] [MainThread] [systray_widget/utils.py:96]: Destroying window 790772
2025-12-23 21:20:12,807 [INFO] [MainThread] [root/main.py:71]: Previous instance exited, continuing startup.
2025-12-23 21:20:13,061 [ERROR] [MainThread] [root/weather.py:60]: API key or location is missing. Please provide a valid API key and location.
2025-12-23 21:20:13,282 [INFO] [MainThread] [root/service.py:48]: AudioOutputService starting...
2025-12-23 21:20:13,745 [DEBUG] [MainThread] [root/pin_manager.py:163]: Loaded 0 pinned apps from C:\Users\ratta\AppData\Local\YASB\taskbar_pinned.json
2025-12-23 21:20:14,022 [INFO] [MainThread] [core.utils.widgets.taskbar.window_manager/window_manager.py:191]: TaskbarWindowManager is starting...
2025-12-23 21:20:14,058 [ERROR] [MainThread] [root/weather.py:60]: API key or location is missing. Please provide a valid API key and location.
2025-12-23 21:20:14,609 [INFO] [MainThread] [root/bar_manager.py:85]: Starting WindowsNotificationEventListener...
2025-12-23 21:20:14,610 [INFO] [MainThread] [root/bar_manager.py:85]: Starting SystemEventListener...
2025-12-23 21:20:14,610 [INFO] [MainThread] [root/watcher.py:54]: Created file watcher for path C:\Users\ratta\.config\yasb
2025-12-23 21:20:14,644 [INFO] [MainThread] [root/update_service.py:409]: Background update checker started
2025-12-23 21:20:14,644 [DEBUG] [MainThread] [qasync._windows._EventPoller/_windows.py:215]: Starting (proactor: <_IocpProactor overlapped#=0 result#=0>)...
2025-12-23 21:20:14,645 [DEBUG] [Dummy-5] [qasync._windows._EventWorker/_windows.py:195]: Thread started
2025-12-23 21:20:14,647 [DEBUG] [MainThread] [systray_widget/systray.py:526]: Loading state from C:\Users\ratta\AppData\Local\YASB\systray_state_INCG27Q30UMB6CBWL.json
2025-12-23 21:20:14,649 [DEBUG] [SystrayMonitor] [systray_widget/systray.py:57]: Systray thread is starting...
2025-12-23 21:20:14,651 [DEBUG] [MainThread] [systray_widget/systray.py:526]: Loading state from C:\Users\ratta\AppData\Local\YASB\systray_state_EKLTDLU28R55H4ZMB00043.json
2025-12-23 21:20:14,677 [DEBUG] [MainThread] [systray_widget/systray.py:277]: Systray thread started
2025-12-23 21:20:14,878 [DEBUG] [SystrayMonitor] [systray_widget/systray_monitor.py:164]: Adding TaskbandHWND prop to hwnd 594276
2025-12-23 21:20:14,879 [DEBUG] [SystrayMonitor] [systray_widget/systray_monitor.py:242]: Finding real tray hwnd
2025-12-23 21:20:14,885 [DEBUG] [MainThread] [systray_widget/systray_monitor.py:157]: Sending TaskbarCreated message: 49339
2025-12-23 21:27:39,434 [INFO] [MainThread] [root/controller.py:15]: Reloading Application because of config change.
2025-12-23 21:27:39,534 [INFO] [MainThread] [cli_server/cli_server.py:112]: Log pipe server stopped
2025-12-23 21:27:39,534 [DEBUG] [MainThread] [cli_server/cli_server.py:206]: CLI server stopped
2025-12-23 21:27:39,538 [INFO] [MainThread] [root/bar_manager.py:76]: Successfully loaded updated config and re-initialised all bars.
2025-12-23 21:27:39,806 [INFO] [MainThread] [root/log.py:69]: YASB v1.8.6
2025-12-23 21:27:39,807 [INFO] [Thread-1 (_run_server)] [cli_server/cli_server.py:212]: CLI server started v1.1.4
2025-12-23 21:27:39,807 [INFO] [MainThread] [cli_server/cli_server.py:104]: Log pipe server started
2025-12-23 21:27:39,807 [INFO] [MainThread] [root/main.py:45]: Waiting for previous YASB instance to exit...
2025-12-23 21:27:39,839 [INFO] [MainThread] [root/bar_manager.py:92]: Stopping WindowsNotificationEventListener...
2025-12-23 21:27:39,840 [INFO] [MainThread] [root/bar_manager.py:92]: Stopping SystemEventListener...
2025-12-23 21:27:39,840 [INFO] [MainThread] [core.utils.widgets.taskbar.window_manager/window_manager.py:218]: TaskbarWindowManager stopped
2025-12-23 21:27:39,841 [DEBUG] [MainThread] [systray_widget/systray.py:504]: Saving state to disk
2025-12-23 21:27:39,842 [DEBUG] [MainThread] [systray_widget/systray.py:508]: Saving state to C:\Users\ratta\AppData\Local\YASB\systray_state_INCG27Q30UMB6CBWL.json
2025-12-23 21:27:39,843 [DEBUG] [MainThread] [systray_widget/utils.py:96]: Destroying window 594276
2025-12-23 21:27:39,843 [DEBUG] [MainThread] [systray_widget/systray.py:504]: Saving state to disk
2025-12-23 21:27:39,843 [DEBUG] [MainThread] [systray_widget/systray.py:508]: Saving state to C:\Users\ratta\AppData\Local\YASB\systray_state_EKLTDLU28R55H4ZMB00043.json
2025-12-23 21:27:39,844 [DEBUG] [MainThread] [systray_widget/utils.py:96]: Destroying window 594276
2025-12-23 21:27:39,898 [DEBUG] [MainThread] [qasync._windows._EventPoller/_windows.py:220]: Stopping worker thread...
2025-12-23 21:27:39,904 [DEBUG] [Dummy-5] [qasync._windows._EventWorker/_windows.py:204]: Exiting thread
2025-12-23 21:27:39,921 [DEBUG] [MainThread] [qasync._windows._IocpProactor/_windows.py:78]: Closing
2025-12-23 21:27:40,034 [DEBUG] [MainThread] [systray_widget/utils.py:96]: Destroying window 594276
2025-12-23 21:27:40,057 [INFO] [MainThread] [root/main.py:71]: Previous instance exited, continuing startup.
2025-12-23 21:27:40,331 [ERROR] [MainThread] [root/weather.py:60]: API key or location is missing. Please provide a valid API key and location.
2025-12-23 21:27:40,535 [INFO] [MainThread] [root/service.py:48]: AudioOutputService starting...
2025-12-23 21:27:41,014 [DEBUG] [MainThread] [root/pin_manager.py:163]: Loaded 0 pinned apps from C:\Users\ratta\AppData\Local\YASB\taskbar_pinned.json
2025-12-23 21:27:41,133 [INFO] [MainThread] [core.utils.widgets.taskbar.window_manager/window_manager.py:191]: TaskbarWindowManager is starting...
2025-12-23 21:27:41,171 [ERROR] [MainThread] [root/weather.py:60]: API key or location is missing. Please provide a valid API key and location.
2025-12-23 21:27:41,504 [INFO] [MainThread] [root/bar_manager.py:85]: Starting SystemEventListener...
2025-12-23 21:27:41,504 [INFO] [MainThread] [root/bar_manager.py:85]: Starting WindowsNotificationEventListener...
2025-12-23 21:27:41,505 [INFO] [MainThread] [root/watcher.py:54]: Created file watcher for path C:\Users\ratta\.config\yasb
2025-12-23 21:27:41,553 [INFO] [MainThread] [root/update_service.py:409]: Background update checker started
2025-12-23 21:27:41,553 [DEBUG] [MainThread] [qasync._windows._EventPoller/_windows.py:215]: Starting (proactor: <_IocpProactor overlapped#=0 result#=0>)...
2025-12-23 21:27:41,554 [DEBUG] [Dummy-5] [qasync._windows._EventWorker/_windows.py:195]: Thread started
2025-12-23 21:27:41,555 [DEBUG] [MainThread] [systray_widget/systray.py:526]: Loading state from C:\Users\ratta\AppData\Local\YASB\systray_state_INCG27Q30UMB6CBWL.json
2025-12-23 21:27:41,557 [DEBUG] [SystrayMonitor] [systray_widget/systray.py:57]: Systray thread is starting...
2025-12-23 21:27:41,559 [DEBUG] [MainThread] [systray_widget/systray.py:526]: Loading state from C:\Users\ratta\AppData\Local\YASB\systray_state_EKLTDLU28R55H4ZMB00043.json
2025-12-23 21:27:41,585 [DEBUG] [MainThread] [systray_widget/systray.py:277]: Systray thread started
2025-12-23 21:27:41,618 [DEBUG] [SystrayMonitor] [systray_widget/systray_monitor.py:242]: Finding real tray hwnd
2025-12-23 21:27:41,786 [DEBUG] [SystrayMonitor] [systray_widget/systray_monitor.py:164]: Adding TaskbandHWND prop to hwnd 3019226
2025-12-23 21:27:41,791 [DEBUG] [MainThread] [systray_widget/systray_monitor.py:157]: Sending TaskbarCreated message: 49339
2025-12-23 22:40:45,588 [ERROR] [Dummy-16] [core.utils.widgets.media.media/media.py:266]: MediaCallback: Error occurred whilst fetching media properties and thumbnail: [WinError -2147024875] The device is not ready.
2025-12-23 22:40:53,659 [ERROR] [Dummy-16] [core.utils.widgets.media.media/media.py:266]: MediaCallback: Error occurred whilst fetching media properties and thumbnail: [WinError -2147024875] The device is not ready.
2025-12-23 22:47:09,032 [ERROR] [Dummy-20] [core.utils.widgets.media.media/media.py:266]: MediaCallback: Error occurred whilst fetching media properties and thumbnail: [WinError -2147024875] The device is not ready.
2025-12-23 22:53:00,887 [INFO] [MainThread] [root/controller.py:15]: Reloading Application because of config change.
2025-12-23 22:53:00,988 [INFO] [MainThread] [cli_server/cli_server.py:112]: Log pipe server stopped
2025-12-23 22:53:00,988 [DEBUG] [MainThread] [cli_server/cli_server.py:206]: CLI server stopped
2025-12-23 22:53:00,994 [INFO] [MainThread] [root/bar_manager.py:76]: Successfully loaded updated config and re-initialised all bars.
2025-12-23 22:53:01,334 [INFO] [MainThread] [root/log.py:69]: YASB v1.8.6
2025-12-23 22:53:01,335 [INFO] [Thread-1 (_run_server)] [cli_server/cli_server.py:212]: CLI server started v1.1.4
2025-12-23 22:53:01,335 [INFO] [MainThread] [cli_server/cli_server.py:104]: Log pipe server started
2025-12-23 22:53:01,335 [INFO] [MainThread] [root/main.py:45]: Waiting for previous YASB instance to exit...
2025-12-23 22:53:01,356 [INFO] [MainThread] [root/bar_manager.py:92]: Stopping SystemEventListener...
2025-12-23 22:53:01,356 [INFO] [MainThread] [root/bar_manager.py:92]: Stopping WindowsNotificationEventListener...
2025-12-23 22:53:01,357 [INFO] [MainThread] [core.utils.widgets.taskbar.window_manager/window_manager.py:218]: TaskbarWindowManager stopped
2025-12-23 22:53:01,358 [DEBUG] [MainThread] [systray_widget/systray.py:504]: Saving state to disk
2025-12-23 22:53:01,359 [DEBUG] [MainThread] [systray_widget/systray.py:508]: Saving state to C:\Users\ratta\AppData\Local\YASB\systray_state_INCG27Q30UMB6CBWL.json
2025-12-23 22:53:01,360 [DEBUG] [MainThread] [systray_widget/utils.py:96]: Destroying window 3019226
2025-12-23 22:53:01,361 [DEBUG] [MainThread] [systray_widget/systray.py:504]: Saving state to disk
2025-12-23 22:53:01,361 [DEBUG] [MainThread] [systray_widget/systray.py:508]: Saving state to C:\Users\ratta\AppData\Local\YASB\systray_state_EKLTDLU28R55H4ZMB00043.json
2025-12-23 22:53:01,361 [DEBUG] [MainThread] [systray_widget/utils.py:96]: Destroying window 3019226
2025-12-23 22:53:01,373 [DEBUG] [MainThread] [qasync._windows._EventPoller/_windows.py:220]: Stopping worker thread...
2025-12-23 22:53:01,379 [DEBUG] [Dummy-5] [qasync._windows._EventWorker/_windows.py:204]: Exiting thread
2025-12-23 22:53:01,422 [DEBUG] [MainThread] [qasync._windows._IocpProactor/_windows.py:78]: Closing
2025-12-23 22:53:01,632 [DEBUG] [MainThread] [systray_widget/utils.py:96]: Destroying window 3019226
2025-12-23 22:53:01,836 [INFO] [MainThread] [root/main.py:71]: Previous instance exited, continuing startup.
2025-12-23 22:53:02,083 [ERROR] [MainThread] [root/weather.py:60]: API key or location is missing. Please provide a valid API key and location.
2025-12-23 22:53:02,297 [INFO] [MainThread] [root/service.py:48]: AudioOutputService starting...
2025-12-23 22:53:02,868 [DEBUG] [MainThread] [root/pin_manager.py:163]: Loaded 0 pinned apps from C:\Users\ratta\AppData\Local\YASB\taskbar_pinned.json
2025-12-23 22:53:03,172 [INFO] [MainThread] [core.utils.widgets.taskbar.window_manager/window_manager.py:191]: TaskbarWindowManager is starting...
2025-12-23 22:53:03,209 [ERROR] [MainThread] [root/weather.py:60]: API key or location is missing. Please provide a valid API key and location.
2025-12-23 22:53:03,579 [INFO] [MainThread] [root/bar_manager.py:85]: Starting SystemEventListener...
2025-12-23 22:53:03,579 [INFO] [MainThread] [root/bar_manager.py:85]: Starting WindowsNotificationEventListener...
2025-12-23 22:53:03,580 [INFO] [MainThread] [root/watcher.py:54]: Created file watcher for path C:\Users\ratta\.config\yasb
2025-12-23 22:53:03,618 [INFO] [MainThread] [root/update_service.py:409]: Background update checker started
2025-12-23 22:53:03,618 [DEBUG] [MainThread] [qasync._windows._EventPoller/_windows.py:215]: Starting (proactor: <_IocpProactor overlapped#=0 result#=0>)...
2025-12-23 22:53:03,624 [DEBUG] [Dummy-5] [qasync._windows._EventWorker/_windows.py:195]: Thread started
2025-12-23 22:53:03,650 [DEBUG] [MainThread] [systray_widget/systray.py:526]: Loading state from C:\Users\ratta\AppData\Local\YASB\systray_state_INCG27Q30UMB6CBWL.json
2025-12-23 22:53:03,652 [DEBUG] [SystrayMonitor] [systray_widget/systray.py:57]: Systray thread is starting...
2025-12-23 22:53:03,655 [DEBUG] [MainThread] [systray_widget/systray.py:526]: Loading state from C:\Users\ratta\AppData\Local\YASB\systray_state_EKLTDLU28R55H4ZMB00043.json
2025-12-23 22:53:03,688 [DEBUG] [MainThread] [systray_widget/systray.py:277]: Systray thread started
2025-12-23 22:53:03,888 [DEBUG] [SystrayMonitor] [systray_widget/systray_monitor.py:164]: Adding TaskbandHWND prop to hwnd 2495886
2025-12-23 22:53:03,888 [DEBUG] [SystrayMonitor] [systray_widget/systray_monitor.py:242]: Finding real tray hwnd
2025-12-23 22:53:03,893 [DEBUG] [MainThread] [systray_widget/systray_monitor.py:157]: Sending TaskbarCreated message: 49339
2025-12-23 22:54:32,063 [INFO] [MainThread] [root/controller.py:15]: Reloading Application because of config change.
2025-12-23 22:54:32,166 [INFO] [MainThread] [cli_server/cli_server.py:112]: Log pipe server stopped
2025-12-23 22:54:32,166 [DEBUG] [MainThread] [cli_server/cli_server.py:206]: CLI server stopped
2025-12-23 22:54:32,173 [INFO] [MainThread] [root/bar_manager.py:76]: Successfully loaded updated config and re-initialised all bars.
2025-12-23 22:54:32,466 [INFO] [MainThread] [root/bar_manager.py:92]: Stopping SystemEventListener...
2025-12-23 22:54:32,466 [INFO] [MainThread] [root/bar_manager.py:92]: Stopping WindowsNotificationEventListener...
2025-12-23 22:54:32,467 [INFO] [MainThread] [core.utils.widgets.taskbar.window_manager/window_manager.py:218]: TaskbarWindowManager stopped
2025-12-23 22:54:32,468 [DEBUG] [MainThread] [systray_widget/systray.py:504]: Saving state to disk
2025-12-23 22:54:32,468 [DEBUG] [MainThread] [systray_widget/systray.py:508]: Saving state to C:\Users\ratta\AppData\Local\YASB\systray_state_INCG27Q30UMB6CBWL.json
2025-12-23 22:54:32,469 [DEBUG] [MainThread] [systray_widget/utils.py:96]: Destroying window 2495886
2025-12-23 22:54:32,469 [DEBUG] [MainThread] [systray_widget/systray.py:504]: Saving state to disk
2025-12-23 22:54:32,469 [DEBUG] [MainThread] [systray_widget/systray.py:508]: Saving state to C:\Users\ratta\AppData\Local\YASB\systray_state_EKLTDLU28R55H4ZMB00043.json
2025-12-23 22:54:32,470 [DEBUG] [MainThread] [systray_widget/utils.py:96]: Destroying window 2495886
2025-12-23 22:54:32,477 [INFO] [MainThread] [root/log.py:69]: YASB v1.8.6
2025-12-23 22:54:32,477 [INFO] [Thread-1 (_run_server)] [cli_server/cli_server.py:212]: CLI server started v1.1.4
2025-12-23 22:54:32,478 [INFO] [MainThread] [cli_server/cli_server.py:104]: Log pipe server started
2025-12-23 22:54:32,478 [INFO] [MainThread] [root/main.py:45]: Waiting for previous YASB instance to exit...
2025-12-23 22:54:32,513 [DEBUG] [MainThread] [qasync._windows._EventPoller/_windows.py:220]: Stopping worker thread...
2025-12-23 22:54:32,524 [DEBUG] [Dummy-5] [qasync._windows._EventWorker/_windows.py:204]: Exiting thread
2025-12-23 22:54:32,540 [DEBUG] [MainThread] [qasync._windows._IocpProactor/_windows.py:78]: Closing
2025-12-23 22:54:32,620 [DEBUG] [MainThread] [systray_widget/utils.py:96]: Destroying window 2495886
2025-12-23 22:54:32,728 [INFO] [MainThread] [root/main.py:71]: Previous instance exited, continuing startup.
2025-12-23 22:54:33,009 [ERROR] [MainThread] [root/weather.py:60]: API key or location is missing. Please provide a valid API key and location.
2025-12-23 22:54:33,231 [INFO] [MainThread] [root/service.py:48]: AudioOutputService starting...
2025-12-23 22:54:33,837 [DEBUG] [MainThread] [root/pin_manager.py:163]: Loaded 0 pinned apps from C:\Users\ratta\AppData\Local\YASB\taskbar_pinned.json
2025-12-23 22:54:34,017 [INFO] [MainThread] [core.utils.widgets.taskbar.window_manager/window_manager.py:191]: TaskbarWindowManager is starting...
2025-12-23 22:54:34,054 [ERROR] [MainThread] [root/weather.py:60]: API key or location is missing. Please provide a valid API key and location.
2025-12-23 22:54:34,397 [INFO] [MainThread] [root/bar_manager.py:85]: Starting WindowsNotificationEventListener...
2025-12-23 22:54:34,397 [INFO] [MainThread] [root/bar_manager.py:85]: Starting SystemEventListener...
2025-12-23 22:54:34,398 [INFO] [MainThread] [root/watcher.py:54]: Created file watcher for path C:\Users\ratta\.config\yasb
2025-12-23 22:54:34,436 [INFO] [MainThread] [root/update_service.py:409]: Background update checker started
2025-12-23 22:54:34,436 [DEBUG] [MainThread] [qasync._windows._EventPoller/_windows.py:215]: Starting (proactor: <_IocpProactor overlapped#=0 result#=0>)...
2025-12-23 22:54:34,438 [DEBUG] [Dummy-5] [qasync._windows._EventWorker/_windows.py:195]: Thread started
2025-12-23 22:54:34,439 [DEBUG] [MainThread] [systray_widget/systray.py:526]: Loading state from C:\Users\ratta\AppData\Local\YASB\systray_state_INCG27Q30UMB6CBWL.json
2025-12-23 22:54:34,441 [DEBUG] [SystrayMonitor] [systray_widget/systray.py:57]: Systray thread is starting...
2025-12-23 22:54:34,443 [DEBUG] [MainThread] [systray_widget/systray.py:526]: Loading state from C:\Users\ratta\AppData\Local\YASB\systray_state_EKLTDLU28R55H4ZMB00043.json
2025-12-23 22:54:34,472 [DEBUG] [MainThread] [systray_widget/systray.py:277]: Systray thread started
2025-12-23 22:54:34,671 [DEBUG] [SystrayMonitor] [systray_widget/systray_monitor.py:164]: Adding TaskbandHWND prop to hwnd 335360
2025-12-23 22:54:34,672 [DEBUG] [SystrayMonitor] [systray_widget/systray_monitor.py:242]: Finding real tray hwnd
2025-12-23 22:54:34,688 [DEBUG] [MainThread] [systray_widget/systray_monitor.py:157]: Sending TaskbarCreated message: 49339
2025-12-23 23:04:55,749 [INFO] [MainThread] [root/controller.py:15]: Reloading Application because of config change.
2025-12-23 23:04:55,857 [INFO] [MainThread] [cli_server/cli_server.py:112]: Log pipe server stopped
2025-12-23 23:04:55,857 [DEBUG] [MainThread] [cli_server/cli_server.py:206]: CLI server stopped
2025-12-23 23:04:55,864 [INFO] [MainThread] [root/bar_manager.py:76]: Successfully loaded updated config and re-initialised all bars.
2025-12-23 23:04:56,177 [INFO] [MainThread] [root/log.py:69]: YASB v1.8.6
2025-12-23 23:04:56,178 [INFO] [Thread-1 (_run_server)] [cli_server/cli_server.py:212]: CLI server started v1.1.4
2025-12-23 23:04:56,178 [INFO] [MainThread] [cli_server/cli_server.py:104]: Log pipe server started
2025-12-23 23:04:56,178 [INFO] [MainThread] [root/main.py:45]: Waiting for previous YASB instance to exit...
2025-12-23 23:04:56,207 [INFO] [MainThread] [root/bar_manager.py:92]: Stopping WindowsNotificationEventListener...
2025-12-23 23:04:56,208 [INFO] [MainThread] [root/bar_manager.py:92]: Stopping SystemEventListener...
2025-12-23 23:04:56,208 [INFO] [MainThread] [core.utils.widgets.taskbar.window_manager/window_manager.py:218]: TaskbarWindowManager stopped
2025-12-23 23:04:56,210 [DEBUG] [MainThread] [systray_widget/systray.py:504]: Saving state to disk
2025-12-23 23:04:56,210 [DEBUG] [MainThread] [systray_widget/systray.py:508]: Saving state to C:\Users\ratta\AppData\Local\YASB\systray_state_INCG27Q30UMB6CBWL.json
2025-12-23 23:04:56,211 [DEBUG] [MainThread] [systray_widget/utils.py:96]: Destroying window 335360
2025-12-23 23:04:56,211 [DEBUG] [MainThread] [systray_widget/systray.py:504]: Saving state to disk
2025-12-23 23:04:56,211 [DEBUG] [MainThread] [systray_widget/systray.py:508]: Saving state to C:\Users\ratta\AppData\Local\YASB\systray_state_EKLTDLU28R55H4ZMB00043.json
2025-12-23 23:04:56,213 [DEBUG] [MainThread] [systray_widget/utils.py:96]: Destroying window 335360
2025-12-23 23:04:56,219 [DEBUG] [MainThread] [qasync._windows._EventPoller/_windows.py:220]: Stopping worker thread...
2025-12-23 23:04:56,232 [DEBUG] [Dummy-5] [qasync._windows._EventWorker/_windows.py:204]: Exiting thread
2025-12-23 23:04:56,259 [DEBUG] [MainThread] [qasync._windows._IocpProactor/_windows.py:78]: Closing
2025-12-23 23:04:56,362 [DEBUG] [MainThread] [systray_widget/utils.py:96]: Destroying window 335360
2025-12-23 23:04:56,428 [INFO] [MainThread] [root/main.py:71]: Previous instance exited, continuing startup.
2025-12-23 23:04:56,701 [ERROR] [MainThread] [root/weather.py:60]: API key or location is missing. Please provide a valid API key and location.
2025-12-23 23:04:56,970 [INFO] [MainThread] [root/service.py:48]: AudioOutputService starting...
2025-12-23 23:04:57,429 [DEBUG] [MainThread] [root/pin_manager.py:163]: Loaded 0 pinned apps from C:\Users\ratta\AppData\Local\YASB\taskbar_pinned.json
2025-12-23 23:04:57,594 [INFO] [MainThread] [core.utils.widgets.taskbar.window_manager/window_manager.py:191]: TaskbarWindowManager is starting...
2025-12-23 23:04:57,628 [ERROR] [MainThread] [root/weather.py:60]: API key or location is missing. Please provide a valid API key and location.
2025-12-23 23:04:57,966 [INFO] [MainThread] [root/bar_manager.py:85]: Starting SystemEventListener...
2025-12-23 23:04:57,966 [INFO] [MainThread] [root/bar_manager.py:85]: Starting WindowsNotificationEventListener...
2025-12-23 23:04:57,967 [INFO] [MainThread] [root/watcher.py:54]: Created file watcher for path C:\Users\ratta\.config\yasb
2025-12-23 23:04:58,001 [INFO] [MainThread] [root/update_service.py:409]: Background update checker started
2025-12-23 23:04:58,001 [DEBUG] [MainThread] [qasync._windows._EventPoller/_windows.py:215]: Starting (proactor: <_IocpProactor overlapped#=0 result#=0>)...
2025-12-23 23:04:58,003 [DEBUG] [Dummy-5] [qasync._windows._EventWorker/_windows.py:195]: Thread started
2025-12-23 23:04:58,005 [DEBUG] [MainThread] [systray_widget/systray.py:526]: Loading state from C:\Users\ratta\AppData\Local\YASB\systray_state_INCG27Q30UMB6CBWL.json
2025-12-23 23:04:58,007 [DEBUG] [SystrayMonitor] [systray_widget/systray.py:57]: Systray thread is starting...
2025-12-23 23:04:58,009 [DEBUG] [MainThread] [systray_widget/systray.py:526]: Loading state from C:\Users\ratta\AppData\Local\YASB\systray_state_EKLTDLU28R55H4ZMB00043.json
2025-12-23 23:04:58,030 [DEBUG] [MainThread] [systray_widget/systray.py:277]: Systray thread started
2025-12-23 23:04:58,239 [DEBUG] [SystrayMonitor] [systray_widget/systray_monitor.py:164]: Adding TaskbandHWND prop to hwnd 728606
2025-12-23 23:04:58,240 [DEBUG] [SystrayMonitor] [systray_widget/systray_monitor.py:242]: Finding real tray hwnd
2025-12-23 23:04:58,246 [DEBUG] [MainThread] [systray_widget/systray_monitor.py:157]: Sending TaskbarCreated message: 49339
2025-12-23 23:08:59,006 [ERROR] [Dummy-16] [core.utils.widgets.media.media/media.py:266]: MediaCallback: Error occurred whilst fetching media properties and thumbnail: [WinError -2147024875] The device is not ready.
2025-12-23 23:25:00,356 [INFO] [MainThread] [root/bar_manager.py:92]: Stopping SystemEventListener...
2025-12-23 23:25:00,357 [INFO] [MainThread] [root/bar_manager.py:92]: Stopping WindowsNotificationEventListener...
2025-12-23 23:25:00,358 [INFO] [MainThread] [core.utils.widgets.taskbar.window_manager/window_manager.py:218]: TaskbarWindowManager stopped
2025-12-23 23:25:00,359 [DEBUG] [MainThread] [systray_widget/systray.py:504]: Saving state to disk
2025-12-23 23:25:00,360 [DEBUG] [MainThread] [systray_widget/systray.py:508]: Saving state to C:\Users\ratta\AppData\Local\YASB\systray_state_INCG27Q30UMB6CBWL.json
2025-12-23 23:25:00,361 [DEBUG] [MainThread] [systray_widget/utils.py:96]: Destroying window 728606
2025-12-23 23:25:00,361 [DEBUG] [MainThread] [systray_widget/systray.py:504]: Saving state to disk
2025-12-23 23:25:00,361 [DEBUG] [MainThread] [systray_widget/systray.py:508]: Saving state to C:\Users\ratta\AppData\Local\YASB\systray_state_EKLTDLU28R55H4ZMB00043.json
2025-12-23 23:25:00,363 [DEBUG] [MainThread] [systray_widget/utils.py:96]: Destroying window 728606
2025-12-24 06:51:22,665 [INFO] [MainThread] [root/log.py:69]: YASB v1.8.6
2025-12-24 06:51:22,665 [INFO] [Thread-1 (_run_server)] [cli_server/cli_server.py:212]: CLI server started v1.1.4
2025-12-24 06:51:22,665 [INFO] [MainThread] [cli_server/cli_server.py:104]: Log pipe server started
2025-12-24 06:51:22,868 [ERROR] [MainThread] [root/weather.py:60]: API key or location is missing. Please provide a valid API key and location.
2025-12-24 06:51:23,095 [INFO] [MainThread] [root/service.py:48]: AudioOutputService starting...
2025-12-24 06:51:23,556 [DEBUG] [MainThread] [root/pin_manager.py:163]: Loaded 0 pinned apps from C:\Users\ratta\AppData\Local\YASB\taskbar_pinned.json
2025-12-24 06:51:23,589 [INFO] [MainThread] [core.utils.widgets.taskbar.window_manager/window_manager.py:191]: TaskbarWindowManager is starting...
2025-12-24 06:51:23,623 [ERROR] [MainThread] [root/weather.py:60]: API key or location is missing. Please provide a valid API key and location.
2025-12-24 06:51:23,768 [INFO] [MainThread] [root/bar_manager.py:85]: Starting SystemEventListener...
2025-12-24 06:51:23,769 [INFO] [MainThread] [root/bar_manager.py:85]: Starting WindowsNotificationEventListener...
2025-12-24 06:51:23,769 [INFO] [MainThread] [root/watcher.py:54]: Created file watcher for path C:\Users\ratta\.config\yasb
2025-12-24 06:51:23,804 [INFO] [MainThread] [root/update_service.py:409]: Background update checker started
2025-12-24 06:51:23,804 [DEBUG] [MainThread] [qasync._windows._EventPoller/_windows.py:215]: Starting (proactor: <_IocpProactor overlapped#=0 result#=0>)...
2025-12-24 06:51:23,812 [DEBUG] [Dummy-5] [qasync._windows._EventWorker/_windows.py:195]: Thread started
2025-12-24 06:51:23,825 [DEBUG] [MainThread] [systray_widget/systray.py:526]: Loading state from C:\Users\ratta\AppData\Local\YASB\systray_state_INCG27Q30UMB6CBWL.json
2025-12-24 06:51:23,827 [DEBUG] [SystrayMonitor] [systray_widget/systray.py:57]: Systray thread is starting...
2025-12-24 06:51:23,828 [DEBUG] [MainThread] [systray_widget/systray.py:526]: Loading state from C:\Users\ratta\AppData\Local\YASB\systray_state_EKLTDLU28R55H4ZMB00043.json
2025-12-24 06:51:23,850 [DEBUG] [MainThread] [systray_widget/systray.py:277]: Systray thread started
2025-12-24 06:51:24,048 [WARNING] [UpdateChecker] [root/update_service.py:275]: Network error checking for updates: [SSL: UNEXPECTED_EOF_WHILE_READING] EOF occurred in violation of protocol (_ssl.c:1077)
2025-12-24 06:51:24,048 [WARNING] [UpdateChecker] [root/update_service.py:405]: Background update check failed: <urlopen error [SSL: UNEXPECTED_EOF_WHILE_READING] EOF occurred in violation of protocol (_ssl.c:1077)>
2025-12-24 06:51:24,051 [DEBUG] [SystrayMonitor] [systray_widget/systray_monitor.py:164]: Adding TaskbandHWND prop to hwnd 67220
2025-12-24 06:51:24,052 [DEBUG] [SystrayMonitor] [systray_widget/systray_monitor.py:242]: Finding real tray hwnd
2025-12-24 06:51:24,055 [DEBUG] [MainThread] [systray_widget/systray_monitor.py:157]: Sending TaskbarCreated message: 49333
2025-12-24 07:17:18,483 [INFO] [MainThread] [root/bar_manager.py:92]: Stopping SystemEventListener...
2025-12-24 07:17:18,484 [INFO] [MainThread] [root/bar_manager.py:92]: Stopping WindowsNotificationEventListener...
2025-12-24 07:17:18,484 [INFO] [MainThread] [core.utils.widgets.taskbar.window_manager/window_manager.py:218]: TaskbarWindowManager stopped
2025-12-24 07:17:18,486 [DEBUG] [MainThread] [systray_widget/systray.py:504]: Saving state to disk
2025-12-24 07:17:18,487 [DEBUG] [MainThread] [systray_widget/systray.py:508]: Saving state to C:\Users\ratta\AppData\Local\YASB\systray_state_INCG27Q30UMB6CBWL.json
2025-12-24 07:17:18,499 [DEBUG] [MainThread] [systray_widget/utils.py:96]: Destroying window 67220
2025-12-24 07:17:18,499 [DEBUG] [MainThread] [systray_widget/systray.py:504]: Saving state to disk
2025-12-24 07:17:18,500 [DEBUG] [MainThread] [systray_widget/systray.py:508]: Saving state to C:\Users\ratta\AppData\Local\YASB\systray_state_EKLTDLU28R55H4ZMB00043.json
2025-12-24 07:17:18,509 [DEBUG] [MainThread] [systray_widget/utils.py:96]: Destroying window 67220
2025-12-24 17:31:32,161 [INFO] [MainThread] [root/log.py:69]: YASB v1.8.6
2025-12-24 17:31:32,161 [INFO] [Thread-1 (_run_server)] [cli_server/cli_server.py:212]: CLI server started v1.1.4
2025-12-24 17:31:32,162 [INFO] [MainThread] [cli_server/cli_server.py:104]: Log pipe server started
2025-12-24 17:31:32,495 [ERROR] [MainThread] [root/weather.py:60]: API key or location is missing. Please provide a valid API key and location.
2025-12-24 17:31:32,854 [INFO] [MainThread] [root/service.py:48]: AudioOutputService starting...
2025-12-24 17:31:33,411 [DEBUG] [MainThread] [root/pin_manager.py:163]: Loaded 0 pinned apps from C:\Users\ratta\AppData\Local\YASB\taskbar_pinned.json
2025-12-24 17:31:33,484 [INFO] [MainThread] [core.utils.widgets.taskbar.window_manager/window_manager.py:191]: TaskbarWindowManager is starting...
2025-12-24 17:31:33,518 [ERROR] [MainThread] [root/weather.py:60]: API key or location is missing. Please provide a valid API key and location.
2025-12-24 17:31:33,633 [INFO] [MainThread] [root/bar_manager.py:85]: Starting SystemEventListener...
2025-12-24 17:31:33,633 [INFO] [MainThread] [root/bar_manager.py:85]: Starting WindowsNotificationEventListener...
2025-12-24 17:31:33,634 [INFO] [MainThread] [root/watcher.py:54]: Created file watcher for path C:\Users\ratta\.config\yasb
2025-12-24 17:31:33,670 [INFO] [MainThread] [root/update_service.py:409]: Background update checker started
2025-12-24 17:31:33,670 [DEBUG] [MainThread] [qasync._windows._EventPoller/_windows.py:215]: Starting (proactor: <_IocpProactor overlapped#=0 result#=0>)...
2025-12-24 17:31:33,673 [DEBUG] [Dummy-5] [qasync._windows._EventWorker/_windows.py:195]: Thread started
2025-12-24 17:31:33,676 [DEBUG] [MainThread] [systray_widget/systray.py:526]: Loading state from C:\Users\ratta\AppData\Local\YASB\systray_state_INCG27Q30UMB6CBWL.json
2025-12-24 17:31:33,678 [DEBUG] [SystrayMonitor] [systray_widget/systray.py:57]: Systray thread is starting...
2025-12-24 17:31:33,679 [DEBUG] [MainThread] [systray_widget/systray.py:526]: Loading state from C:\Users\ratta\AppData\Local\YASB\systray_state_EKLTDLU28R55H4ZMB00043.json
2025-12-24 17:31:33,730 [DEBUG] [MainThread] [systray_widget/systray.py:277]: Systray thread started
2025-12-24 17:31:33,930 [DEBUG] [SystrayMonitor] [systray_widget/systray_monitor.py:164]: Adding TaskbandHWND prop to hwnd 67024
2025-12-24 17:31:33,931 [DEBUG] [SystrayMonitor] [systray_widget/systray_monitor.py:242]: Finding real tray hwnd
2025-12-24 17:31:33,936 [DEBUG] [MainThread] [systray_widget/systray_monitor.py:157]: Sending TaskbarCreated message: 49339
2025-12-24 17:31:33,939 [WARNING] [UpdateChecker] [root/update_service.py:275]: Network error checking for updates: [SSL: UNEXPECTED_EOF_WHILE_READING] EOF occurred in violation of protocol (_ssl.c:1077)
2025-12-24 17:31:33,940 [WARNING] [UpdateChecker] [root/update_service.py:405]: Background update check failed: <urlopen error [SSL: UNEXPECTED_EOF_WHILE_READING] EOF occurred in violation of protocol (_ssl.c:1077)>
2025-12-25 00:08:02,850 [INFO] [MainThread] [root/bar_manager.py:92]: Stopping SystemEventListener...
2025-12-25 00:08:02,851 [INFO] [MainThread] [root/bar_manager.py:92]: Stopping WindowsNotificationEventListener...
2025-12-25 00:08:02,852 [INFO] [MainThread] [core.utils.widgets.taskbar.window_manager/window_manager.py:218]: TaskbarWindowManager stopped
2025-12-25 00:08:02,855 [DEBUG] [MainThread] [systray_widget/systray.py:504]: Saving state to disk
2025-12-25 00:08:02,856 [DEBUG] [MainThread] [systray_widget/systray.py:508]: Saving state to C:\Users\ratta\AppData\Local\YASB\systray_state_INCG27Q30UMB6CBWL.json
2025-12-25 00:08:02,866 [DEBUG] [MainThread] [systray_widget/utils.py:96]: Destroying window 67024
2025-12-25 00:08:02,866 [DEBUG] [MainThread] [systray_widget/systray.py:504]: Saving state to disk
2025-12-25 00:08:02,867 [DEBUG] [MainThread] [systray_widget/systray.py:508]: Saving state to C:\Users\ratta\AppData\Local\YASB\systray_state_EKLTDLU28R55H4ZMB00043.json
2025-12-25 00:08:02,875 [DEBUG] [MainThread] [systray_widget/utils.py:96]: Destroying window 67024
2025-12-25 06:46:18,605 [INFO] [MainThread] [root/log.py:69]: YASB v1.8.6
2025-12-25 06:46:18,605 [INFO] [Thread-1 (_run_server)] [cli_server/cli_server.py:212]: CLI server started v1.1.4
2025-12-25 06:46:18,606 [INFO] [MainThread] [cli_server/cli_server.py:104]: Log pipe server started
2025-12-25 06:46:18,953 [ERROR] [MainThread] [root/weather.py:60]: API key or location is missing. Please provide a valid API key and location.
2025-12-25 06:46:19,343 [INFO] [MainThread] [root/service.py:48]: AudioOutputService starting...
2025-12-25 06:46:19,873 [DEBUG] [MainThread] [root/pin_manager.py:163]: Loaded 0 pinned apps from C:\Users\ratta\AppData\Local\YASB\taskbar_pinned.json
2025-12-25 06:46:19,944 [INFO] [MainThread] [core.utils.widgets.taskbar.window_manager/window_manager.py:191]: TaskbarWindowManager is starting...
2025-12-25 06:46:19,978 [ERROR] [MainThread] [root/weather.py:60]: API key or location is missing. Please provide a valid API key and location.
2025-12-25 06:46:20,110 [INFO] [MainThread] [root/bar_manager.py:85]: Starting SystemEventListener...
2025-12-25 06:46:20,110 [INFO] [MainThread] [root/bar_manager.py:85]: Starting WindowsNotificationEventListener...
2025-12-25 06:46:20,111 [INFO] [MainThread] [root/watcher.py:54]: Created file watcher for path C:\Users\ratta\.config\yasb
2025-12-25 06:46:20,172 [INFO] [MainThread] [root/update_service.py:409]: Background update checker started
2025-12-25 06:46:20,172 [DEBUG] [MainThread] [qasync._windows._EventPoller/_windows.py:215]: Starting (proactor: <_IocpProactor overlapped#=0 result#=0>)...
2025-12-25 06:46:20,174 [DEBUG] [Dummy-5] [qasync._windows._EventWorker/_windows.py:195]: Thread started
2025-12-25 06:46:20,177 [DEBUG] [MainThread] [systray_widget/systray.py:526]: Loading state from C:\Users\ratta\AppData\Local\YASB\systray_state_INCG27Q30UMB6CBWL.json
2025-12-25 06:46:20,179 [DEBUG] [SystrayMonitor] [systray_widget/systray.py:57]: Systray thread is starting...
2025-12-25 06:46:20,204 [DEBUG] [MainThread] [systray_widget/systray.py:526]: Loading state from C:\Users\ratta\AppData\Local\YASB\systray_state_EKLTDLU28R55H4ZMB00043.json
2025-12-25 06:46:20,333 [DEBUG] [MainThread] [systray_widget/systray.py:277]: Systray thread started
2025-12-25 06:46:20,427 [WARNING] [UpdateChecker] [root/update_service.py:275]: Network error checking for updates: [SSL: UNEXPECTED_EOF_WHILE_READING] EOF occurred in violation of protocol (_ssl.c:1077)
2025-12-25 06:46:20,427 [WARNING] [UpdateChecker] [root/update_service.py:405]: Background update check failed: <urlopen error [SSL: UNEXPECTED_EOF_WHILE_READING] EOF occurred in violation of protocol (_ssl.c:1077)>
2025-12-25 06:46:20,533 [DEBUG] [SystrayMonitor] [systray_widget/systray_monitor.py:164]: Adding TaskbandHWND prop to hwnd 67160
2025-12-25 06:46:20,534 [DEBUG] [SystrayMonitor] [systray_widget/systray_monitor.py:242]: Finding real tray hwnd
2025-12-25 06:46:20,537 [DEBUG] [MainThread] [systray_widget/systray_monitor.py:157]: Sending TaskbarCreated message: 49340
2025-12-25 07:27:02,257 [INFO] [MainThread] [root/controller.py:35]: Exiting Application...
2025-12-25 07:27:02,368 [INFO] [MainThread] [cli_server/cli_server.py:112]: Log pipe server stopped
2025-12-25 07:27:02,369 [DEBUG] [MainThread] [cli_server/cli_server.py:206]: CLI server stopped
2025-12-25 07:27:02,672 [INFO] [MainThread] [root/bar_manager.py:92]: Stopping SystemEventListener...
2025-12-25 07:27:02,672 [INFO] [MainThread] [root/bar_manager.py:92]: Stopping WindowsNotificationEventListener...
2025-12-25 07:27:02,673 [INFO] [MainThread] [core.utils.widgets.taskbar.window_manager/window_manager.py:218]: TaskbarWindowManager stopped
2025-12-25 07:27:02,674 [DEBUG] [MainThread] [systray_widget/systray.py:504]: Saving state to disk
2025-12-25 07:27:02,675 [DEBUG] [MainThread] [systray_widget/systray.py:508]: Saving state to C:\Users\ratta\AppData\Local\YASB\systray_state_INCG27Q30UMB6CBWL.json
2025-12-25 07:27:02,676 [DEBUG] [MainThread] [systray_widget/utils.py:96]: Destroying window 67160
2025-12-25 07:27:02,676 [DEBUG] [MainThread] [systray_widget/systray.py:504]: Saving state to disk
2025-12-25 07:27:02,676 [DEBUG] [MainThread] [systray_widget/systray.py:508]: Saving state to C:\Users\ratta\AppData\Local\YASB\systray_state_EKLTDLU28R55H4ZMB00043.json
2025-12-25 07:27:02,693 [DEBUG] [MainThread] [systray_widget/utils.py:96]: Destroying window 67160
2025-12-25 07:27:02,722 [DEBUG] [MainThread] [qasync._windows._EventPoller/_windows.py:220]: Stopping worker thread...
2025-12-25 07:27:02,734 [DEBUG] [Dummy-5] [qasync._windows._EventWorker/_windows.py:204]: Exiting thread
2025-12-25 07:27:02,737 [DEBUG] [MainThread] [qasync._windows._IocpProactor/_windows.py:78]: Closing
2025-12-25 07:27:02,785 [DEBUG] [MainThread] [systray_widget/utils.py:96]: Destroying window 67160
2025-12-25 17:48:36,810 [INFO] [MainThread] [root/log.py:69]: YASB v1.8.6
2025-12-25 17:48:36,811 [INFO] [Thread-1 (_run_server)] [cli_server/cli_server.py:212]: CLI server started v1.1.4
2025-12-25 17:48:36,811 [INFO] [MainThread] [cli_server/cli_server.py:104]: Log pipe server started
2025-12-25 17:48:37,062 [ERROR] [MainThread] [root/weather.py:60]: API key or location is missing. Please provide a valid API key and location.
2025-12-25 17:48:37,304 [INFO] [MainThread] [root/service.py:48]: AudioOutputService starting...
2025-12-25 17:48:37,770 [DEBUG] [MainThread] [root/pin_manager.py:163]: Loaded 0 pinned apps from C:\Users\ratta\AppData\Local\YASB\taskbar_pinned.json
2025-12-25 17:48:37,842 [INFO] [MainThread] [core.utils.widgets.taskbar.window_manager/window_manager.py:191]: TaskbarWindowManager is starting...
2025-12-25 17:48:37,877 [ERROR] [MainThread] [root/weather.py:60]: API key or location is missing. Please provide a valid API key and location.
2025-12-25 17:48:38,025 [INFO] [MainThread] [root/bar_manager.py:85]: Starting WindowsNotificationEventListener...
2025-12-25 17:48:38,026 [INFO] [MainThread] [root/bar_manager.py:85]: Starting SystemEventListener...
2025-12-25 17:48:38,026 [INFO] [MainThread] [root/watcher.py:54]: Created file watcher for path C:\Users\ratta\.config\yasb
2025-12-25 17:48:38,073 [INFO] [MainThread] [root/update_service.py:409]: Background update checker started
2025-12-25 17:48:38,073 [DEBUG] [MainThread] [qasync._windows._EventPoller/_windows.py:215]: Starting (proactor: <_IocpProactor overlapped#=0 result#=0>)...
2025-12-25 17:48:38,080 [DEBUG] [Dummy-5] [qasync._windows._EventWorker/_windows.py:195]: Thread started
2025-12-25 17:48:38,089 [DEBUG] [MainThread] [systray_widget/systray.py:526]: Loading state from C:\Users\ratta\AppData\Local\YASB\systray_state_INCG27Q30UMB6CBWL.json
2025-12-25 17:48:38,090 [DEBUG] [SystrayMonitor] [systray_widget/systray.py:57]: Systray thread is starting...
2025-12-25 17:48:38,092 [DEBUG] [MainThread] [systray_widget/systray.py:526]: Loading state from C:\Users\ratta\AppData\Local\YASB\systray_state_EKLTDLU28R55H4ZMB00043.json
2025-12-25 17:48:38,117 [DEBUG] [MainThread] [systray_widget/systray.py:277]: Systray thread started
2025-12-25 17:48:38,319 [DEBUG] [SystrayMonitor] [systray_widget/systray_monitor.py:164]: Adding TaskbandHWND prop to hwnd 67104
2025-12-25 17:48:38,320 [DEBUG] [SystrayMonitor] [systray_widget/systray_monitor.py:242]: Finding real tray hwnd
2025-12-25 17:48:38,324 [DEBUG] [MainThread] [systray_widget/systray_monitor.py:157]: Sending TaskbarCreated message: 49339
2025-12-26 07:09:24,384 [INFO] [MainThread] [root/log.py:69]: YASB v1.8.6
2025-12-26 07:09:24,384 [INFO] [Thread-1 (_run_server)] [cli_server/cli_server.py:212]: CLI server started v1.1.4
2025-12-26 07:09:24,385 [INFO] [MainThread] [cli_server/cli_server.py:104]: Log pipe server started
2025-12-26 07:09:24,814 [ERROR] [MainThread] [root/weather.py:60]: API key or location is missing. Please provide a valid API key and location.
2025-12-26 07:09:25,237 [INFO] [MainThread] [root/service.py:48]: AudioOutputService starting...
2025-12-26 07:09:25,930 [DEBUG] [MainThread] [root/pin_manager.py:163]: Loaded 0 pinned apps from C:\Users\ratta\AppData\Local\YASB\taskbar_pinned.json
2025-12-26 07:09:26,125 [INFO] [MainThread] [core.utils.widgets.taskbar.window_manager/window_manager.py:191]: TaskbarWindowManager is starting...
2025-12-26 07:09:26,168 [ERROR] [MainThread] [root/weather.py:60]: API key or location is missing. Please provide a valid API key and location.
2025-12-26 07:09:26,401 [INFO] [MainThread] [root/bar_manager.py:85]: Starting WindowsNotificationEventListener...
2025-12-26 07:09:26,401 [INFO] [MainThread] [root/bar_manager.py:85]: Starting SystemEventListener...
2025-12-26 07:09:26,401 [INFO] [MainThread] [root/watcher.py:54]: Created file watcher for path C:\Users\ratta\.config\yasb
2025-12-26 07:09:26,464 [INFO] [MainThread] [root/update_service.py:409]: Background update checker started
2025-12-26 07:09:26,465 [DEBUG] [MainThread] [qasync._windows._EventPoller/_windows.py:215]: Starting (proactor: <_IocpProactor overlapped#=0 result#=0>)...
2025-12-26 07:09:26,466 [DEBUG] [Dummy-5] [qasync._windows._EventWorker/_windows.py:195]: Thread started
2025-12-26 07:09:26,471 [DEBUG] [MainThread] [systray_widget/systray.py:526]: Loading state from C:\Users\ratta\AppData\Local\YASB\systray_state_INCG27Q30UMB6CBWL.json
2025-12-26 07:09:26,501 [DEBUG] [SystrayMonitor] [systray_widget/systray.py:57]: Systray thread is starting...
2025-12-26 07:09:26,505 [DEBUG] [MainThread] [systray_widget/systray.py:526]: Loading state from C:\Users\ratta\AppData\Local\YASB\systray_state_EKLTDLU28R55H4ZMB00043.json
2025-12-26 07:09:26,509 [DEBUG] [SystrayMonitor] [systray_widget/systray_monitor.py:242]: Finding real tray hwnd
2025-12-26 07:09:26,597 [DEBUG] [MainThread] [systray_widget/systray.py:277]: Systray thread started
2025-12-26 07:09:26,791 [DEBUG] [SystrayMonitor] [systray_widget/systray_monitor.py:164]: Adding TaskbandHWND prop to hwnd 2301104
2025-12-26 07:09:26,797 [DEBUG] [MainThread] [systray_widget/systray_monitor.py:157]: Sending TaskbarCreated message: 49339
2025-12-26 07:25:25,209 [INFO] [MainThread] [root/bar_manager.py:92]: Stopping WindowsNotificationEventListener...
2025-12-26 07:25:25,209 [INFO] [MainThread] [root/bar_manager.py:92]: Stopping SystemEventListener...
2025-12-26 07:25:25,210 [INFO] [MainThread] [core.utils.widgets.taskbar.window_manager/window_manager.py:218]: TaskbarWindowManager stopped
2025-12-26 07:25:25,210 [DEBUG] [MainThread] [systray_widget/systray.py:504]: Saving state to disk
2025-12-26 07:25:25,211 [DEBUG] [MainThread] [systray_widget/systray.py:508]: Saving state to C:\Users\ratta\AppData\Local\YASB\systray_state_INCG27Q30UMB6CBWL.json
2025-12-26 07:25:25,212 [DEBUG] [MainThread] [systray_widget/utils.py:96]: Destroying window 2301104
2025-12-26 07:25:25,212 [DEBUG] [MainThread] [systray_widget/systray.py:504]: Saving state to disk
2025-12-26 07:25:25,213 [DEBUG] [MainThread] [systray_widget/systray.py:508]: Saving state to C:\Users\ratta\AppData\Local\YASB\systray_state_EKLTDLU28R55H4ZMB00043.json
2025-12-26 07:25:25,214 [DEBUG] [MainThread] [systray_widget/utils.py:96]: Destroying window 2301104
2025-12-26 18:26:03,850 [INFO] [MainThread] [root/log.py:69]: YASB v1.8.6
2025-12-26 18:26:03,851 [INFO] [Thread-1 (_run_server)] [cli_server/cli_server.py:212]: CLI server started v1.1.4
2025-12-26 18:26:03,851 [INFO] [MainThread] [cli_server/cli_server.py:104]: Log pipe server started
2025-12-26 18:26:04,108 [ERROR] [MainThread] [root/weather.py:60]: API key or location is missing. Please provide a valid API key and location.
2025-12-26 18:26:04,432 [INFO] [MainThread] [root/service.py:48]: AudioOutputService starting...
2025-12-26 18:26:05,118 [DEBUG] [MainThread] [root/pin_manager.py:163]: Loaded 0 pinned apps from C:\Users\ratta\AppData\Local\YASB\taskbar_pinned.json
2025-12-26 18:26:05,152 [INFO] [MainThread] [core.utils.widgets.taskbar.window_manager/window_manager.py:191]: TaskbarWindowManager is starting...
2025-12-26 18:26:05,186 [ERROR] [MainThread] [root/weather.py:60]: API key or location is missing. Please provide a valid API key and location.
2025-12-26 18:26:05,294 [INFO] [MainThread] [root/bar_manager.py:85]: Starting WindowsNotificationEventListener...
2025-12-26 18:26:05,294 [INFO] [MainThread] [root/bar_manager.py:85]: Starting SystemEventListener...
2025-12-26 18:26:05,295 [INFO] [MainThread] [root/watcher.py:54]: Created file watcher for path C:\Users\ratta\.config\yasb
2025-12-26 18:26:05,330 [INFO] [MainThread] [root/update_service.py:409]: Background update checker started
2025-12-26 18:26:05,330 [DEBUG] [MainThread] [qasync._windows._EventPoller/_windows.py:215]: Starting (proactor: <_IocpProactor overlapped#=0 result#=0>)...
2025-12-26 18:26:05,339 [DEBUG] [Dummy-5] [qasync._windows._EventWorker/_windows.py:195]: Thread started
2025-12-26 18:26:05,351 [DEBUG] [MainThread] [systray_widget/systray.py:526]: Loading state from C:\Users\ratta\AppData\Local\YASB\systray_state_INCG27Q30UMB6CBWL.json
2025-12-26 18:26:05,353 [DEBUG] [SystrayMonitor] [systray_widget/systray.py:57]: Systray thread is starting...
2025-12-26 18:26:05,354 [DEBUG] [MainThread] [systray_widget/systray.py:526]: Loading state from C:\Users\ratta\AppData\Local\YASB\systray_state_EKLTDLU28R55H4ZMB00043.json
2025-12-26 18:26:05,451 [DEBUG] [MainThread] [systray_widget/systray.py:277]: Systray thread started
2025-12-26 18:26:05,528 [WARNING] [UpdateChecker] [root/update_service.py:275]: Network error checking for updates: [SSL: UNEXPECTED_EOF_WHILE_READING] EOF occurred in violation of protocol (_ssl.c:1077)
2025-12-26 18:26:05,528 [WARNING] [UpdateChecker] [root/update_service.py:405]: Background update check failed: <urlopen error [SSL: UNEXPECTED_EOF_WHILE_READING] EOF occurred in violation of protocol (_ssl.c:1077)>
2025-12-26 18:26:05,653 [DEBUG] [SystrayMonitor] [systray_widget/systray_monitor.py:164]: Adding TaskbandHWND prop to hwnd 67074
2025-12-26 18:26:05,654 [DEBUG] [SystrayMonitor] [systray_widget/systray_monitor.py:242]: Finding real tray hwnd
2025-12-26 18:26:05,657 [DEBUG] [MainThread] [systray_widget/systray_monitor.py:157]: Sending TaskbarCreated message: 49333
2025-12-27 07:28:33,899 [INFO] [MainThread] [root/controller.py:35]: Exiting Application...
2025-12-27 07:28:34,011 [INFO] [MainThread] [cli_server/cli_server.py:112]: Log pipe server stopped
2025-12-27 07:28:34,012 [DEBUG] [MainThread] [cli_server/cli_server.py:206]: CLI server stopped
2025-12-27 07:28:34,373 [INFO] [MainThread] [root/bar_manager.py:92]: Stopping WindowsNotificationEventListener...
2025-12-27 07:28:34,374 [INFO] [MainThread] [root/bar_manager.py:92]: Stopping SystemEventListener...
2025-12-27 07:28:34,376 [INFO] [MainThread] [core.utils.widgets.taskbar.window_manager/window_manager.py:218]: TaskbarWindowManager stopped
2025-12-27 07:28:34,381 [DEBUG] [MainThread] [systray_widget/systray.py:504]: Saving state to disk
2025-12-27 07:28:34,384 [DEBUG] [MainThread] [systray_widget/systray.py:508]: Saving state to C:\Users\ratta\AppData\Local\YASB\systray_state_INCG27Q30UMB6CBWL.json
2025-12-27 07:28:34,400 [DEBUG] [MainThread] [systray_widget/utils.py:96]: Destroying window 67074
2025-12-27 07:28:34,403 [DEBUG] [MainThread] [systray_widget/systray.py:504]: Saving state to disk
2025-12-27 07:28:34,403 [DEBUG] [MainThread] [systray_widget/systray.py:508]: Saving state to C:\Users\ratta\AppData\Local\YASB\systray_state_EKLTDLU28R55H4ZMB00043.json
2025-12-27 07:28:34,414 [DEBUG] [MainThread] [systray_widget/utils.py:96]: Destroying window 67074
2025-12-27 07:28:34,481 [DEBUG] [MainThread] [qasync._windows._EventPoller/_windows.py:220]: Stopping worker thread...
2025-12-27 07:28:34,490 [DEBUG] [Dummy-5] [qasync._windows._EventWorker/_windows.py:204]: Exiting thread
2025-12-27 07:28:34,505 [DEBUG] [MainThread] [qasync._windows._IocpProactor/_windows.py:78]: Closing
2025-12-27 07:28:34,611 [DEBUG] [MainThread] [systray_widget/utils.py:96]: Destroying window 67074
2025-12-27 17:36:45,932 [INFO] [MainThread] [root/log.py:69]: YASB v1.8.6
2025-12-27 17:36:45,934 [INFO] [Thread-1 (_run_server)] [cli_server/cli_server.py:212]: CLI server started v1.1.4
2025-12-27 17:36:45,934 [INFO] [MainThread] [cli_server/cli_server.py:104]: Log pipe server started
2025-12-27 17:36:46,386 [ERROR] [MainThread] [root/weather.py:60]: API key or location is missing. Please provide a valid API key and location.
2025-12-27 17:36:46,902 [INFO] [MainThread] [root/service.py:48]: AudioOutputService starting...
2025-12-27 17:36:47,747 [DEBUG] [MainThread] [root/pin_manager.py:163]: Loaded 0 pinned apps from C:\Users\ratta\AppData\Local\YASB\taskbar_pinned.json
2025-12-27 17:36:47,921 [INFO] [MainThread] [core.utils.widgets.taskbar.window_manager/window_manager.py:191]: TaskbarWindowManager is starting...
2025-12-27 17:36:47,964 [ERROR] [MainThread] [root/weather.py:60]: API key or location is missing. Please provide a valid API key and location.
2025-12-27 17:36:48,197 [INFO] [MainThread] [root/bar_manager.py:85]: Starting SystemEventListener...
2025-12-27 17:36:48,198 [INFO] [MainThread] [root/bar_manager.py:85]: Starting WindowsNotificationEventListener...
2025-12-27 17:36:48,198 [INFO] [MainThread] [root/watcher.py:54]: Created file watcher for path C:\Users\ratta\.config\yasb
2025-12-27 17:36:48,279 [INFO] [MainThread] [root/update_service.py:409]: Background update checker started
2025-12-27 17:36:48,279 [DEBUG] [MainThread] [qasync._windows._EventPoller/_windows.py:215]: Starting (proactor: <_IocpProactor overlapped#=0 result#=0>)...
2025-12-27 17:36:48,282 [DEBUG] [Dummy-5] [qasync._windows._EventWorker/_windows.py:195]: Thread started
2025-12-27 17:36:48,285 [DEBUG] [MainThread] [systray_widget/systray.py:526]: Loading state from C:\Users\ratta\AppData\Local\YASB\systray_state_INCG27Q30UMB6CBWL.json
2025-12-27 17:36:48,293 [DEBUG] [SystrayMonitor] [systray_widget/systray.py:57]: Systray thread is starting...
2025-12-27 17:36:48,308 [DEBUG] [MainThread] [systray_widget/systray.py:526]: Loading state from C:\Users\ratta\AppData\Local\YASB\systray_state_EKLTDLU28R55H4ZMB00043.json
2025-12-27 17:36:48,362 [DEBUG] [MainThread] [systray_widget/systray.py:277]: Systray thread started
2025-12-27 17:36:48,564 [DEBUG] [SystrayMonitor] [systray_widget/systray_monitor.py:164]: Adding TaskbandHWND prop to hwnd 132778
2025-12-27 17:36:48,565 [DEBUG] [SystrayMonitor] [systray_widget/systray_monitor.py:242]: Finding real tray hwnd
2025-12-27 17:36:48,572 [DEBUG] [MainThread] [systray_widget/systray_monitor.py:157]: Sending TaskbarCreated message: 49339
2025-12-27 20:08:20,884 [INFO] [MainThread] [root/controller.py:35]: Exiting Application...
2025-12-27 20:08:20,993 [INFO] [MainThread] [cli_server/cli_server.py:112]: Log pipe server stopped
2025-12-27 20:08:20,993 [DEBUG] [MainThread] [cli_server/cli_server.py:206]: CLI server stopped
2025-12-27 20:08:21,324 [INFO] [MainThread] [root/bar_manager.py:92]: Stopping SystemEventListener...
2025-12-27 20:08:21,324 [INFO] [MainThread] [root/bar_manager.py:92]: Stopping WindowsNotificationEventListener...
2025-12-27 20:08:21,325 [INFO] [MainThread] [core.utils.widgets.taskbar.window_manager/window_manager.py:218]: TaskbarWindowManager stopped
2025-12-27 20:08:21,326 [DEBUG] [MainThread] [systray_widget/systray.py:504]: Saving state to disk
2025-12-27 20:08:21,327 [DEBUG] [MainThread] [systray_widget/systray.py:508]: Saving state to C:\Users\ratta\AppData\Local\YASB\systray_state_INCG27Q30UMB6CBWL.json
2025-12-27 20:08:21,336 [DEBUG] [MainThread] [systray_widget/utils.py:96]: Destroying window 132778
2025-12-27 20:08:21,339 [DEBUG] [MainThread] [systray_widget/systray.py:504]: Saving state to disk
2025-12-27 20:08:21,339 [DEBUG] [MainThread] [systray_widget/systray.py:508]: Saving state to C:\Users\ratta\AppData\Local\YASB\systray_state_EKLTDLU28R55H4ZMB00043.json
2025-12-27 20:08:21,351 [DEBUG] [MainThread] [systray_widget/utils.py:96]: Destroying window 132778
2025-12-27 20:08:21,393 [DEBUG] [MainThread] [qasync._windows._EventPoller/_windows.py:220]: Stopping worker thread...
2025-12-27 20:08:21,397 [DEBUG] [Dummy-5] [qasync._windows._EventWorker/_windows.py:204]: Exiting thread
2025-12-27 20:08:21,404 [DEBUG] [MainThread] [qasync._windows._IocpProactor/_windows.py:78]: Closing
2025-12-27 20:08:21,486 [DEBUG] [MainThread] [systray_widget/utils.py:96]: Destroying window 132778
2025-12-27 20:16:48,215 [INFO] [MainThread] [root/log.py:69]: YASB v1.8.6
2025-12-27 20:16:48,216 [INFO] [Thread-1 (_run_server)] [cli_server/cli_server.py:212]: CLI server started v1.1.4
2025-12-27 20:16:48,216 [INFO] [MainThread] [cli_server/cli_server.py:104]: Log pipe server started
2025-12-27 20:16:48,615 [ERROR] [MainThread] [root/weather.py:60]: API key or location is missing. Please provide a valid API key and location.
2025-12-27 20:16:49,121 [INFO] [MainThread] [root/service.py:48]: AudioOutputService starting...
2025-12-27 20:16:49,918 [DEBUG] [MainThread] [root/pin_manager.py:163]: Loaded 0 pinned apps from C:\Users\ratta\AppData\Local\YASB\taskbar_pinned.json
2025-12-27 20:16:50,004 [INFO] [MainThread] [core.utils.widgets.taskbar.window_manager/window_manager.py:191]: TaskbarWindowManager is starting...
2025-12-27 20:16:50,039 [ERROR] [MainThread] [root/weather.py:60]: API key or location is missing. Please provide a valid API key and location.
2025-12-27 20:16:50,151 [INFO] [MainThread] [root/bar_manager.py:85]: Starting WindowsNotificationEventListener...
2025-12-27 20:16:50,151 [INFO] [MainThread] [root/bar_manager.py:85]: Starting SystemEventListener...
2025-12-27 20:16:50,151 [INFO] [MainThread] [root/watcher.py:54]: Created file watcher for path C:\Users\ratta\.config\yasb
2025-12-27 20:16:50,192 [INFO] [MainThread] [root/update_service.py:409]: Background update checker started
2025-12-27 20:16:50,192 [DEBUG] [MainThread] [qasync._windows._EventPoller/_windows.py:215]: Starting (proactor: <_IocpProactor overlapped#=0 result#=0>)...
2025-12-27 20:16:50,193 [DEBUG] [Dummy-5] [qasync._windows._EventWorker/_windows.py:195]: Thread started
2025-12-27 20:16:50,195 [DEBUG] [MainThread] [systray_widget/systray.py:526]: Loading state from C:\Users\ratta\AppData\Local\YASB\systray_state_INCG27Q30UMB6CBWL.json
2025-12-27 20:16:50,215 [DEBUG] [SystrayMonitor] [systray_widget/systray.py:57]: Systray thread is starting...
2025-12-27 20:16:50,217 [DEBUG] [MainThread] [systray_widget/systray.py:526]: Loading state from C:\Users\ratta\AppData\Local\YASB\systray_state_EKLTDLU28R55H4ZMB00043.json
2025-12-27 20:16:50,251 [DEBUG] [MainThread] [systray_widget/systray.py:277]: Systray thread started
2025-12-27 20:16:50,452 [DEBUG] [SystrayMonitor] [systray_widget/systray_monitor.py:164]: Adding TaskbandHWND prop to hwnd 67054
2025-12-27 20:16:50,453 [DEBUG] [SystrayMonitor] [systray_widget/systray_monitor.py:242]: Finding real tray hwnd
2025-12-27 20:16:50,455 [DEBUG] [MainThread] [systray_widget/systray_monitor.py:157]: Sending TaskbarCreated message: 49344
2025-12-27 21:01:13,236 [INFO] [MainThread] [root/bar_manager.py:92]: Stopping WindowsNotificationEventListener...
2025-12-27 21:01:13,236 [INFO] [MainThread] [root/bar_manager.py:92]: Stopping SystemEventListener...
2025-12-27 21:01:13,237 [INFO] [MainThread] [core.utils.widgets.taskbar.window_manager/window_manager.py:218]: TaskbarWindowManager stopped
2025-12-27 21:01:13,238 [DEBUG] [MainThread] [systray_widget/systray.py:504]: Saving state to disk
2025-12-27 21:01:13,238 [DEBUG] [MainThread] [systray_widget/systray.py:508]: Saving state to C:\Users\ratta\AppData\Local\YASB\systray_state_INCG27Q30UMB6CBWL.json
2025-12-27 21:01:13,239 [DEBUG] [MainThread] [systray_widget/utils.py:96]: Destroying window 67054
2025-12-27 21:01:13,240 [DEBUG] [MainThread] [systray_widget/systray.py:504]: Saving state to disk
2025-12-27 21:01:13,240 [DEBUG] [MainThread] [systray_widget/systray.py:508]: Saving state to C:\Users\ratta\AppData\Local\YASB\systray_state_EKLTDLU28R55H4ZMB00043.json
2025-12-27 21:01:13,241 [DEBUG] [MainThread] [systray_widget/utils.py:96]: Destroying window 67054
2025-12-27 21:02:29,600 [INFO] [MainThread] [root/log.py:69]: YASB v1.8.6
2025-12-27 21:02:29,601 [INFO] [Thread-1 (_run_server)] [cli_server/cli_server.py:212]: CLI server started v1.1.4
2025-12-27 21:02:29,601 [INFO] [MainThread] [cli_server/cli_server.py:104]: Log pipe server started
2025-12-27 21:02:29,949 [ERROR] [MainThread] [root/weather.py:60]: API key or location is missing. Please provide a valid API key and location.
2025-12-27 21:02:30,326 [INFO] [MainThread] [root/service.py:48]: AudioOutputService starting...
2025-12-27 21:02:30,786 [DEBUG] [MainThread] [root/pin_manager.py:163]: Loaded 0 pinned apps from C:\Users\ratta\AppData\Local\YASB\taskbar_pinned.json
2025-12-27 21:02:30,847 [INFO] [MainThread] [core.utils.widgets.taskbar.window_manager/window_manager.py:191]: TaskbarWindowManager is starting...
2025-12-27 21:02:30,881 [ERROR] [MainThread] [root/weather.py:60]: API key or location is missing. Please provide a valid API key and location.
2025-12-27 21:02:30,998 [INFO] [MainThread] [root/bar_manager.py:85]: Starting SystemEventListener...
2025-12-27 21:02:30,998 [INFO] [MainThread] [root/bar_manager.py:85]: Starting WindowsNotificationEventListener...
2025-12-27 21:02:31,009 [INFO] [MainThread] [root/watcher.py:54]: Created file watcher for path C:\Users\ratta\.config\yasb
2025-12-27 21:02:31,054 [INFO] [MainThread] [root/update_service.py:409]: Background update checker started
2025-12-27 21:02:31,055 [DEBUG] [MainThread] [qasync._windows._EventPoller/_windows.py:215]: Starting (proactor: <_IocpProactor overlapped#=0 result#=0>)...
2025-12-27 21:02:31,056 [DEBUG] [Dummy-5] [qasync._windows._EventWorker/_windows.py:195]: Thread started
2025-12-27 21:02:31,058 [DEBUG] [MainThread] [systray_widget/systray.py:526]: Loading state from C:\Users\ratta\AppData\Local\YASB\systray_state_INCG27Q30UMB6CBWL.json
2025-12-27 21:02:31,065 [DEBUG] [SystrayMonitor] [systray_widget/systray.py:57]: Systray thread is starting...
2025-12-27 21:02:31,066 [DEBUG] [MainThread] [systray_widget/systray.py:526]: Loading state from C:\Users\ratta\AppData\Local\YASB\systray_state_EKLTDLU28R55H4ZMB00043.json
2025-12-27 21:02:31,094 [DEBUG] [MainThread] [systray_widget/systray.py:277]: Systray thread started
2025-12-27 21:02:31,295 [DEBUG] [SystrayMonitor] [systray_widget/systray_monitor.py:164]: Adding TaskbandHWND prop to hwnd 67260
2025-12-27 21:02:31,296 [DEBUG] [SystrayMonitor] [systray_widget/systray_monitor.py:242]: Finding real tray hwnd
2025-12-27 21:02:31,299 [DEBUG] [MainThread] [systray_widget/systray_monitor.py:157]: Sending TaskbarCreated message: 49332
2025-12-27 21:03:07,637 [INFO] [MainThread] [root/controller.py:35]: Exiting Application from tray...
2025-12-27 21:03:07,738 [INFO] [MainThread] [cli_server/cli_server.py:112]: Log pipe server stopped
2025-12-27 21:03:07,738 [DEBUG] [MainThread] [cli_server/cli_server.py:206]: CLI server stopped
2025-12-27 21:03:08,014 [INFO] [MainThread] [root/bar_manager.py:92]: Stopping SystemEventListener...
2025-12-27 21:03:08,014 [INFO] [MainThread] [root/bar_manager.py:92]: Stopping WindowsNotificationEventListener...
2025-12-27 21:03:08,014 [INFO] [MainThread] [core.utils.widgets.taskbar.window_manager/window_manager.py:218]: TaskbarWindowManager stopped
2025-12-27 21:03:08,015 [DEBUG] [MainThread] [systray_widget/systray.py:504]: Saving state to disk
2025-12-27 21:03:08,015 [DEBUG] [MainThread] [systray_widget/systray.py:508]: Saving state to C:\Users\ratta\AppData\Local\YASB\systray_state_INCG27Q30UMB6CBWL.json
2025-12-27 21:03:08,017 [DEBUG] [MainThread] [systray_widget/utils.py:96]: Destroying window 67260
2025-12-27 21:03:08,018 [DEBUG] [MainThread] [systray_widget/systray.py:504]: Saving state to disk
2025-12-27 21:03:08,018 [DEBUG] [MainThread] [systray_widget/systray.py:508]: Saving state to C:\Users\ratta\AppData\Local\YASB\systray_state_EKLTDLU28R55H4ZMB00043.json
2025-12-27 21:03:08,019 [DEBUG] [MainThread] [systray_widget/utils.py:96]: Destroying window 67260
2025-12-27 21:03:08,040 [DEBUG] [MainThread] [qasync._windows._EventPoller/_windows.py:220]: Stopping worker thread...
2025-12-27 21:03:08,043 [DEBUG] [Dummy-5] [qasync._windows._EventWorker/_windows.py:204]: Exiting thread
2025-12-27 21:03:08,048 [DEBUG] [MainThread] [qasync._windows._IocpProactor/_windows.py:78]: Closing
2025-12-27 21:03:08,062 [DEBUG] [MainThread] [systray_widget/utils.py:96]: Destroying window 67260
2025-12-27 21:06:13,308 [INFO] [MainThread] [root/log.py:69]: YASB v1.8.6
2025-12-27 21:06:13,309 [INFO] [Thread-1 (_run_server)] [cli_server/cli_server.py:212]: CLI server started v1.1.4
2025-12-27 21:06:13,309 [INFO] [MainThread] [cli_server/cli_server.py:104]: Log pipe server started
2025-12-27 21:06:13,644 [ERROR] [MainThread] [root/weather.py:60]: API key or location is missing. Please provide a valid API key and location.
2025-12-27 21:06:13,989 [INFO] [MainThread] [root/service.py:48]: AudioOutputService starting...
2025-12-27 21:06:14,491 [DEBUG] [MainThread] [root/pin_manager.py:163]: Loaded 0 pinned apps from C:\Users\ratta\AppData\Local\YASB\taskbar_pinned.json
2025-12-27 21:06:14,554 [INFO] [MainThread] [core.utils.widgets.taskbar.window_manager/window_manager.py:191]: TaskbarWindowManager is starting...
2025-12-27 21:06:14,588 [ERROR] [MainThread] [root/weather.py:60]: API key or location is missing. Please provide a valid API key and location.
2025-12-27 21:06:14,693 [INFO] [MainThread] [root/bar_manager.py:85]: Starting SystemEventListener...
2025-12-27 21:06:14,693 [INFO] [MainThread] [root/bar_manager.py:85]: Starting WindowsNotificationEventListener...
2025-12-27 21:06:14,694 [INFO] [MainThread] [root/watcher.py:54]: Created file watcher for path C:\Users\ratta\.config\yasb
2025-12-27 21:06:14,730 [INFO] [MainThread] [root/update_service.py:409]: Background update checker started
2025-12-27 21:06:14,730 [DEBUG] [MainThread] [qasync._windows._EventPoller/_windows.py:215]: Starting (proactor: <_IocpProactor overlapped#=0 result#=0>)...
2025-12-27 21:06:14,732 [DEBUG] [Dummy-5] [qasync._windows._EventWorker/_windows.py:195]: Thread started
2025-12-27 21:06:14,734 [DEBUG] [MainThread] [systray_widget/systray.py:526]: Loading state from C:\Users\ratta\AppData\Local\YASB\systray_state_INCG27Q30UMB6CBWL.json
2025-12-27 21:06:14,741 [DEBUG] [SystrayMonitor] [systray_widget/systray.py:57]: Systray thread is starting...
2025-12-27 21:06:14,742 [DEBUG] [MainThread] [systray_widget/systray.py:526]: Loading state from C:\Users\ratta\AppData\Local\YASB\systray_state_EKLTDLU28R55H4ZMB00043.json
2025-12-27 21:06:14,773 [DEBUG] [MainThread] [systray_widget/systray.py:277]: Systray thread started
2025-12-27 21:06:14,973 [DEBUG] [SystrayMonitor] [systray_widget/systray_monitor.py:164]: Adding TaskbandHWND prop to hwnd 67276
2025-12-27 21:06:14,973 [DEBUG] [SystrayMonitor] [systray_widget/systray_monitor.py:242]: Finding real tray hwnd
2025-12-27 21:06:14,977 [DEBUG] [MainThread] [systray_widget/systray_monitor.py:157]: Sending TaskbarCreated message: 49333
2025-12-27 21:10:18,154 [ERROR] [MainThread] [root/app_icons.py:282]: GetIconInfo failed: 19597839
2025-12-27 21:10:18,162 [ERROR] [MainThread] [root/app_icons.py:282]: GetIconInfo failed: 19597839
2025-12-27 21:10:28,874 [INFO] [MainThread] [root/bar_manager.py:92]: Stopping SystemEventListener...
2025-12-27 21:10:28,875 [INFO] [MainThread] [root/bar_manager.py:92]: Stopping WindowsNotificationEventListener...
2025-12-27 21:10:28,875 [INFO] [MainThread] [core.utils.widgets.taskbar.window_manager/window_manager.py:218]: TaskbarWindowManager stopped
2025-12-27 21:10:28,876 [DEBUG] [MainThread] [systray_widget/systray.py:504]: Saving state to disk
2025-12-27 21:10:28,876 [DEBUG] [MainThread] [systray_widget/systray.py:508]: Saving state to C:\Users\ratta\AppData\Local\YASB\systray_state_INCG27Q30UMB6CBWL.json
2025-12-27 21:10:28,878 [DEBUG] [MainThread] [systray_widget/utils.py:96]: Destroying window 67276
2025-12-27 21:10:28,878 [DEBUG] [MainThread] [systray_widget/systray.py:504]: Saving state to disk
2025-12-27 21:10:28,878 [DEBUG] [MainThread] [systray_widget/systray.py:508]: Saving state to C:\Users\ratta\AppData\Local\YASB\systray_state_EKLTDLU28R55H4ZMB00043.json
2025-12-27 21:10:28,879 [DEBUG] [MainThread] [systray_widget/utils.py:96]: Destroying window 67276
2025-12-27 21:11:43,923 [INFO] [MainThread] [root/log.py:69]: YASB v1.8.6
2025-12-27 21:11:43,924 [INFO] [Thread-1 (_run_server)] [cli_server/cli_server.py:212]: CLI server started v1.1.4
2025-12-27 21:11:43,925 [INFO] [MainThread] [cli_server/cli_server.py:104]: Log pipe server started
2025-12-27 21:11:44,251 [ERROR] [MainThread] [root/weather.py:60]: API key or location is missing. Please provide a valid API key and location.
2025-12-27 21:11:44,623 [INFO] [MainThread] [root/service.py:48]: AudioOutputService starting...
2025-12-27 21:11:45,119 [DEBUG] [MainThread] [root/pin_manager.py:163]: Loaded 0 pinned apps from C:\Users\ratta\AppData\Local\YASB\taskbar_pinned.json
2025-12-27 21:11:45,182 [INFO] [MainThread] [core.utils.widgets.taskbar.window_manager/window_manager.py:191]: TaskbarWindowManager is starting...
2025-12-27 21:11:45,215 [ERROR] [MainThread] [root/weather.py:60]: API key or location is missing. Please provide a valid API key and location.
2025-12-27 21:11:45,355 [INFO] [MainThread] [root/bar_manager.py:85]: Starting WindowsNotificationEventListener...
2025-12-27 21:11:45,355 [INFO] [MainThread] [root/bar_manager.py:85]: Starting SystemEventListener...
2025-12-27 21:11:45,356 [INFO] [MainThread] [root/watcher.py:54]: Created file watcher for path C:\Users\ratta\.config\yasb
2025-12-27 21:11:45,402 [INFO] [MainThread] [root/update_service.py:409]: Background update checker started
2025-12-27 21:11:45,402 [DEBUG] [MainThread] [qasync._windows._EventPoller/_windows.py:215]: Starting (proactor: <_IocpProactor overlapped#=0 result#=0>)...
2025-12-27 21:11:45,406 [DEBUG] [Dummy-5] [qasync._windows._EventWorker/_windows.py:195]: Thread started
2025-12-27 21:11:45,409 [DEBUG] [MainThread] [systray_widget/systray.py:526]: Loading state from C:\Users\ratta\AppData\Local\YASB\systray_state_INCG27Q30UMB6CBWL.json
2025-12-27 21:11:45,421 [DEBUG] [SystrayMonitor] [systray_widget/systray.py:57]: Systray thread is starting...
2025-12-27 21:11:45,423 [DEBUG] [MainThread] [systray_widget/systray.py:526]: Loading state from C:\Users\ratta\AppData\Local\YASB\systray_state_EKLTDLU28R55H4ZMB00043.json
2025-12-27 21:11:45,436 [DEBUG] [SystrayMonitor] [systray_widget/systray_monitor.py:242]: Finding real tray hwnd
2025-12-27 21:11:45,955 [DEBUG] [MainThread] [systray_widget/systray.py:277]: Systray thread started
2025-12-27 21:11:46,156 [DEBUG] [SystrayMonitor] [systray_widget/systray_monitor.py:164]: Adding TaskbandHWND prop to hwnd 67260
2025-12-27 21:11:46,223 [DEBUG] [MainThread] [systray_widget/systray_monitor.py:157]: Sending TaskbarCreated message: 49341
2025-12-27 21:14:05,613 [ERROR] [MainThread] [root/app_icons.py:282]: GetIconInfo failed: 1574671
2025-12-27 21:14:05,627 [ERROR] [MainThread] [root/app_icons.py:282]: GetIconInfo failed: 1574671
2025-12-27 21:14:09,279 [ERROR] [MainThread] [root/app_icons.py:282]: GetIconInfo failed: 3999539
2025-12-27 21:14:09,285 [ERROR] [MainThread] [root/app_icons.py:282]: GetIconInfo failed: 3999539
2025-12-27 21:14:41,402 [INFO] [MainThread] [root/bar_manager.py:92]: Stopping WindowsNotificationEventListener...
2025-12-27 21:14:41,402 [INFO] [MainThread] [root/bar_manager.py:92]: Stopping SystemEventListener...
2025-12-27 21:14:41,404 [INFO] [MainThread] [core.utils.widgets.taskbar.window_manager/window_manager.py:218]: TaskbarWindowManager stopped
2025-12-27 21:14:41,405 [DEBUG] [MainThread] [systray_widget/systray.py:504]: Saving state to disk
2025-12-27 21:14:41,405 [DEBUG] [MainThread] [systray_widget/systray.py:508]: Saving state to C:\Users\ratta\AppData\Local\YASB\systray_state_INCG27Q30UMB6CBWL.json
2025-12-27 21:14:41,415 [DEBUG] [MainThread] [systray_widget/utils.py:96]: Destroying window 67260
2025-12-27 21:14:41,415 [DEBUG] [MainThread] [systray_widget/systray.py:504]: Saving state to disk
2025-12-27 21:14:41,416 [DEBUG] [MainThread] [systray_widget/systray.py:508]: Saving state to C:\Users\ratta\AppData\Local\YASB\systray_state_EKLTDLU28R55H4ZMB00043.json
2025-12-27 21:14:41,418 [DEBUG] [MainThread] [systray_widget/utils.py:96]: Destroying window 67260
2025-12-27 15:41:13,603 [INFO] [MainThread] [root/log.py:69]: YASB v1.8.6
2025-12-27 15:41:13,604 [INFO] [Thread-1 (_run_server)] [cli_server/cli_server.py:212]: CLI server started v1.1.4
2025-12-27 15:41:13,604 [INFO] [MainThread] [cli_server/cli_server.py:104]: Log pipe server started
2025-12-27 15:41:13,914 [ERROR] [MainThread] [root/weather.py:60]: API key or location is missing. Please provide a valid API key and location.
2025-12-27 15:41:14,267 [INFO] [MainThread] [root/service.py:48]: AudioOutputService starting...
2025-12-27 15:41:14,710 [DEBUG] [MainThread] [root/pin_manager.py:163]: Loaded 0 pinned apps from C:\Users\ratta\AppData\Local\YASB\taskbar_pinned.json
2025-12-27 15:41:14,771 [INFO] [MainThread] [core.utils.widgets.taskbar.window_manager/window_manager.py:191]: TaskbarWindowManager is starting...
2025-12-27 15:41:14,806 [ERROR] [MainThread] [root/weather.py:60]: API key or location is missing. Please provide a valid API key and location.
2025-12-27 15:41:14,944 [INFO] [MainThread] [root/bar_manager.py:85]: Starting WindowsNotificationEventListener...
2025-12-27 15:41:14,945 [INFO] [MainThread] [root/bar_manager.py:85]: Starting SystemEventListener...
2025-12-27 15:41:14,945 [INFO] [MainThread] [root/watcher.py:54]: Created file watcher for path C:\Users\ratta\.config\yasb
2025-12-27 15:41:14,985 [INFO] [MainThread] [root/update_service.py:409]: Background update checker started
2025-12-27 15:41:14,986 [DEBUG] [MainThread] [qasync._windows._EventPoller/_windows.py:215]: Starting (proactor: <_IocpProactor overlapped#=0 result#=0>)...
2025-12-27 15:41:14,988 [DEBUG] [Dummy-5] [qasync._windows._EventWorker/_windows.py:195]: Thread started
2025-12-27 15:41:14,991 [DEBUG] [MainThread] [systray_widget/systray.py:526]: Loading state from C:\Users\ratta\AppData\Local\YASB\systray_state_INCG27Q30UMB6CBWL.json
2025-12-27 15:41:14,999 [DEBUG] [SystrayMonitor] [systray_widget/systray.py:57]: Systray thread is starting...
2025-12-27 15:41:15,000 [DEBUG] [MainThread] [systray_widget/systray.py:526]: Loading state from C:\Users\ratta\AppData\Local\YASB\systray_state_EKLTDLU28R55H4ZMB00043.json
2025-12-27 15:41:15,030 [DEBUG] [MainThread] [systray_widget/systray.py:277]: Systray thread started
2025-12-27 15:41:15,231 [DEBUG] [SystrayMonitor] [systray_widget/systray_monitor.py:164]: Adding TaskbandHWND prop to hwnd 1770388
2025-12-27 15:41:15,231 [DEBUG] [SystrayMonitor] [systray_widget/systray_monitor.py:242]: Finding real tray hwnd
2025-12-27 15:41:15,233 [DEBUG] [MainThread] [systray_widget/systray_monitor.py:157]: Sending TaskbarCreated message: 49322
2025-12-27 15:42:05,009 [INFO] [MainThread] [root/bar_manager.py:92]: Stopping WindowsNotificationEventListener...
2025-12-27 15:42:05,010 [INFO] [MainThread] [root/bar_manager.py:92]: Stopping SystemEventListener...
2025-12-27 15:42:05,010 [INFO] [MainThread] [core.utils.widgets.taskbar.window_manager/window_manager.py:218]: TaskbarWindowManager stopped
2025-12-27 15:42:05,011 [DEBUG] [MainThread] [systray_widget/systray.py:504]: Saving state to disk
2025-12-27 15:42:05,011 [DEBUG] [MainThread] [systray_widget/systray.py:508]: Saving state to C:\Users\ratta\AppData\Local\YASB\systray_state_INCG27Q30UMB6CBWL.json
2025-12-27 15:42:05,013 [DEBUG] [MainThread] [systray_widget/utils.py:96]: Destroying window 1770388
2025-12-27 15:42:05,013 [DEBUG] [MainThread] [systray_widget/systray.py:504]: Saving state to disk
2025-12-27 15:42:05,014 [DEBUG] [MainThread] [systray_widget/systray.py:508]: Saving state to C:\Users\ratta\AppData\Local\YASB\systray_state_EKLTDLU28R55H4ZMB00043.json
2025-12-27 15:42:05,015 [DEBUG] [MainThread] [systray_widget/utils.py:96]: Destroying window 1770388
2025-12-27 15:53:56,078 [INFO] [MainThread] [root/log.py:69]: YASB v1.8.6
2025-12-27 15:53:56,079 [INFO] [Thread-1 (_run_server)] [cli_server/cli_server.py:212]: CLI server started v1.1.4
2025-12-27 15:53:56,079 [INFO] [MainThread] [cli_server/cli_server.py:104]: Log pipe server started
2025-12-27 15:53:56,404 [ERROR] [MainThread] [root/weather.py:60]: API key or location is missing. Please provide a valid API key and location.
2025-12-27 15:53:56,762 [INFO] [MainThread] [root/service.py:48]: AudioOutputService starting...
2025-12-27 15:53:57,215 [DEBUG] [MainThread] [root/pin_manager.py:163]: Loaded 0 pinned apps from C:\Users\ratta\AppData\Local\YASB\taskbar_pinned.json
2025-12-27 15:53:57,278 [INFO] [MainThread] [core.utils.widgets.taskbar.window_manager/window_manager.py:191]: TaskbarWindowManager is starting...
2025-12-27 15:53:57,311 [ERROR] [MainThread] [root/weather.py:60]: API key or location is missing. Please provide a valid API key and location.
2025-12-27 15:53:57,416 [INFO] [MainThread] [root/bar_manager.py:85]: Starting WindowsNotificationEventListener...
2025-12-27 15:53:57,417 [INFO] [MainThread] [root/bar_manager.py:85]: Starting SystemEventListener...
2025-12-27 15:53:57,417 [INFO] [MainThread] [root/watcher.py:54]: Created file watcher for path C:\Users\ratta\.config\yasb
2025-12-27 15:53:57,454 [INFO] [MainThread] [root/update_service.py:409]: Background update checker started
2025-12-27 15:53:57,454 [DEBUG] [MainThread] [qasync._windows._EventPoller/_windows.py:215]: Starting (proactor: <_IocpProactor overlapped#=0 result#=0>)...
2025-12-27 15:53:57,455 [DEBUG] [Dummy-5] [qasync._windows._EventWorker/_windows.py:195]: Thread started
2025-12-27 15:53:57,457 [DEBUG] [MainThread] [systray_widget/systray.py:526]: Loading state from C:\Users\ratta\AppData\Local\YASB\systray_state_INCG27Q30UMB6CBWL.json
2025-12-27 15:53:57,466 [DEBUG] [SystrayMonitor] [systray_widget/systray.py:57]: Systray thread is starting...
2025-12-27 15:53:57,467 [DEBUG] [MainThread] [systray_widget/systray.py:526]: Loading state from C:\Users\ratta\AppData\Local\YASB\systray_state_EKLTDLU28R55H4ZMB00043.json
2025-12-27 15:53:57,572 [DEBUG] [MainThread] [systray_widget/systray.py:277]: Systray thread started
2025-12-27 15:53:57,774 [DEBUG] [SystrayMonitor] [systray_widget/systray_monitor.py:164]: Adding TaskbandHWND prop to hwnd 67132
2025-12-27 15:53:57,774 [DEBUG] [SystrayMonitor] [systray_widget/systray_monitor.py:242]: Finding real tray hwnd
2025-12-27 15:53:57,777 [DEBUG] [MainThread] [systray_widget/systray_monitor.py:157]: Sending TaskbarCreated message: 49327
2025-12-27 15:55:18,763 [INFO] [MainThread] [root/bar_manager.py:92]: Stopping WindowsNotificationEventListener...
2025-12-27 15:55:18,763 [INFO] [MainThread] [root/bar_manager.py:92]: Stopping SystemEventListener...
2025-12-27 15:55:18,763 [INFO] [MainThread] [core.utils.widgets.taskbar.window_manager/window_manager.py:218]: TaskbarWindowManager stopped
2025-12-27 15:55:18,764 [DEBUG] [MainThread] [systray_widget/systray.py:504]: Saving state to disk
2025-12-27 15:55:18,764 [DEBUG] [MainThread] [systray_widget/systray.py:508]: Saving state to C:\Users\ratta\AppData\Local\YASB\systray_state_INCG27Q30UMB6CBWL.json
2025-12-27 15:55:18,766 [DEBUG] [MainThread] [systray_widget/utils.py:96]: Destroying window 67132
2025-12-27 15:55:18,766 [DEBUG] [MainThread] [systray_widget/systray.py:504]: Saving state to disk
2025-12-27 15:55:18,766 [DEBUG] [MainThread] [systray_widget/systray.py:508]: Saving state to C:\Users\ratta\AppData\Local\YASB\systray_state_EKLTDLU28R55H4ZMB00043.json
2025-12-27 15:55:18,774 [DEBUG] [MainThread] [systray_widget/utils.py:96]: Destroying window 67132
2025-12-27 16:06:26,625 [INFO] [MainThread] [root/log.py:69]: YASB v1.8.6
2025-12-27 16:06:26,626 [INFO] [Thread-1 (_run_server)] [cli_server/cli_server.py:212]: CLI server started v1.1.4
2025-12-27 16:06:26,626 [INFO] [MainThread] [cli_server/cli_server.py:104]: Log pipe server started
2025-12-27 16:06:26,955 [ERROR] [MainThread] [root/weather.py:60]: API key or location is missing. Please provide a valid API key and location.
2025-12-27 16:06:27,307 [INFO] [MainThread] [root/service.py:48]: AudioOutputService starting...
2025-12-27 16:06:27,781 [DEBUG] [MainThread] [root/pin_manager.py:163]: Loaded 0 pinned apps from C:\Users\ratta\AppData\Local\YASB\taskbar_pinned.json
2025-12-27 16:06:27,859 [INFO] [MainThread] [core.utils.widgets.taskbar.window_manager/window_manager.py:191]: TaskbarWindowManager is starting...
2025-12-27 16:06:27,901 [ERROR] [MainThread] [root/weather.py:60]: API key or location is missing. Please provide a valid API key and location.
2025-12-27 16:06:28,023 [INFO] [MainThread] [root/bar_manager.py:85]: Starting WindowsNotificationEventListener...
2025-12-27 16:06:28,023 [INFO] [MainThread] [root/bar_manager.py:85]: Starting SystemEventListener...
2025-12-27 16:06:28,023 [INFO] [MainThread] [root/watcher.py:54]: Created file watcher for path C:\Users\ratta\.config\yasb
2025-12-27 16:06:28,068 [INFO] [MainThread] [root/update_service.py:409]: Background update checker started
2025-12-27 16:06:28,068 [DEBUG] [MainThread] [qasync._windows._EventPoller/_windows.py:215]: Starting (proactor: <_IocpProactor overlapped#=0 result#=0>)...
2025-12-27 16:06:28,070 [DEBUG] [Dummy-5] [qasync._windows._EventWorker/_windows.py:195]: Thread started
2025-12-27 16:06:28,072 [DEBUG] [MainThread] [systray_widget/systray.py:526]: Loading state from C:\Users\ratta\AppData\Local\YASB\systray_state_INCG27Q30UMB6CBWL.json
2025-12-27 16:06:28,080 [DEBUG] [SystrayMonitor] [systray_widget/systray.py:57]: Systray thread is starting...
2025-12-27 16:06:28,082 [DEBUG] [MainThread] [systray_widget/systray.py:526]: Loading state from C:\Users\ratta\AppData\Local\YASB\systray_state_EKLTDLU28R55H4ZMB00043.json
2025-12-27 16:06:28,114 [DEBUG] [MainThread] [systray_widget/systray.py:277]: Systray thread started
2025-12-27 16:06:28,315 [DEBUG] [SystrayMonitor] [systray_widget/systray_monitor.py:164]: Adding TaskbandHWND prop to hwnd 263558
2025-12-27 16:06:28,316 [DEBUG] [SystrayMonitor] [systray_widget/systray_monitor.py:242]: Finding real tray hwnd
2025-12-27 16:06:28,318 [DEBUG] [MainThread] [systray_widget/systray_monitor.py:157]: Sending TaskbarCreated message: 49326
2025-12-28 01:18:07,461 [INFO] [MainThread] [root/bar_manager.py:92]: Stopping WindowsNotificationEventListener...
2025-12-28 01:18:07,464 [INFO] [MainThread] [root/bar_manager.py:92]: Stopping SystemEventListener...
2025-12-28 01:18:07,465 [INFO] [MainThread] [core.utils.widgets.taskbar.window_manager/window_manager.py:218]: TaskbarWindowManager stopped
2025-12-28 01:18:07,468 [DEBUG] [MainThread] [systray_widget/systray.py:504]: Saving state to disk
2025-12-28 01:18:07,468 [DEBUG] [MainThread] [systray_widget/systray.py:508]: Saving state to C:\Users\ratta\AppData\Local\YASB\systray_state_INCG27Q30UMB6CBWL.json
2025-12-28 01:18:07,478 [DEBUG] [MainThread] [systray_widget/utils.py:96]: Destroying window 263558
2025-12-28 01:18:07,479 [DEBUG] [MainThread] [systray_widget/systray.py:504]: Saving state to disk
2025-12-28 01:18:07,479 [DEBUG] [MainThread] [systray_widget/systray.py:508]: Saving state to C:\Users\ratta\AppData\Local\YASB\systray_state_EKLTDLU28R55H4ZMB00043.json
2025-12-28 01:18:07,488 [DEBUG] [MainThread] [systray_widget/utils.py:96]: Destroying window 263558
2025-12-28 01:19:30,665 [INFO] [MainThread] [root/log.py:69]: YASB v1.8.6
2025-12-28 01:19:30,666 [INFO] [Thread-1 (_run_server)] [cli_server/cli_server.py:212]: CLI server started v1.1.4
2025-12-28 01:19:30,666 [INFO] [MainThread] [cli_server/cli_server.py:104]: Log pipe server started
2025-12-28 01:19:31,130 [ERROR] [MainThread] [root/weather.py:60]: API key or location is missing. Please provide a valid API key and location.
2025-12-28 01:19:31,487 [INFO] [MainThread] [root/service.py:48]: AudioOutputService starting...
2025-12-28 01:19:31,982 [DEBUG] [MainThread] [root/pin_manager.py:163]: Loaded 0 pinned apps from C:\Users\ratta\AppData\Local\YASB\taskbar_pinned.json
2025-12-28 01:19:32,055 [INFO] [MainThread] [core.utils.widgets.taskbar.window_manager/window_manager.py:191]: TaskbarWindowManager is starting...
2025-12-28 01:19:32,090 [ERROR] [MainThread] [root/weather.py:60]: API key or location is missing. Please provide a valid API key and location.
2025-12-28 01:19:32,223 [INFO] [MainThread] [root/bar_manager.py:85]: Starting SystemEventListener...
2025-12-28 01:19:32,223 [INFO] [MainThread] [root/bar_manager.py:85]: Starting WindowsNotificationEventListener...
2025-12-28 01:19:32,224 [INFO] [MainThread] [root/watcher.py:54]: Created file watcher for path C:\Users\ratta\.config\yasb
2025-12-28 01:19:32,271 [INFO] [MainThread] [root/update_service.py:409]: Background update checker started
2025-12-28 01:19:32,271 [DEBUG] [MainThread] [qasync._windows._EventPoller/_windows.py:215]: Starting (proactor: <_IocpProactor overlapped#=0 result#=0>)...
2025-12-28 01:19:32,273 [DEBUG] [Dummy-5] [qasync._windows._EventWorker/_windows.py:195]: Thread started
2025-12-28 01:19:32,274 [DEBUG] [MainThread] [systray_widget/systray.py:526]: Loading state from C:\Users\ratta\AppData\Local\YASB\systray_state_INCG27Q30UMB6CBWL.json
2025-12-28 01:19:32,291 [DEBUG] [SystrayMonitor] [systray_widget/systray.py:57]: Systray thread is starting...
2025-12-28 01:19:32,294 [DEBUG] [MainThread] [systray_widget/systray.py:526]: Loading state from C:\Users\ratta\AppData\Local\YASB\systray_state_EKLTDLU28R55H4ZMB00043.json
2025-12-28 01:19:32,328 [DEBUG] [MainThread] [systray_widget/systray.py:277]: Systray thread started
2025-12-28 01:19:32,529 [DEBUG] [SystrayMonitor] [systray_widget/systray_monitor.py:164]: Adding TaskbandHWND prop to hwnd 132794
2025-12-28 01:19:32,529 [DEBUG] [SystrayMonitor] [systray_widget/systray_monitor.py:242]: Finding real tray hwnd
2025-12-28 01:19:32,531 [DEBUG] [MainThread] [systray_widget/systray_monitor.py:157]: Sending TaskbarCreated message: 49332
2025-12-28 01:27:46,285 [INFO] [MainThread] [root/log.py:69]: YASB v1.8.6
2025-12-28 01:27:46,286 [INFO] [Thread-1 (_run_server)] [cli_server/cli_server.py:212]: CLI server started v1.1.4
2025-12-28 01:27:46,286 [INFO] [MainThread] [cli_server/cli_server.py:104]: Log pipe server started
2025-12-28 01:27:46,560 [ERROR] [MainThread] [root/weather.py:60]: API key or location is missing. Please provide a valid API key and location.
2025-12-28 01:27:46,868 [INFO] [MainThread] [root/service.py:48]: AudioOutputService starting...
2025-12-28 01:27:47,220 [DEBUG] [MainThread] [root/pin_manager.py:163]: Loaded 0 pinned apps from C:\Users\ratta\AppData\Local\YASB\taskbar_pinned.json
2025-12-28 01:27:47,302 [INFO] [MainThread] [core.utils.widgets.taskbar.window_manager/window_manager.py:191]: TaskbarWindowManager is starting...
2025-12-28 01:27:47,336 [ERROR] [MainThread] [root/weather.py:60]: API key or location is missing. Please provide a valid API key and location.
2025-12-28 01:27:47,522 [INFO] [MainThread] [root/bar_manager.py:85]: Starting WindowsNotificationEventListener...
2025-12-28 01:27:47,523 [INFO] [MainThread] [root/bar_manager.py:85]: Starting SystemEventListener...
2025-12-28 01:27:47,523 [INFO] [MainThread] [root/watcher.py:54]: Created file watcher for path C:\Users\ratta\.config\yasb
2025-12-28 01:27:47,581 [INFO] [MainThread] [root/update_service.py:409]: Background update checker started
2025-12-28 01:27:47,581 [DEBUG] [MainThread] [qasync._windows._EventPoller/_windows.py:215]: Starting (proactor: <_IocpProactor overlapped#=0 result#=0>)...
2025-12-28 01:27:47,582 [DEBUG] [Dummy-5] [qasync._windows._EventWorker/_windows.py:195]: Thread started
2025-12-28 01:27:47,584 [DEBUG] [MainThread] [systray_widget/systray.py:526]: Loading state from C:\Users\ratta\AppData\Local\YASB\systray_state_INCG27Q30UMB6CBWL.json
2025-12-28 01:27:47,592 [DEBUG] [SystrayMonitor] [systray_widget/systray.py:57]: Systray thread is starting...
2025-12-28 01:27:47,593 [DEBUG] [MainThread] [systray_widget/systray.py:526]: Loading state from C:\Users\ratta\AppData\Local\YASB\systray_state_EKLTDLU28R55H4ZMB00043.json
2025-12-28 01:27:47,616 [DEBUG] [MainThread] [systray_widget/systray.py:277]: Systray thread started
2025-12-28 01:27:47,817 [DEBUG] [SystrayMonitor] [systray_widget/systray_monitor.py:164]: Adding TaskbandHWND prop to hwnd 132846
2025-12-28 01:27:47,817 [DEBUG] [SystrayMonitor] [systray_widget/systray_monitor.py:242]: Finding real tray hwnd
2025-12-28 01:27:47,825 [DEBUG] [MainThread] [systray_widget/systray_monitor.py:157]: Sending TaskbarCreated message: 49332
2025-12-28 01:45:39,914 [INFO] [MainThread] [root/log.py:69]: YASB v1.8.6
2025-12-28 01:45:39,914 [INFO] [Thread-1 (_run_server)] [cli_server/cli_server.py:212]: CLI server started v1.1.4
2025-12-28 01:45:39,915 [INFO] [MainThread] [cli_server/cli_server.py:104]: Log pipe server started
2025-12-28 01:45:40,311 [ERROR] [MainThread] [root/weather.py:60]: API key or location is missing. Please provide a valid API key and location.
2025-12-28 01:45:40,677 [INFO] [MainThread] [root/service.py:48]: AudioOutputService starting...
2025-12-28 01:45:41,153 [DEBUG] [MainThread] [root/pin_manager.py:163]: Loaded 0 pinned apps from C:\Users\ratta\AppData\Local\YASB\taskbar_pinned.json
2025-12-28 01:45:41,239 [INFO] [MainThread] [core.utils.widgets.taskbar.window_manager/window_manager.py:191]: TaskbarWindowManager is starting...
2025-12-28 01:45:41,241 [INFO] [MainThread] [root/bar_manager.py:85]: Starting WindowsNotificationEventListener...
2025-12-28 01:45:41,241 [INFO] [MainThread] [root/bar_manager.py:85]: Starting SystemEventListener...
2025-12-28 01:45:41,241 [INFO] [MainThread] [root/watcher.py:54]: Created file watcher for path C:\Users\ratta\.config\yasb
2025-12-28 01:45:41,279 [INFO] [MainThread] [root/update_service.py:409]: Background update checker started
2025-12-28 01:45:41,279 [DEBUG] [MainThread] [qasync._windows._EventPoller/_windows.py:215]: Starting (proactor: <_IocpProactor overlapped#=0 result#=0>)...
2025-12-28 01:45:41,280 [DEBUG] [Dummy-5] [qasync._windows._EventWorker/_windows.py:195]: Thread started
2025-12-28 01:45:41,282 [DEBUG] [MainThread] [systray_widget/systray.py:526]: Loading state from C:\Users\ratta\AppData\Local\YASB\systray_state_EKLTDLU28R55H4ZMB00043.json
2025-12-28 01:45:41,292 [DEBUG] [SystrayMonitor] [systray_widget/systray.py:57]: Systray thread is starting...
2025-12-28 01:45:41,307 [DEBUG] [MainThread] [systray_widget/systray.py:277]: Systray thread started
2025-12-28 01:45:41,508 [DEBUG] [SystrayMonitor] [systray_widget/systray_monitor.py:164]: Adding TaskbandHWND prop to hwnd 67160
2025-12-28 01:45:41,508 [DEBUG] [SystrayMonitor] [systray_widget/systray_monitor.py:242]: Finding real tray hwnd
2025-12-28 01:45:41,511 [DEBUG] [MainThread] [systray_widget/systray_monitor.py:157]: Sending TaskbarCreated message: 49261
2025-12-28 01:54:31,356 [INFO] [MainThread] [root/bar_manager.py:80]: Screens updated. Re-initialising all bars.
2025-12-28 01:54:31,356 [INFO] [MainThread] [root/controller.py:15]: Reloading Application because of screen update.
2025-12-28 01:54:31,471 [INFO] [MainThread] [cli_server/cli_server.py:112]: Log pipe server stopped
2025-12-28 01:54:31,471 [DEBUG] [MainThread] [cli_server/cli_server.py:206]: CLI server stopped
2025-12-28 01:54:31,631 [INFO] [MainThread] [root/bar_manager.py:80]: Screens updated. Re-initialising all bars.
2025-12-28 01:54:31,632 [INFO] [MainThread] [root/controller.py:15]: Reloading Application because of screen update.
2025-12-28 01:54:31,735 [INFO] [MainThread] [cli_server/cli_server.py:112]: Log pipe server stopped
2025-12-28 01:54:31,735 [DEBUG] [MainThread] [cli_server/cli_server.py:206]: CLI server stopped
2025-12-28 01:54:31,877 [INFO] [MainThread] [root/bar_manager.py:92]: Stopping WindowsNotificationEventListener...
2025-12-28 01:54:31,878 [INFO] [MainThread] [root/bar_manager.py:92]: Stopping SystemEventListener...
2025-12-28 01:54:31,878 [INFO] [MainThread] [core.utils.widgets.taskbar.window_manager/window_manager.py:218]: TaskbarWindowManager stopped
2025-12-28 01:54:31,879 [DEBUG] [MainThread] [systray_widget/systray.py:504]: Saving state to disk
2025-12-28 01:54:31,880 [DEBUG] [MainThread] [systray_widget/systray.py:508]: Saving state to C:\Users\ratta\AppData\Local\YASB\systray_state_DISPLAY6.json
2025-12-28 01:54:31,880 [DEBUG] [MainThread] [systray_widget/systray.py:516]: State file not found.
2025-12-28 01:54:31,881 [DEBUG] [MainThread] [systray_widget/utils.py:96]: Destroying window 67160
2025-12-28 01:54:31,888 [DEBUG] [MainThread] [qasync._windows._EventPoller/_windows.py:220]: Stopping worker thread...
2025-12-28 01:54:31,899 [DEBUG] [Dummy-5] [qasync._windows._EventWorker/_windows.py:204]: Exiting thread
2025-12-28 01:54:31,900 [DEBUG] [MainThread] [qasync._windows._IocpProactor/_windows.py:78]: Closing
2025-12-28 01:54:31,911 [DEBUG] [MainThread] [systray_widget/utils.py:96]: Destroying window 67160
2025-12-28 01:54:32,297 [INFO] [MainThread] [root/log.py:69]: YASB v1.8.6
2025-12-28 01:54:32,297 [INFO] [Thread-1 (_run_server)] [cli_server/cli_server.py:212]: CLI server started v1.1.4
2025-12-28 01:54:32,297 [INFO] [MainThread] [cli_server/cli_server.py:104]: Log pipe server started
2025-12-28 01:54:32,311 [INFO] [MainThread] [root/log.py:69]: YASB v1.8.6
2025-12-28 01:54:32,311 [INFO] [Thread-1 (_run_server)] [cli_server/cli_server.py:212]: CLI server started v1.1.4
2025-12-28 01:54:32,312 [INFO] [MainThread] [cli_server/cli_server.py:104]: Log pipe server started
2025-12-28 01:54:32,312 [INFO] [MainThread] [root/main.py:45]: Waiting for previous YASB instance to exit...
2025-12-28 01:54:33,630 [ERROR] [MainThread] [root/weather.py:60]: API key or location is missing. Please provide a valid API key and location.
2025-12-28 01:54:34,440 [INFO] [MainThread] [root/service.py:48]: AudioOutputService starting...
2025-12-28 01:54:36,781 [DEBUG] [MainThread] [root/pin_manager.py:163]: Loaded 0 pinned apps from C:\Users\ratta\AppData\Local\YASB\taskbar_pinned.json
2025-12-28 01:54:36,838 [INFO] [MainThread] [root/bar_manager.py:80]: Screens updated. Re-initialising all bars.
2025-12-28 01:54:36,838 [INFO] [MainThread] [root/controller.py:15]: Reloading Application because of screen update.
2025-12-28 01:54:36,954 [INFO] [MainThread] [cli_server/cli_server.py:112]: Log pipe server stopped
2025-12-28 01:54:36,955 [DEBUG] [MainThread] [cli_server/cli_server.py:206]: CLI server stopped
2025-12-28 01:54:42,330 [ERROR] [MainThread] [root/main.py:68]: Timeout waiting for previous instance. Aborting start.
2025-12-28 01:56:16,624 [INFO] [MainThread] [root/log.py:69]: YASB v1.8.6
2025-12-28 01:56:16,626 [INFO] [Thread-1 (_run_server)] [cli_server/cli_server.py:212]: CLI server started v1.1.4
2025-12-28 01:56:16,626 [INFO] [MainThread] [cli_server/cli_server.py:104]: Log pipe server started
2025-12-28 01:56:17,450 [ERROR] [MainThread] [root/weather.py:60]: API key or location is missing. Please provide a valid API key and location.
2025-12-28 01:56:17,820 [INFO] [MainThread] [root/service.py:48]: AudioOutputService starting...
2025-12-28 01:56:18,329 [DEBUG] [MainThread] [root/pin_manager.py:163]: Loaded 0 pinned apps from C:\Users\ratta\AppData\Local\YASB\taskbar_pinned.json
2025-12-28 01:56:18,507 [INFO] [MainThread] [core.utils.widgets.taskbar.window_manager/window_manager.py:191]: TaskbarWindowManager is starting...
2025-12-28 01:56:18,546 [ERROR] [MainThread] [root/weather.py:60]: API key or location is missing. Please provide a valid API key and location.
2025-12-28 01:56:18,723 [INFO] [MainThread] [root/bar_manager.py:85]: Starting WindowsNotificationEventListener...
2025-12-28 01:56:18,724 [INFO] [MainThread] [root/bar_manager.py:85]: Starting SystemEventListener...
2025-12-28 01:56:18,724 [INFO] [MainThread] [root/watcher.py:54]: Created file watcher for path C:\Users\ratta\.config\yasb
2025-12-28 01:56:18,974 [INFO] [MainThread] [root/update_service.py:409]: Background update checker started
2025-12-28 01:56:18,974 [DEBUG] [MainThread] [qasync._windows._EventPoller/_windows.py:215]: Starting (proactor: <_IocpProactor overlapped#=0 result#=0>)...
2025-12-28 01:56:18,976 [DEBUG] [Dummy-5] [qasync._windows._EventWorker/_windows.py:195]: Thread started
2025-12-28 01:56:18,978 [DEBUG] [MainThread] [systray_widget/systray.py:526]: Loading state from C:\Users\ratta\AppData\Local\YASB\systray_state_EKLTDLU28R55H4ZMB00043.json
2025-12-28 01:56:18,986 [DEBUG] [SystrayMonitor] [systray_widget/systray.py:57]: Systray thread is starting...
2025-12-28 01:56:18,988 [DEBUG] [MainThread] [systray_widget/systray.py:526]: Loading state from C:\Users\ratta\AppData\Local\YASB\systray_state_INCG27Q30UMB6CBWL.json
2025-12-28 01:56:19,030 [DEBUG] [MainThread] [systray_widget/systray.py:277]: Systray thread started
2025-12-28 01:56:19,231 [DEBUG] [SystrayMonitor] [systray_widget/systray_monitor.py:164]: Adding TaskbandHWND prop to hwnd 198332
2025-12-28 01:56:19,232 [DEBUG] [SystrayMonitor] [systray_widget/systray_monitor.py:242]: Finding real tray hwnd
2025-12-28 01:56:19,236 [DEBUG] [MainThread] [systray_widget/systray_monitor.py:157]: Sending TaskbarCreated message: 49341
2025-12-28 01:56:24,899 [INFO] [MainThread] [root/bar.py:154]: Screen geometry changed. Updating position for bar primary-bar on screen LU28R55
2025-12-28 01:56:38,657 [INFO] [MainThread] [root/bar.py:154]: Screen geometry changed. Updating position for bar primary-bar on screen G27q-30
2025-12-28 01:56:53,251 [INFO] [MainThread] [root/bar.py:154]: Screen geometry changed. Updating position for bar primary-bar on screen G27q-30
2025-12-28 01:57:21,138 [INFO] [MainThread] [root/bar.py:154]: Screen geometry changed. Updating position for bar primary-bar on screen G27q-30
2025-12-28 01:57:41,729 [INFO] [MainThread] [root/bar_manager.py:80]: Screens updated. Re-initialising all bars.
2025-12-28 01:57:41,729 [INFO] [MainThread] [root/controller.py:15]: Reloading Application because of screen update.
2025-12-28 01:57:41,834 [INFO] [MainThread] [cli_server/cli_server.py:112]: Log pipe server stopped
2025-12-28 01:57:41,834 [DEBUG] [MainThread] [cli_server/cli_server.py:206]: CLI server stopped
2025-12-28 01:57:41,963 [INFO] [MainThread] [root/bar_manager.py:92]: Stopping WindowsNotificationEventListener...
2025-12-28 01:57:41,963 [INFO] [MainThread] [root/bar_manager.py:92]: Stopping SystemEventListener...
2025-12-28 01:57:41,963 [INFO] [MainThread] [core.utils.widgets.taskbar.window_manager/window_manager.py:218]: TaskbarWindowManager stopped
2025-12-28 01:57:41,964 [DEBUG] [MainThread] [systray_widget/systray.py:504]: Saving state to disk
2025-12-28 01:57:41,964 [DEBUG] [MainThread] [systray_widget/systray.py:508]: Saving state to C:\Users\ratta\AppData\Local\YASB\systray_state_EKLTDLU28R55H4ZMB00043.json
2025-12-28 01:57:41,965 [DEBUG] [MainThread] [systray_widget/utils.py:96]: Destroying window 198332
2025-12-28 01:57:41,965 [DEBUG] [MainThread] [systray_widget/systray.py:504]: Saving state to disk
2025-12-28 01:57:41,965 [DEBUG] [MainThread] [systray_widget/systray.py:508]: Saving state to C:\Users\ratta\AppData\Local\YASB\systray_state_EKLTDLU28R55H4ZMB00043.json
2025-12-28 01:57:41,977 [DEBUG] [MainThread] [systray_widget/utils.py:96]: Destroying window 198332
2025-12-28 01:57:41,984 [DEBUG] [MainThread] [qasync._windows._EventPoller/_windows.py:220]: Stopping worker thread...
2025-12-28 01:57:41,990 [DEBUG] [Dummy-5] [qasync._windows._EventWorker/_windows.py:204]: Exiting thread
2025-12-28 01:57:41,994 [DEBUG] [MainThread] [qasync._windows._IocpProactor/_windows.py:78]: Closing
2025-12-28 01:57:42,099 [DEBUG] [MainThread] [systray_widget/utils.py:96]: Destroying window 198332
2025-12-28 01:57:42,629 [INFO] [MainThread] [root/log.py:69]: YASB v1.8.6
2025-12-28 01:57:42,630 [INFO] [Thread-1 (_run_server)] [cli_server/cli_server.py:212]: CLI server started v1.1.4
2025-12-28 01:57:42,630 [INFO] [MainThread] [cli_server/cli_server.py:104]: Log pipe server started
2025-12-28 01:57:43,031 [ERROR] [MainThread] [root/weather.py:60]: API key or location is missing. Please provide a valid API key and location.
2025-12-28 01:57:43,329 [INFO] [MainThread] [root/service.py:48]: AudioOutputService starting...
2025-12-28 01:57:43,748 [DEBUG] [MainThread] [root/pin_manager.py:163]: Loaded 0 pinned apps from C:\Users\ratta\AppData\Local\YASB\taskbar_pinned.json
2025-12-28 01:57:43,798 [INFO] [MainThread] [core.utils.widgets.taskbar.window_manager/window_manager.py:191]: TaskbarWindowManager is starting...
2025-12-28 01:57:43,800 [INFO] [MainThread] [root/bar_manager.py:85]: Starting WindowsNotificationEventListener...
2025-12-28 01:57:43,811 [INFO] [MainThread] [root/bar_manager.py:85]: Starting SystemEventListener...
2025-12-28 01:57:43,811 [INFO] [MainThread] [root/watcher.py:54]: Created file watcher for path C:\Users\ratta\.config\yasb
2025-12-28 01:57:43,836 [INFO] [MainThread] [root/update_service.py:409]: Background update checker started
2025-12-28 01:57:43,836 [DEBUG] [MainThread] [qasync._windows._EventPoller/_windows.py:215]: Starting (proactor: <_IocpProactor overlapped#=0 result#=0>)...
2025-12-28 01:57:43,837 [DEBUG] [Dummy-5] [qasync._windows._EventWorker/_windows.py:195]: Thread started
2025-12-28 01:57:43,839 [DEBUG] [MainThread] [systray_widget/systray.py:526]: Loading state from C:\Users\ratta\AppData\Local\YASB\systray_state_EKLTDLU28R55H4ZMB00043.json
2025-12-28 01:57:43,840 [DEBUG] [SystrayMonitor] [systray_widget/systray.py:57]: Systray thread is starting...
2025-12-28 01:57:43,852 [DEBUG] [MainThread] [systray_widget/systray.py:277]: Systray thread started
2025-12-28 01:57:44,059 [DEBUG] [SystrayMonitor] [systray_widget/systray_monitor.py:164]: Adding TaskbandHWND prop to hwnd 132842
2025-12-28 01:57:44,061 [DEBUG] [SystrayMonitor] [systray_widget/systray_monitor.py:242]: Finding real tray hwnd
2025-12-28 01:57:44,069 [DEBUG] [MainThread] [systray_widget/systray_monitor.py:157]: Sending TaskbarCreated message: 49341
2025-12-28 01:57:45,159 [INFO] [MainThread] [root/bar_manager.py:80]: Screens updated. Re-initialising all bars.
2025-12-28 01:57:45,159 [INFO] [MainThread] [root/controller.py:15]: Reloading Application because of screen update.
2025-12-28 01:57:45,261 [INFO] [MainThread] [cli_server/cli_server.py:112]: Log pipe server stopped
2025-12-28 01:57:45,261 [DEBUG] [MainThread] [cli_server/cli_server.py:206]: CLI server stopped
2025-12-28 01:57:45,375 [INFO] [MainThread] [root/bar_manager.py:92]: Stopping WindowsNotificationEventListener...
2025-12-28 01:57:45,376 [INFO] [MainThread] [root/bar_manager.py:92]: Stopping SystemEventListener...
2025-12-28 01:57:45,378 [INFO] [MainThread] [core.utils.widgets.taskbar.window_manager/window_manager.py:218]: TaskbarWindowManager stopped
2025-12-28 01:57:45,379 [DEBUG] [MainThread] [systray_widget/systray.py:504]: Saving state to disk
2025-12-28 01:57:45,379 [DEBUG] [MainThread] [systray_widget/systray.py:508]: Saving state to C:\Users\ratta\AppData\Local\YASB\systray_state_EKLTDLU28R55H4ZMB00043.json
2025-12-28 01:57:45,380 [DEBUG] [MainThread] [systray_widget/utils.py:96]: Destroying window 132842
2025-12-28 01:57:45,381 [DEBUG] [MainThread] [qasync._windows._EventPoller/_windows.py:220]: Stopping worker thread...
2025-12-28 01:57:45,386 [DEBUG] [Dummy-5] [qasync._windows._EventWorker/_windows.py:204]: Exiting thread
2025-12-28 01:57:45,387 [DEBUG] [MainThread] [qasync._windows._IocpProactor/_windows.py:78]: Closing
2025-12-28 01:57:45,391 [DEBUG] [MainThread] [systray_widget/utils.py:96]: Destroying window 132842
2025-12-28 01:57:45,746 [INFO] [MainThread] [root/log.py:69]: YASB v1.8.6
2025-12-28 01:57:45,747 [INFO] [Thread-1 (_run_server)] [cli_server/cli_server.py:212]: CLI server started v1.1.4
2025-12-28 01:57:45,748 [INFO] [MainThread] [cli_server/cli_server.py:104]: Log pipe server started
2025-12-28 01:57:46,044 [ERROR] [MainThread] [root/weather.py:60]: API key or location is missing. Please provide a valid API key and location.
2025-12-28 01:57:46,246 [INFO] [MainThread] [root/service.py:48]: AudioOutputService starting...
2025-12-28 01:57:46,807 [DEBUG] [MainThread] [root/pin_manager.py:163]: Loaded 0 pinned apps from C:\Users\ratta\AppData\Local\YASB\taskbar_pinned.json
2025-12-28 01:57:46,865 [INFO] [MainThread] [core.utils.widgets.taskbar.window_manager/window_manager.py:191]: TaskbarWindowManager is starting...
2025-12-28 01:57:46,903 [ERROR] [MainThread] [root/weather.py:60]: API key or location is missing. Please provide a valid API key and location.
2025-12-28 01:57:47,097 [INFO] [MainThread] [root/bar_manager.py:85]: Starting WindowsNotificationEventListener...
2025-12-28 01:57:47,097 [INFO] [MainThread] [root/bar_manager.py:85]: Starting SystemEventListener...
2025-12-28 01:57:47,097 [INFO] [MainThread] [root/watcher.py:54]: Created file watcher for path C:\Users\ratta\.config\yasb
2025-12-28 01:57:47,186 [INFO] [MainThread] [root/update_service.py:409]: Background update checker started
2025-12-28 01:57:47,187 [DEBUG] [MainThread] [qasync._windows._EventPoller/_windows.py:215]: Starting (proactor: <_IocpProactor overlapped#=0 result#=0>)...
2025-12-28 01:57:47,188 [DEBUG] [Dummy-5] [qasync._windows._EventWorker/_windows.py:195]: Thread started
2025-12-28 01:57:47,190 [DEBUG] [MainThread] [systray_widget/systray.py:526]: Loading state from C:\Users\ratta\AppData\Local\YASB\systray_state_EKLTDLU28R55H4ZMB00043.json
2025-12-28 01:57:47,192 [DEBUG] [SystrayMonitor] [systray_widget/systray.py:57]: Systray thread is starting...
2025-12-28 01:57:47,192 [DEBUG] [MainThread] [systray_widget/systray.py:526]: Loading state from C:\Users\ratta\AppData\Local\YASB\systray_state_INCG27Q30UMB6CBWL.json
2025-12-28 01:57:47,197 [DEBUG] [SystrayMonitor] [systray_widget/systray_monitor.py:242]: Finding real tray hwnd
2025-12-28 01:57:47,223 [DEBUG] [MainThread] [systray_widget/systray.py:277]: Systray thread started
2025-12-28 01:57:47,426 [DEBUG] [SystrayMonitor] [systray_widget/systray_monitor.py:164]: Adding TaskbandHWND prop to hwnd 131580
2025-12-28 01:57:47,466 [DEBUG] [MainThread] [systray_widget/systray_monitor.py:157]: Sending TaskbarCreated message: 49341
2025-12-28 01:58:01,710 [INFO] [MainThread] [root/bar.py:154]: Screen geometry changed. Updating position for bar primary-bar on screen G27q-30
2025-12-28 01:58:01,725 [INFO] [MainThread] [root/bar.py:154]: Screen geometry changed. Updating position for bar primary-bar on screen LU28R55
2025-12-28 02:03:21,685 [INFO] [MainThread] [root/controller.py:15]: Reloading Application from tray...
2025-12-28 02:03:21,792 [INFO] [MainThread] [cli_server/cli_server.py:112]: Log pipe server stopped
2025-12-28 02:03:21,793 [DEBUG] [MainThread] [cli_server/cli_server.py:206]: CLI server stopped
2025-12-28 02:03:21,904 [INFO] [MainThread] [root/bar_manager.py:92]: Stopping WindowsNotificationEventListener...
2025-12-28 02:03:21,904 [INFO] [MainThread] [root/bar_manager.py:92]: Stopping SystemEventListener...
2025-12-28 02:03:21,905 [INFO] [MainThread] [core.utils.widgets.taskbar.window_manager/window_manager.py:218]: TaskbarWindowManager stopped
2025-12-28 02:03:21,906 [DEBUG] [MainThread] [systray_widget/systray.py:504]: Saving state to disk
2025-12-28 02:03:21,906 [DEBUG] [MainThread] [systray_widget/systray.py:508]: Saving state to C:\Users\ratta\AppData\Local\YASB\systray_state_EKLTDLU28R55H4ZMB00043.json
2025-12-28 02:03:21,908 [DEBUG] [MainThread] [systray_widget/utils.py:96]: Destroying window 131580
2025-12-28 02:03:21,908 [DEBUG] [MainThread] [systray_widget/systray.py:504]: Saving state to disk
2025-12-28 02:03:21,909 [DEBUG] [MainThread] [systray_widget/systray.py:508]: Saving state to C:\Users\ratta\AppData\Local\YASB\systray_state_INCG27Q30UMB6CBWL.json
2025-12-28 02:03:21,911 [DEBUG] [MainThread] [systray_widget/utils.py:96]: Destroying window 131580
2025-12-28 02:03:21,917 [DEBUG] [MainThread] [qasync._windows._EventPoller/_windows.py:220]: Stopping worker thread...
2025-12-28 02:03:21,917 [DEBUG] [Dummy-5] [qasync._windows._EventWorker/_windows.py:204]: Exiting thread
2025-12-28 02:03:21,919 [DEBUG] [MainThread] [qasync._windows._IocpProactor/_windows.py:78]: Closing
2025-12-28 02:03:22,120 [DEBUG] [MainThread] [systray_widget/utils.py:96]: Destroying window 131580
2025-12-28 02:03:22,205 [INFO] [MainThread] [root/log.py:69]: YASB v1.8.6
2025-12-28 02:03:22,205 [INFO] [Thread-1 (_run_server)] [cli_server/cli_server.py:212]: CLI server started v1.1.4
2025-12-28 02:03:22,206 [INFO] [MainThread] [cli_server/cli_server.py:104]: Log pipe server started
2025-12-28 02:03:22,495 [ERROR] [MainThread] [root/weather.py:60]: API key or location is missing. Please provide a valid API key and location.
2025-12-28 02:03:22,753 [INFO] [MainThread] [root/service.py:48]: AudioOutputService starting...
2025-12-28 02:03:23,248 [DEBUG] [MainThread] [root/pin_manager.py:163]: Loaded 0 pinned apps from C:\Users\ratta\AppData\Local\YASB\taskbar_pinned.json
2025-12-28 02:03:23,341 [INFO] [MainThread] [core.utils.widgets.taskbar.window_manager/window_manager.py:191]: TaskbarWindowManager is starting...
2025-12-28 02:03:23,404 [ERROR] [MainThread] [root/weather.py:60]: API key or location is missing. Please provide a valid API key and location.
2025-12-28 02:03:23,631 [INFO] [MainThread] [root/bar_manager.py:85]: Starting SystemEventListener...
2025-12-28 02:03:23,631 [INFO] [MainThread] [root/bar_manager.py:85]: Starting WindowsNotificationEventListener...
2025-12-28 02:03:23,642 [INFO] [MainThread] [root/watcher.py:54]: Created file watcher for path C:\Users\ratta\.config\yasb
2025-12-28 02:03:23,686 [INFO] [MainThread] [root/update_service.py:409]: Background update checker started
2025-12-28 02:03:23,687 [DEBUG] [MainThread] [qasync._windows._EventPoller/_windows.py:215]: Starting (proactor: <_IocpProactor overlapped#=0 result#=0>)...
2025-12-28 02:03:23,688 [DEBUG] [Dummy-5] [qasync._windows._EventWorker/_windows.py:195]: Thread started
2025-12-28 02:03:23,689 [DEBUG] [MainThread] [systray_widget/systray.py:526]: Loading state from C:\Users\ratta\AppData\Local\YASB\systray_state_INCG27Q30UMB6CBWL.json
2025-12-28 02:03:23,691 [DEBUG] [SystrayMonitor] [systray_widget/systray.py:57]: Systray thread is starting...
2025-12-28 02:03:23,692 [DEBUG] [MainThread] [systray_widget/systray.py:526]: Loading state from C:\Users\ratta\AppData\Local\YASB\systray_state_EKLTDLU28R55H4ZMB00043.json
2025-12-28 02:03:23,793 [DEBUG] [MainThread] [systray_widget/systray.py:277]: Systray thread started
2025-12-28 02:03:23,994 [DEBUG] [SystrayMonitor] [systray_widget/systray_monitor.py:164]: Adding TaskbandHWND prop to hwnd 196968
2025-12-28 02:03:23,995 [DEBUG] [SystrayMonitor] [systray_widget/systray_monitor.py:242]: Finding real tray hwnd
2025-12-28 02:03:23,999 [DEBUG] [MainThread] [systray_widget/systray_monitor.py:157]: Sending TaskbarCreated message: 49341
2025-12-28 02:25:12,085 [DEBUG] [MainThread] [systray_widget/systray.py:447]: Is empty: True, force show: True
2025-12-28 02:25:12,086 [DEBUG] [MainThread] [systray_widget/systray.py:447]: Is empty: True, force show: True
2025-12-28 02:25:12,497 [DEBUG] [MainThread] [systray_widget/systray.py:447]: Is empty: True, force show: True
2025-12-28 02:25:12,504 [DEBUG] [MainThread] [systray_widget/systray.py:447]: Is empty: True, force show: True
2025-12-28 02:25:12,519 [DEBUG] [MainThread] [systray_widget/systray.py:447]: Is empty: True, force show: True
2025-12-28 02:25:12,532 [DEBUG] [MainThread] [systray_widget/systray.py:447]: Is empty: True, force show: True
2025-12-28 02:25:12,547 [DEBUG] [MainThread] [systray_widget/systray.py:447]: Is empty: True, force show: True
2025-12-28 02:25:12,552 [DEBUG] [MainThread] [systray_widget/systray.py:447]: Is empty: True, force show: True
2025-12-28 02:25:12,568 [DEBUG] [MainThread] [systray_widget/systray.py:447]: Is empty: True, force show: True
2025-12-28 02:25:12,587 [DEBUG] [MainThread] [systray_widget/systray.py:447]: Is empty: True, force show: True
2025-12-28 02:25:12,643 [DEBUG] [MainThread] [systray_widget/systray.py:447]: Is empty: True, force show: True
2025-12-28 02:25:13,002 [DEBUG] [MainThread] [systray_widget/systray.py:447]: Is empty: True, force show: True
2025-12-28 02:29:54,191 [INFO] [MainThread] [root/bar_manager.py:92]: Stopping SystemEventListener...
2025-12-28 02:29:54,191 [INFO] [MainThread] [root/bar_manager.py:92]: Stopping WindowsNotificationEventListener...
2025-12-28 02:29:54,193 [INFO] [MainThread] [core.utils.widgets.taskbar.window_manager/window_manager.py:218]: TaskbarWindowManager stopped
2025-12-28 02:29:54,194 [DEBUG] [MainThread] [systray_widget/systray.py:504]: Saving state to disk
2025-12-28 02:29:54,195 [DEBUG] [MainThread] [systray_widget/systray.py:508]: Saving state to C:\Users\ratta\AppData\Local\YASB\systray_state_INCG27Q30UMB6CBWL.json
2025-12-28 02:29:54,197 [DEBUG] [MainThread] [systray_widget/utils.py:96]: Destroying window 196968
2025-12-28 02:29:54,197 [DEBUG] [MainThread] [systray_widget/systray.py:504]: Saving state to disk
2025-12-28 02:29:54,198 [DEBUG] [MainThread] [systray_widget/systray.py:508]: Saving state to C:\Users\ratta\AppData\Local\YASB\systray_state_EKLTDLU28R55H4ZMB00043.json
2025-12-28 02:29:54,200 [DEBUG] [MainThread] [systray_widget/utils.py:96]: Destroying window 196968
2025-12-28 02:32:37,538 [INFO] [MainThread] [root/log.py:69]: YASB v1.8.6
2025-12-28 02:32:37,539 [INFO] [Thread-1 (_run_server)] [cli_server/cli_server.py:212]: CLI server started v1.1.4
2025-12-28 02:32:37,539 [INFO] [MainThread] [cli_server/cli_server.py:104]: Log pipe server started
2025-12-28 02:32:37,879 [ERROR] [MainThread] [root/weather.py:60]: API key or location is missing. Please provide a valid API key and location.
2025-12-28 02:32:38,260 [INFO] [MainThread] [root/service.py:48]: AudioOutputService starting...
2025-12-28 02:32:38,761 [DEBUG] [MainThread] [root/pin_manager.py:163]: Loaded 0 pinned apps from C:\Users\ratta\AppData\Local\YASB\taskbar_pinned.json
2025-12-28 02:32:38,837 [INFO] [MainThread] [core.utils.widgets.taskbar.window_manager/window_manager.py:191]: TaskbarWindowManager is starting...
2025-12-28 02:32:38,870 [ERROR] [MainThread] [root/weather.py:60]: API key or location is missing. Please provide a valid API key and location.
2025-12-28 02:32:39,091 [INFO] [MainThread] [root/bar_manager.py:85]: Starting WindowsNotificationEventListener...
2025-12-28 02:32:39,103 [INFO] [MainThread] [root/bar_manager.py:85]: Starting SystemEventListener...
2025-12-28 02:32:39,103 [INFO] [MainThread] [root/watcher.py:54]: Created file watcher for path C:\Users\ratta\.config\yasb
2025-12-28 02:32:39,149 [INFO] [MainThread] [root/update_service.py:409]: Background update checker started
2025-12-28 02:32:39,149 [DEBUG] [MainThread] [qasync._windows._EventPoller/_windows.py:215]: Starting (proactor: <_IocpProactor overlapped#=0 result#=0>)...
2025-12-28 02:32:39,150 [DEBUG] [Dummy-5] [qasync._windows._EventWorker/_windows.py:195]: Thread started
2025-12-28 02:32:39,152 [DEBUG] [MainThread] [systray_widget/systray.py:526]: Loading state from C:\Users\ratta\AppData\Local\YASB\systray_state_INCG27Q30UMB6CBWL.json
2025-12-28 02:32:39,168 [DEBUG] [SystrayMonitor] [systray_widget/systray.py:57]: Systray thread is starting...
2025-12-28 02:32:39,170 [DEBUG] [MainThread] [systray_widget/systray.py:526]: Loading state from C:\Users\ratta\AppData\Local\YASB\systray_state_EKLTDLU28R55H4ZMB00043.json
2025-12-28 02:32:39,199 [DEBUG] [MainThread] [systray_widget/systray.py:277]: Systray thread started
2025-12-28 02:32:39,401 [DEBUG] [SystrayMonitor] [systray_widget/systray_monitor.py:164]: Adding TaskbandHWND prop to hwnd 67320
2025-12-28 02:32:39,401 [DEBUG] [SystrayMonitor] [systray_widget/systray_monitor.py:242]: Finding real tray hwnd
2025-12-28 02:32:39,404 [DEBUG] [MainThread] [systray_widget/systray_monitor.py:157]: Sending TaskbarCreated message: 49330
2025-12-28 03:01:51,888 [INFO] [MainThread] [root/bar_manager.py:92]: Stopping WindowsNotificationEventListener...
2025-12-28 03:01:51,891 [INFO] [MainThread] [root/bar_manager.py:92]: Stopping SystemEventListener...
2025-12-28 03:01:51,893 [INFO] [MainThread] [core.utils.widgets.taskbar.window_manager/window_manager.py:218]: TaskbarWindowManager stopped
2025-12-28 03:01:51,897 [DEBUG] [MainThread] [systray_widget/systray.py:504]: Saving state to disk
2025-12-28 03:01:51,899 [DEBUG] [MainThread] [systray_widget/systray.py:508]: Saving state to C:\Users\ratta\AppData\Local\YASB\systray_state_INCG27Q30UMB6CBWL.json
2025-12-28 03:01:51,911 [DEBUG] [MainThread] [systray_widget/utils.py:96]: Destroying window 67320
2025-12-28 03:01:51,912 [DEBUG] [MainThread] [systray_widget/systray.py:504]: Saving state to disk
2025-12-28 03:01:51,912 [DEBUG] [MainThread] [systray_widget/systray.py:508]: Saving state to C:\Users\ratta\AppData\Local\YASB\systray_state_EKLTDLU28R55H4ZMB00043.json
2025-12-28 03:01:51,923 [DEBUG] [MainThread] [systray_widget/utils.py:96]: Destroying window 67320
2025-12-28 09:38:38,653 [INFO] [MainThread] [root/log.py:69]: YASB v1.8.6
2025-12-28 09:38:38,654 [INFO] [Thread-1 (_run_server)] [cli_server/cli_server.py:212]: CLI server started v1.1.4
2025-12-28 09:38:38,654 [INFO] [MainThread] [cli_server/cli_server.py:104]: Log pipe server started
2025-12-28 09:38:38,941 [ERROR] [MainThread] [root/weather.py:60]: API key or location is missing. Please provide a valid API key and location.
2025-12-28 09:38:39,291 [INFO] [MainThread] [root/service.py:48]: AudioOutputService starting...
2025-12-28 09:38:39,750 [DEBUG] [MainThread] [root/pin_manager.py:163]: Loaded 0 pinned apps from C:\Users\ratta\AppData\Local\YASB\taskbar_pinned.json
2025-12-28 09:38:39,812 [INFO] [MainThread] [core.utils.widgets.taskbar.window_manager/window_manager.py:191]: TaskbarWindowManager is starting...
2025-12-28 09:38:39,846 [ERROR] [MainThread] [root/weather.py:60]: API key or location is missing. Please provide a valid API key and location.
2025-12-28 09:38:39,977 [INFO] [MainThread] [root/bar_manager.py:85]: Starting WindowsNotificationEventListener...
2025-12-28 09:38:39,977 [INFO] [MainThread] [root/bar_manager.py:85]: Starting SystemEventListener...
2025-12-28 09:38:39,977 [INFO] [MainThread] [root/watcher.py:54]: Created file watcher for path C:\Users\ratta\.config\yasb
2025-12-28 09:38:40,045 [INFO] [MainThread] [root/update_service.py:409]: Background update checker started
2025-12-28 09:38:40,045 [DEBUG] [MainThread] [qasync._windows._EventPoller/_windows.py:215]: Starting (proactor: <_IocpProactor overlapped#=0 result#=0>)...
2025-12-28 09:38:40,048 [DEBUG] [Dummy-5] [qasync._windows._EventWorker/_windows.py:195]: Thread started
2025-12-28 09:38:40,051 [DEBUG] [MainThread] [systray_widget/systray.py:526]: Loading state from C:\Users\ratta\AppData\Local\YASB\systray_state_INCG27Q30UMB6CBWL.json
2025-12-28 09:38:40,070 [DEBUG] [SystrayMonitor] [systray_widget/systray.py:57]: Systray thread is starting...
2025-12-28 09:38:40,073 [DEBUG] [MainThread] [systray_widget/systray.py:526]: Loading state from C:\Users\ratta\AppData\Local\YASB\systray_state_EKLTDLU28R55H4ZMB00043.json
2025-12-28 09:38:40,125 [DEBUG] [MainThread] [systray_widget/systray.py:277]: Systray thread started
2025-12-28 09:38:40,137 [DEBUG] [SystrayMonitor] [systray_widget/systray_monitor.py:242]: Finding real tray hwnd
2025-12-28 09:38:40,297 [WARNING] [UpdateChecker] [root/update_service.py:275]: Network error checking for updates: [SSL: UNEXPECTED_EOF_WHILE_READING] EOF occurred in violation of protocol (_ssl.c:1077)
2025-12-28 09:38:40,297 [WARNING] [UpdateChecker] [root/update_service.py:405]: Background update check failed: <urlopen error [SSL: UNEXPECTED_EOF_WHILE_READING] EOF occurred in violation of protocol (_ssl.c:1077)>
2025-12-28 09:38:40,326 [DEBUG] [SystrayMonitor] [systray_widget/systray_monitor.py:164]: Adding TaskbandHWND prop to hwnd 132558
2025-12-28 09:38:40,329 [DEBUG] [MainThread] [systray_widget/systray_monitor.py:157]: Sending TaskbarCreated message: 49331
2025-12-28 14:32:27,993 [INFO] [MainThread] [root/bar_manager.py:92]: Stopping WindowsNotificationEventListener...
2025-12-28 14:32:28,003 [INFO] [MainThread] [root/bar_manager.py:92]: Stopping SystemEventListener...
2025-12-28 14:32:28,005 [INFO] [MainThread] [core.utils.widgets.taskbar.window_manager/window_manager.py:218]: TaskbarWindowManager stopped
2025-12-28 14:32:28,014 [DEBUG] [MainThread] [systray_widget/systray.py:504]: Saving state to disk
2025-12-28 14:32:28,015 [DEBUG] [MainThread] [systray_widget/systray.py:508]: Saving state to C:\Users\ratta\AppData\Local\YASB\systray_state_INCG27Q30UMB6CBWL.json
2025-12-28 14:32:28,028 [DEBUG] [MainThread] [systray_widget/utils.py:96]: Destroying window 132558
2025-12-28 14:32:28,028 [DEBUG] [MainThread] [systray_widget/systray.py:504]: Saving state to disk
2025-12-28 14:32:28,029 [DEBUG] [MainThread] [systray_widget/systray.py:508]: Saving state to C:\Users\ratta\AppData\Local\YASB\systray_state_EKLTDLU28R55H4ZMB00043.json
2025-12-28 14:32:28,038 [DEBUG] [MainThread] [systray_widget/utils.py:96]: Destroying window 132558
2025-12-28 14:34:08,690 [INFO] [MainThread] [root/log.py:69]: YASB v1.8.6
2025-12-28 14:34:08,691 [INFO] [Thread-1 (_run_server)] [cli_server/cli_server.py:212]: CLI server started v1.1.4
2025-12-28 14:34:08,691 [INFO] [MainThread] [cli_server/cli_server.py:104]: Log pipe server started
2025-12-28 14:34:08,977 [ERROR] [MainThread] [root/weather.py:60]: API key or location is missing. Please provide a valid API key and location.
2025-12-28 14:34:09,320 [INFO] [MainThread] [root/service.py:48]: AudioOutputService starting...
2025-12-28 14:34:09,811 [DEBUG] [MainThread] [root/pin_manager.py:163]: Loaded 0 pinned apps from C:\Users\ratta\AppData\Local\YASB\taskbar_pinned.json
2025-12-28 14:34:09,881 [INFO] [MainThread] [core.utils.widgets.taskbar.window_manager/window_manager.py:191]: TaskbarWindowManager is starting...
2025-12-28 14:34:09,915 [ERROR] [MainThread] [root/weather.py:60]: API key or location is missing. Please provide a valid API key and location.
2025-12-28 14:34:10,069 [INFO] [MainThread] [root/bar_manager.py:85]: Starting WindowsNotificationEventListener...
2025-12-28 14:34:10,070 [INFO] [MainThread] [root/bar_manager.py:85]: Starting SystemEventListener...
2025-12-28 14:34:10,070 [INFO] [MainThread] [root/watcher.py:54]: Created file watcher for path C:\Users\ratta\.config\yasb
2025-12-28 14:34:10,124 [INFO] [MainThread] [root/update_service.py:409]: Background update checker started
2025-12-28 14:34:10,125 [DEBUG] [MainThread] [qasync._windows._EventPoller/_windows.py:215]: Starting (proactor: <_IocpProactor overlapped#=0 result#=0>)...
2025-12-28 14:34:10,127 [DEBUG] [Dummy-5] [qasync._windows._EventWorker/_windows.py:195]: Thread started
2025-12-28 14:34:10,129 [DEBUG] [MainThread] [systray_widget/systray.py:526]: Loading state from C:\Users\ratta\AppData\Local\YASB\systray_state_INCG27Q30UMB6CBWL.json
2025-12-28 14:34:10,145 [DEBUG] [SystrayMonitor] [systray_widget/systray.py:57]: Systray thread is starting...
2025-12-28 14:34:10,148 [DEBUG] [MainThread] [systray_widget/systray.py:526]: Loading state from C:\Users\ratta\AppData\Local\YASB\systray_state_EKLTDLU28R55H4ZMB00043.json
2025-12-28 14:34:10,185 [DEBUG] [MainThread] [systray_widget/systray.py:277]: Systray thread started
2025-12-28 14:34:10,386 [DEBUG] [SystrayMonitor] [systray_widget/systray_monitor.py:164]: Adding TaskbandHWND prop to hwnd 67324
2025-12-28 14:34:10,386 [DEBUG] [SystrayMonitor] [systray_widget/systray_monitor.py:242]: Finding real tray hwnd
2025-12-28 14:34:10,390 [DEBUG] [MainThread] [systray_widget/systray_monitor.py:157]: Sending TaskbarCreated message: 49332
2025-12-28 15:09:55,975 [INFO] [MainThread] [root/controller.py:15]: Reloading Application because of config change.
2025-12-28 15:09:56,090 [INFO] [MainThread] [cli_server/cli_server.py:112]: Log pipe server stopped
2025-12-28 15:09:56,090 [DEBUG] [MainThread] [cli_server/cli_server.py:206]: CLI server stopped
2025-12-28 15:09:56,100 [INFO] [MainThread] [root/bar_manager.py:76]: Successfully loaded updated config and re-initialised all bars.
2025-12-28 15:09:56,396 [INFO] [MainThread] [root/bar_manager.py:92]: Stopping WindowsNotificationEventListener...
2025-12-28 15:09:56,396 [INFO] [MainThread] [root/bar_manager.py:92]: Stopping SystemEventListener...
2025-12-28 15:09:56,396 [INFO] [MainThread] [core.utils.widgets.taskbar.window_manager/window_manager.py:218]: TaskbarWindowManager stopped
2025-12-28 15:09:56,399 [DEBUG] [MainThread] [systray_widget/systray.py:504]: Saving state to disk
2025-12-28 15:09:56,400 [DEBUG] [MainThread] [systray_widget/systray.py:508]: Saving state to C:\Users\ratta\AppData\Local\YASB\systray_state_INCG27Q30UMB6CBWL.json
2025-12-28 15:09:56,411 [DEBUG] [MainThread] [systray_widget/utils.py:96]: Destroying window 67324
2025-12-28 15:09:56,411 [DEBUG] [MainThread] [systray_widget/systray.py:504]: Saving state to disk
2025-12-28 15:09:56,411 [DEBUG] [MainThread] [systray_widget/systray.py:508]: Saving state to C:\Users\ratta\AppData\Local\YASB\systray_state_EKLTDLU28R55H4ZMB00043.json
2025-12-28 15:09:56,421 [DEBUG] [MainThread] [systray_widget/utils.py:96]: Destroying window 67324
2025-12-28 15:09:56,430 [DEBUG] [MainThread] [qasync._windows._EventPoller/_windows.py:220]: Stopping worker thread...
2025-12-28 15:09:56,444 [DEBUG] [Dummy-5] [qasync._windows._EventWorker/_windows.py:204]: Exiting thread
2025-12-28 15:09:56,445 [DEBUG] [MainThread] [qasync._windows._IocpProactor/_windows.py:78]: Closing
2025-12-28 15:09:56,462 [DEBUG] [MainThread] [systray_widget/utils.py:96]: Destroying window 67324
2025-12-28 15:09:56,918 [INFO] [MainThread] [root/log.py:69]: YASB v1.8.6
2025-12-28 15:09:56,919 [INFO] [Thread-1 (_run_server)] [cli_server/cli_server.py:212]: CLI server started v1.1.4
2025-12-28 15:09:56,919 [INFO] [MainThread] [cli_server/cli_server.py:104]: Log pipe server started
2025-12-28 15:09:57,286 [ERROR] [MainThread] [root/weather.py:60]: API key or location is missing. Please provide a valid API key and location.
2025-12-28 15:09:57,803 [INFO] [MainThread] [root/service.py:48]: AudioOutputService starting...
2025-12-28 15:09:58,303 [DEBUG] [MainThread] [root/pin_manager.py:163]: Loaded 0 pinned apps from C:\Users\ratta\AppData\Local\YASB\taskbar_pinned.json
2025-12-28 15:09:58,460 [INFO] [MainThread] [core.utils.widgets.taskbar.window_manager/window_manager.py:191]: TaskbarWindowManager is starting...
2025-12-28 15:09:58,523 [ERROR] [MainThread] [root/weather.py:60]: API key or location is missing. Please provide a valid API key and location.
2025-12-28 15:09:58,876 [INFO] [MainThread] [root/bar_manager.py:85]: Starting SystemEventListener...
2025-12-28 15:09:58,876 [INFO] [MainThread] [root/bar_manager.py:85]: Starting WindowsNotificationEventListener...
2025-12-28 15:09:58,877 [INFO] [MainThread] [root/watcher.py:54]: Created file watcher for path C:\Users\ratta\.config\yasb
2025-12-28 15:09:58,909 [INFO] [MainThread] [root/update_service.py:409]: Background update checker started
2025-12-28 15:09:58,909 [DEBUG] [MainThread] [qasync._windows._EventPoller/_windows.py:215]: Starting (proactor: <_IocpProactor overlapped#=0 result#=0>)...
2025-12-28 15:09:58,910 [DEBUG] [Dummy-5] [qasync._windows._EventWorker/_windows.py:195]: Thread started
2025-12-28 15:09:58,912 [DEBUG] [MainThread] [systray_widget/systray.py:526]: Loading state from C:\Users\ratta\AppData\Local\YASB\systray_state_INCG27Q30UMB6CBWL.json
2025-12-28 15:09:58,914 [DEBUG] [SystrayMonitor] [systray_widget/systray.py:57]: Systray thread is starting...
2025-12-28 15:09:58,915 [DEBUG] [MainThread] [systray_widget/systray.py:526]: Loading state from C:\Users\ratta\AppData\Local\YASB\systray_state_EKLTDLU28R55H4ZMB00043.json
2025-12-28 15:09:58,933 [DEBUG] [MainThread] [systray_widget/systray.py:277]: Systray thread started
2025-12-28 15:09:59,134 [DEBUG] [SystrayMonitor] [systray_widget/systray_monitor.py:164]: Adding TaskbandHWND prop to hwnd 525196
2025-12-28 15:09:59,134 [DEBUG] [SystrayMonitor] [systray_widget/systray_monitor.py:242]: Finding real tray hwnd
2025-12-28 15:09:59,139 [DEBUG] [MainThread] [systray_widget/systray_monitor.py:157]: Sending TaskbarCreated message: 49332
2025-12-28 15:10:06,945 [INFO] [MainThread] [root/controller.py:15]: Reloading Application from tray...
2025-12-28 15:10:07,050 [INFO] [MainThread] [cli_server/cli_server.py:112]: Log pipe server stopped
2025-12-28 15:10:07,050 [DEBUG] [MainThread] [cli_server/cli_server.py:206]: CLI server stopped
2025-12-28 15:10:07,315 [INFO] [MainThread] [root/log.py:69]: YASB v1.8.6
2025-12-28 15:10:07,316 [INFO] [Thread-1 (_run_server)] [cli_server/cli_server.py:212]: CLI server started v1.1.4
2025-12-28 15:10:07,316 [INFO] [MainThread] [cli_server/cli_server.py:104]: Log pipe server started
2025-12-28 15:10:07,316 [INFO] [MainThread] [root/main.py:45]: Waiting for previous YASB instance to exit...
2025-12-28 15:10:07,352 [INFO] [MainThread] [root/bar_manager.py:92]: Stopping SystemEventListener...
2025-12-28 15:10:07,352 [INFO] [MainThread] [root/bar_manager.py:92]: Stopping WindowsNotificationEventListener...
2025-12-28 15:10:07,353 [INFO] [MainThread] [core.utils.widgets.taskbar.window_manager/window_manager.py:218]: TaskbarWindowManager stopped
2025-12-28 15:10:07,353 [DEBUG] [MainThread] [systray_widget/systray.py:504]: Saving state to disk
2025-12-28 15:10:07,354 [DEBUG] [MainThread] [systray_widget/systray.py:508]: Saving state to C:\Users\ratta\AppData\Local\YASB\systray_state_INCG27Q30UMB6CBWL.json
2025-12-28 15:10:07,354 [DEBUG] [MainThread] [systray_widget/utils.py:96]: Destroying window 525196
2025-12-28 15:10:07,354 [DEBUG] [MainThread] [systray_widget/systray.py:504]: Saving state to disk
2025-12-28 15:10:07,355 [DEBUG] [MainThread] [systray_widget/systray.py:508]: Saving state to C:\Users\ratta\AppData\Local\YASB\systray_state_EKLTDLU28R55H4ZMB00043.json
2025-12-28 15:10:07,355 [DEBUG] [MainThread] [systray_widget/utils.py:96]: Destroying window 525196
2025-12-28 15:10:07,357 [DEBUG] [MainThread] [qasync._windows._EventPoller/_windows.py:220]: Stopping worker thread...
2025-12-28 15:10:07,360 [DEBUG] [Dummy-5] [qasync._windows._EventWorker/_windows.py:204]: Exiting thread
2025-12-28 15:10:07,378 [DEBUG] [MainThread] [qasync._windows._IocpProactor/_windows.py:78]: Closing
2025-12-28 15:10:07,434 [DEBUG] [MainThread] [systray_widget/utils.py:96]: Destroying window 525196
2025-12-28 15:10:07,566 [INFO] [MainThread] [root/main.py:71]: Previous instance exited, continuing startup.
2025-12-28 15:10:07,786 [ERROR] [MainThread] [root/weather.py:60]: API key or location is missing. Please provide a valid API key and location.
2025-12-28 15:10:07,992 [INFO] [MainThread] [root/service.py:48]: AudioOutputService starting...
2025-12-28 15:10:08,525 [DEBUG] [MainThread] [root/pin_manager.py:163]: Loaded 0 pinned apps from C:\Users\ratta\AppData\Local\YASB\taskbar_pinned.json
2025-12-28 15:10:08,600 [INFO] [MainThread] [core.utils.widgets.taskbar.window_manager/window_manager.py:191]: TaskbarWindowManager is starting...
2025-12-28 15:10:08,635 [ERROR] [MainThread] [root/weather.py:60]: API key or location is missing. Please provide a valid API key and location.
2025-12-28 15:10:08,901 [INFO] [MainThread] [root/bar_manager.py:85]: Starting SystemEventListener...
2025-12-28 15:10:08,902 [INFO] [MainThread] [root/bar_manager.py:85]: Starting WindowsNotificationEventListener...
2025-12-28 15:10:08,902 [INFO] [MainThread] [root/watcher.py:54]: Created file watcher for path C:\Users\ratta\.config\yasb
2025-12-28 15:10:08,942 [INFO] [MainThread] [root/update_service.py:409]: Background update checker started
2025-12-28 15:10:08,942 [DEBUG] [MainThread] [qasync._windows._EventPoller/_windows.py:215]: Starting (proactor: <_IocpProactor overlapped#=0 result#=0>)...
2025-12-28 15:10:08,944 [DEBUG] [Dummy-5] [qasync._windows._EventWorker/_windows.py:195]: Thread started
2025-12-28 15:10:08,947 [DEBUG] [MainThread] [systray_widget/systray.py:526]: Loading state from C:\Users\ratta\AppData\Local\YASB\systray_state_INCG27Q30UMB6CBWL.json
2025-12-28 15:10:08,950 [DEBUG] [MainThread] [systray_widget/systray.py:526]: Loading state from C:\Users\ratta\AppData\Local\YASB\systray_state_EKLTDLU28R55H4ZMB00043.json
2025-12-28 15:10:08,950 [DEBUG] [SystrayMonitor] [systray_widget/systray.py:57]: Systray thread is starting...
2025-12-28 15:10:09,047 [DEBUG] [MainThread] [systray_widget/systray.py:277]: Systray thread started
2025-12-28 15:10:09,248 [DEBUG] [SystrayMonitor] [systray_widget/systray_monitor.py:164]: Adding TaskbandHWND prop to hwnd 198352
2025-12-28 15:10:09,251 [DEBUG] [MainThread] [systray_widget/systray_monitor.py:157]: Sending TaskbarCreated message: 49332
2025-12-28 15:10:11,297 [DEBUG] [SystrayMonitor] [systray_widget/systray_monitor.py:242]: Finding real tray hwnd
2025-12-28 15:16:06,329 [INFO] [MainThread] [root/bar_manager.py:92]: Stopping SystemEventListener...
2025-12-28 15:16:06,329 [INFO] [MainThread] [root/bar_manager.py:92]: Stopping WindowsNotificationEventListener...
2025-12-28 15:16:06,330 [INFO] [MainThread] [core.utils.widgets.taskbar.window_manager/window_manager.py:218]: TaskbarWindowManager stopped
2025-12-28 15:16:06,331 [DEBUG] [MainThread] [systray_widget/systray.py:504]: Saving state to disk
2025-12-28 15:16:06,331 [DEBUG] [MainThread] [systray_widget/systray.py:508]: Saving state to C:\Users\ratta\AppData\Local\YASB\systray_state_INCG27Q30UMB6CBWL.json
2025-12-28 15:16:06,332 [DEBUG] [MainThread] [systray_widget/utils.py:96]: Destroying window 198352
2025-12-28 15:16:06,333 [DEBUG] [MainThread] [systray_widget/systray.py:504]: Saving state to disk
2025-12-28 15:16:06,334 [DEBUG] [MainThread] [systray_widget/systray.py:508]: Saving state to C:\Users\ratta\AppData\Local\YASB\systray_state_EKLTDLU28R55H4ZMB00043.json
2025-12-28 15:16:06,335 [DEBUG] [MainThread] [systray_widget/utils.py:96]: Destroying window 198352
2025-12-28 10:51:12,797 [INFO] [MainThread] [root/log.py:69]: YASB v1.8.6
2025-12-28 10:51:12,798 [INFO] [Thread-1 (_run_server)] [cli_server/cli_server.py:212]: CLI server started v1.1.4
2025-12-28 10:51:12,799 [INFO] [MainThread] [cli_server/cli_server.py:104]: Log pipe server started
2025-12-28 10:51:13,218 [ERROR] [MainThread] [root/weather.py:60]: API key or location is missing. Please provide a valid API key and location.
2025-12-28 10:51:13,592 [INFO] [MainThread] [root/service.py:48]: AudioOutputService starting...
2025-12-28 10:51:14,010 [DEBUG] [MainThread] [root/pin_manager.py:163]: Loaded 0 pinned apps from C:\Users\ratta\AppData\Local\YASB\taskbar_pinned.json
2025-12-28 10:51:14,080 [INFO] [MainThread] [core.utils.widgets.taskbar.window_manager/window_manager.py:191]: TaskbarWindowManager is starting...
2025-12-28 10:51:14,116 [ERROR] [MainThread] [root/weather.py:60]: API key or location is missing. Please provide a valid API key and location.
2025-12-28 10:51:14,257 [INFO] [MainThread] [root/bar_manager.py:85]: Starting SystemEventListener...
2025-12-28 10:51:14,257 [INFO] [MainThread] [root/bar_manager.py:85]: Starting WindowsNotificationEventListener...
2025-12-28 10:51:14,258 [INFO] [MainThread] [root/watcher.py:54]: Created file watcher for path C:\Users\ratta\.config\yasb
2025-12-28 10:51:14,302 [INFO] [MainThread] [root/update_service.py:409]: Background update checker started
2025-12-28 10:51:14,302 [DEBUG] [MainThread] [qasync._windows._EventPoller/_windows.py:215]: Starting (proactor: <_IocpProactor overlapped#=0 result#=0>)...
2025-12-28 10:51:14,306 [DEBUG] [Dummy-5] [qasync._windows._EventWorker/_windows.py:195]: Thread started
2025-12-28 10:51:14,309 [DEBUG] [MainThread] [systray_widget/systray.py:526]: Loading state from C:\Users\ratta\AppData\Local\YASB\systray_state_INCG27Q30UMB6CBWL.json
2025-12-28 10:51:14,318 [DEBUG] [SystrayMonitor] [systray_widget/systray.py:57]: Systray thread is starting...
2025-12-28 10:51:14,319 [DEBUG] [MainThread] [systray_widget/systray.py:526]: Loading state from C:\Users\ratta\AppData\Local\YASB\systray_state_EKLTDLU28R55H4ZMB00043.json
2025-12-28 10:51:14,323 [DEBUG] [SystrayMonitor] [systray_widget/systray_monitor.py:242]: Finding real tray hwnd
2025-12-28 10:51:14,357 [DEBUG] [MainThread] [systray_widget/systray.py:277]: Systray thread started
2025-12-28 10:51:14,558 [DEBUG] [SystrayMonitor] [systray_widget/systray_monitor.py:164]: Adding TaskbandHWND prop to hwnd 197986
2025-12-28 10:51:14,561 [DEBUG] [MainThread] [systray_widget/systray_monitor.py:157]: Sending TaskbarCreated message: 49325
2025-12-28 10:51:21,280 [INFO] [MainThread] [root/controller.py:35]: Exiting Application...
2025-12-28 10:51:21,381 [INFO] [MainThread] [cli_server/cli_server.py:112]: Log pipe server stopped
2025-12-28 10:51:21,381 [DEBUG] [MainThread] [cli_server/cli_server.py:206]: CLI server stopped
2025-12-28 10:51:21,652 [INFO] [MainThread] [root/bar_manager.py:92]: Stopping SystemEventListener...
2025-12-28 10:51:21,652 [INFO] [MainThread] [root/bar_manager.py:92]: Stopping WindowsNotificationEventListener...
2025-12-28 10:51:21,652 [INFO] [MainThread] [core.utils.widgets.taskbar.window_manager/window_manager.py:218]: TaskbarWindowManager stopped
2025-12-28 10:51:21,653 [DEBUG] [MainThread] [systray_widget/systray.py:504]: Saving state to disk
2025-12-28 10:51:21,653 [DEBUG] [MainThread] [systray_widget/systray.py:508]: Saving state to C:\Users\ratta\AppData\Local\YASB\systray_state_INCG27Q30UMB6CBWL.json
2025-12-28 10:51:21,653 [DEBUG] [MainThread] [systray_widget/utils.py:96]: Destroying window 197986
2025-12-28 10:51:21,654 [DEBUG] [MainThread] [systray_widget/systray.py:504]: Saving state to disk
2025-12-28 10:51:21,654 [DEBUG] [MainThread] [systray_widget/systray.py:508]: Saving state to C:\Users\ratta\AppData\Local\YASB\systray_state_EKLTDLU28R55H4ZMB00043.json
2025-12-28 10:51:21,654 [DEBUG] [MainThread] [systray_widget/utils.py:96]: Destroying window 197986
2025-12-28 10:51:21,691 [DEBUG] [MainThread] [qasync._windows._EventPoller/_windows.py:220]: Stopping worker thread...
2025-12-28 10:51:21,697 [DEBUG] [Dummy-5] [qasync._windows._EventWorker/_windows.py:204]: Exiting thread
2025-12-28 10:51:21,699 [DEBUG] [MainThread] [qasync._windows._IocpProactor/_windows.py:78]: Closing
2025-12-28 10:51:21,709 [DEBUG] [MainThread] [systray_widget/utils.py:96]: Destroying window 197986
2025-12-28 14:29:21,475 [INFO] [MainThread] [root/log.py:69]: YASB v1.8.6
2025-12-28 14:29:21,476 [INFO] [Thread-1 (_run_server)] [cli_server/cli_server.py:212]: CLI server started v1.1.4
2025-12-28 14:29:21,477 [INFO] [MainThread] [cli_server/cli_server.py:104]: Log pipe server started
2025-12-28 14:29:21,763 [ERROR] [MainThread] [root/weather.py:60]: API key or location is missing. Please provide a valid API key and location.
2025-12-28 14:29:22,117 [INFO] [MainThread] [root/service.py:48]: AudioOutputService starting...
2025-12-28 14:29:22,498 [DEBUG] [MainThread] [root/pin_manager.py:163]: Loaded 0 pinned apps from C:\Users\ratta\AppData\Local\YASB\taskbar_pinned.json
2025-12-28 14:29:22,661 [INFO] [MainThread] [core.utils.widgets.taskbar.window_manager/window_manager.py:191]: TaskbarWindowManager is starting...
2025-12-28 14:29:22,696 [ERROR] [MainThread] [root/weather.py:60]: API key or location is missing. Please provide a valid API key and location.
2025-12-28 14:29:22,818 [INFO] [MainThread] [root/bar_manager.py:85]: Starting SystemEventListener...
2025-12-28 14:29:22,818 [INFO] [MainThread] [root/bar_manager.py:85]: Starting WindowsNotificationEventListener...
2025-12-28 14:29:22,819 [INFO] [MainThread] [root/watcher.py:54]: Created file watcher for path C:\Users\ratta\.config\yasb
2025-12-28 14:29:22,892 [INFO] [MainThread] [root/update_service.py:409]: Background update checker started
2025-12-28 14:29:22,892 [DEBUG] [MainThread] [qasync._windows._EventPoller/_windows.py:215]: Starting (proactor: <_IocpProactor overlapped#=0 result#=0>)...
2025-12-28 14:29:22,893 [DEBUG] [Dummy-5] [qasync._windows._EventWorker/_windows.py:195]: Thread started
2025-12-28 14:29:22,895 [DEBUG] [MainThread] [systray_widget/systray.py:526]: Loading state from C:\Users\ratta\AppData\Local\YASB\systray_state_INCG27Q30UMB6CBWL.json
2025-12-28 14:29:22,903 [DEBUG] [SystrayMonitor] [systray_widget/systray.py:57]: Systray thread is starting...
2025-12-28 14:29:22,904 [DEBUG] [MainThread] [systray_widget/systray.py:526]: Loading state from C:\Users\ratta\AppData\Local\YASB\systray_state_EKLTDLU28R55H4ZMB00043.json
2025-12-28 14:29:22,942 [DEBUG] [MainThread] [systray_widget/systray.py:277]: Systray thread started
2025-12-28 14:29:23,143 [DEBUG] [SystrayMonitor] [systray_widget/systray_monitor.py:164]: Adding TaskbandHWND prop to hwnd 67174
2025-12-28 14:29:23,143 [DEBUG] [SystrayMonitor] [systray_widget/systray_monitor.py:242]: Finding real tray hwnd
2025-12-28 14:29:23,148 [DEBUG] [MainThread] [systray_widget/systray_monitor.py:157]: Sending TaskbarCreated message: 49341
2025-12-28 21:32:52,701 [INFO] [MainThread] [root/controller.py:35]: Exiting Application...
2025-12-28 21:32:52,812 [INFO] [MainThread] [cli_server/cli_server.py:112]: Log pipe server stopped
2025-12-28 21:32:52,812 [DEBUG] [MainThread] [cli_server/cli_server.py:206]: CLI server stopped
2025-12-28 21:32:53,065 [INFO] [MainThread] [root/bar_manager.py:92]: Stopping SystemEventListener...
2025-12-28 21:32:53,065 [INFO] [MainThread] [root/bar_manager.py:92]: Stopping WindowsNotificationEventListener...
2025-12-28 21:32:53,071 [INFO] [MainThread] [core.utils.widgets.taskbar.window_manager/window_manager.py:218]: TaskbarWindowManager stopped
2025-12-28 21:32:53,074 [DEBUG] [MainThread] [systray_widget/systray.py:504]: Saving state to disk
2025-12-28 21:32:53,074 [DEBUG] [MainThread] [systray_widget/systray.py:508]: Saving state to C:\Users\ratta\AppData\Local\YASB\systray_state_INCG27Q30UMB6CBWL.json
2025-12-28 21:32:53,083 [DEBUG] [MainThread] [systray_widget/utils.py:96]: Destroying window 67174
2025-12-28 21:32:53,083 [DEBUG] [MainThread] [systray_widget/systray.py:504]: Saving state to disk
2025-12-28 21:32:53,084 [DEBUG] [MainThread] [systray_widget/systray.py:508]: Saving state to C:\Users\ratta\AppData\Local\YASB\systray_state_EKLTDLU28R55H4ZMB00043.json
2025-12-28 21:32:53,090 [DEBUG] [MainThread] [systray_widget/utils.py:96]: Destroying window 67174
2025-12-28 21:32:53,115 [DEBUG] [MainThread] [qasync._windows._EventPoller/_windows.py:220]: Stopping worker thread...
2025-12-28 21:32:53,132 [DEBUG] [Dummy-5] [qasync._windows._EventWorker/_windows.py:204]: Exiting thread
2025-12-28 21:32:53,135 [DEBUG] [MainThread] [qasync._windows._IocpProactor/_windows.py:78]: Closing
2025-12-28 21:32:53,156 [DEBUG] [MainThread] [systray_widget/utils.py:96]: Destroying window 67174
2025-12-28 22:54:47,827 [INFO] [MainThread] [root/log.py:69]: YASB v1.8.6
2025-12-28 22:54:47,828 [INFO] [Thread-1 (_run_server)] [cli_server/cli_server.py:212]: CLI server started v1.1.4
2025-12-28 22:54:47,828 [INFO] [MainThread] [cli_server/cli_server.py:104]: Log pipe server started
2025-12-28 22:54:48,145 [ERROR] [MainThread] [root/weather.py:60]: API key or location is missing. Please provide a valid API key and location.
2025-12-28 22:54:48,513 [INFO] [MainThread] [root/service.py:48]: AudioOutputService starting...
2025-12-28 22:54:49,114 [DEBUG] [MainThread] [root/pin_manager.py:163]: Loaded 0 pinned apps from C:\Users\ratta\AppData\Local\YASB\taskbar_pinned.json
2025-12-28 22:54:49,204 [INFO] [MainThread] [core.utils.widgets.taskbar.window_manager/window_manager.py:191]: TaskbarWindowManager is starting...
2025-12-28 22:54:49,245 [ERROR] [MainThread] [root/weather.py:60]: API key or location is missing. Please provide a valid API key and location.
2025-12-28 22:54:49,366 [INFO] [MainThread] [root/bar_manager.py:85]: Starting SystemEventListener...
2025-12-28 22:54:49,366 [INFO] [MainThread] [root/bar_manager.py:85]: Starting WindowsNotificationEventListener...
2025-12-28 22:54:49,377 [INFO] [MainThread] [root/watcher.py:54]: Created file watcher for path C:\Users\ratta\.config\yasb
2025-12-28 22:54:49,428 [INFO] [MainThread] [root/update_service.py:409]: Background update checker started
2025-12-28 22:54:49,429 [DEBUG] [MainThread] [qasync._windows._EventPoller/_windows.py:215]: Starting (proactor: <_IocpProactor overlapped#=0 result#=0>)...
2025-12-28 22:54:49,430 [DEBUG] [Dummy-5] [qasync._windows._EventWorker/_windows.py:195]: Thread started
2025-12-28 22:54:49,432 [DEBUG] [MainThread] [systray_widget/systray.py:526]: Loading state from C:\Users\ratta\AppData\Local\YASB\systray_state_INCG27Q30UMB6CBWL.json
2025-12-28 22:54:49,454 [DEBUG] [SystrayMonitor] [systray_widget/systray.py:57]: Systray thread is starting...
2025-12-28 22:54:49,457 [DEBUG] [MainThread] [systray_widget/systray.py:526]: Loading state from C:\Users\ratta\AppData\Local\YASB\systray_state_EKLTDLU28R55H4ZMB00043.json
2025-12-28 22:54:49,492 [DEBUG] [MainThread] [systray_widget/systray.py:277]: Systray thread started
2025-12-28 22:54:49,693 [DEBUG] [SystrayMonitor] [systray_widget/systray_monitor.py:164]: Adding TaskbandHWND prop to hwnd 262468
2025-12-28 22:54:49,694 [DEBUG] [SystrayMonitor] [systray_widget/systray_monitor.py:242]: Finding real tray hwnd
2025-12-28 22:54:49,697 [DEBUG] [MainThread] [systray_widget/systray_monitor.py:157]: Sending TaskbarCreated message: 49341
2025-12-28 23:20:31,902 [INFO] [MainThread] [root/controller.py:35]: Exiting Application...
2025-12-28 23:20:32,009 [INFO] [MainThread] [cli_server/cli_server.py:112]: Log pipe server stopped
2025-12-28 23:20:32,009 [DEBUG] [MainThread] [cli_server/cli_server.py:206]: CLI server stopped
2025-12-28 23:20:32,307 [INFO] [MainThread] [root/bar_manager.py:92]: Stopping SystemEventListener...
2025-12-28 23:20:32,307 [INFO] [MainThread] [root/bar_manager.py:92]: Stopping WindowsNotificationEventListener...
2025-12-28 23:20:32,308 [INFO] [MainThread] [core.utils.widgets.taskbar.window_manager/window_manager.py:218]: TaskbarWindowManager stopped
2025-12-28 23:20:32,308 [DEBUG] [MainThread] [systray_widget/systray.py:504]: Saving state to disk
2025-12-28 23:20:32,309 [DEBUG] [MainThread] [systray_widget/systray.py:508]: Saving state to C:\Users\ratta\AppData\Local\YASB\systray_state_INCG27Q30UMB6CBWL.json
2025-12-28 23:20:32,324 [DEBUG] [MainThread] [systray_widget/utils.py:96]: Destroying window 262468
2025-12-28 23:20:32,325 [DEBUG] [MainThread] [systray_widget/systray.py:504]: Saving state to disk
2025-12-28 23:20:32,326 [DEBUG] [MainThread] [systray_widget/systray.py:508]: Saving state to C:\Users\ratta\AppData\Local\YASB\systray_state_EKLTDLU28R55H4ZMB00043.json
2025-12-28 23:20:32,337 [DEBUG] [MainThread] [systray_widget/utils.py:96]: Destroying window 262468
2025-12-28 23:20:32,365 [DEBUG] [MainThread] [qasync._windows._EventPoller/_windows.py:220]: Stopping worker thread...
2025-12-28 23:20:32,375 [DEBUG] [Dummy-5] [qasync._windows._EventWorker/_windows.py:204]: Exiting thread
2025-12-28 23:20:32,379 [DEBUG] [MainThread] [qasync._windows._IocpProactor/_windows.py:78]: Closing
2025-12-28 23:20:32,408 [DEBUG] [MainThread] [systray_widget/utils.py:96]: Destroying window 262468
2025-12-28 17:43:45,324 [INFO] [MainThread] [root/log.py:69]: YASB v1.8.6
2025-12-28 17:43:45,325 [INFO] [Thread-1 (_run_server)] [cli_server/cli_server.py:212]: CLI server started v1.1.4
2025-12-28 17:43:45,326 [INFO] [MainThread] [cli_server/cli_server.py:104]: Log pipe server started
2025-12-28 17:43:45,678 [ERROR] [MainThread] [root/weather.py:60]: API key or location is missing. Please provide a valid API key and location.
2025-12-28 17:43:46,057 [INFO] [MainThread] [root/service.py:48]: AudioOutputService starting...
2025-12-28 17:43:46,540 [DEBUG] [MainThread] [root/pin_manager.py:163]: Loaded 0 pinned apps from C:\Users\ratta\AppData\Local\YASB\taskbar_pinned.json
2025-12-28 17:43:46,613 [INFO] [MainThread] [core.utils.widgets.taskbar.window_manager/window_manager.py:191]: TaskbarWindowManager is starting...
2025-12-28 17:43:46,647 [ERROR] [MainThread] [root/weather.py:60]: API key or location is missing. Please provide a valid API key and location.
2025-12-28 17:43:46,773 [INFO] [MainThread] [root/bar_manager.py:85]: Starting SystemEventListener...
2025-12-28 17:43:46,773 [INFO] [MainThread] [root/bar_manager.py:85]: Starting WindowsNotificationEventListener...
2025-12-28 17:43:46,774 [INFO] [MainThread] [root/watcher.py:54]: Created file watcher for path C:\Users\ratta\.config\yasb
2025-12-28 17:43:46,826 [INFO] [MainThread] [root/update_service.py:409]: Background update checker started
2025-12-28 17:43:46,826 [DEBUG] [MainThread] [qasync._windows._EventPoller/_windows.py:215]: Starting (proactor: <_IocpProactor overlapped#=0 result#=0>)...
2025-12-28 17:43:46,828 [DEBUG] [Dummy-5] [qasync._windows._EventWorker/_windows.py:195]: Thread started
2025-12-28 17:43:46,830 [DEBUG] [MainThread] [systray_widget/systray.py:526]: Loading state from C:\Users\ratta\AppData\Local\YASB\systray_state_INCG27Q30UMB6CBWL.json
2025-12-28 17:43:46,837 [DEBUG] [SystrayMonitor] [systray_widget/systray.py:57]: Systray thread is starting...
2025-12-28 17:43:46,839 [DEBUG] [MainThread] [systray_widget/systray.py:526]: Loading state from C:\Users\ratta\AppData\Local\YASB\systray_state_EKLTDLU28R55H4ZMB00043.json
2025-12-28 17:43:46,873 [DEBUG] [MainThread] [systray_widget/systray.py:277]: Systray thread started
2025-12-28 17:43:47,074 [DEBUG] [SystrayMonitor] [systray_widget/systray_monitor.py:164]: Adding TaskbandHWND prop to hwnd 198004
2025-12-28 17:43:47,074 [DEBUG] [SystrayMonitor] [systray_widget/systray_monitor.py:242]: Finding real tray hwnd
2025-12-28 17:43:47,076 [DEBUG] [MainThread] [systray_widget/systray_monitor.py:157]: Sending TaskbarCreated message: 49341
2025-12-28 17:50:23,669 [INFO] [MainThread] [root/bar_manager.py:92]: Stopping SystemEventListener...
2025-12-28 17:50:23,670 [INFO] [MainThread] [root/bar_manager.py:92]: Stopping WindowsNotificationEventListener...
2025-12-28 17:50:23,670 [INFO] [MainThread] [core.utils.widgets.taskbar.window_manager/window_manager.py:218]: TaskbarWindowManager stopped
2025-12-28 17:50:23,671 [DEBUG] [MainThread] [systray_widget/systray.py:504]: Saving state to disk
2025-12-28 17:50:23,671 [DEBUG] [MainThread] [systray_widget/systray.py:508]: Saving state to C:\Users\ratta\AppData\Local\YASB\systray_state_INCG27Q30UMB6CBWL.json
2025-12-28 17:50:23,682 [DEBUG] [MainThread] [systray_widget/utils.py:96]: Destroying window 198004
2025-12-28 17:50:23,684 [DEBUG] [MainThread] [systray_widget/systray.py:504]: Saving state to disk
2025-12-28 17:50:23,684 [DEBUG] [MainThread] [systray_widget/systray.py:508]: Saving state to C:\Users\ratta\AppData\Local\YASB\systray_state_EKLTDLU28R55H4ZMB00043.json
2025-12-28 17:50:23,686 [DEBUG] [MainThread] [systray_widget/utils.py:96]: Destroying window 198004
2025-12-28 23:50:42,317 [INFO] [MainThread] [root/log.py:69]: YASB v1.8.6
2025-12-28 23:50:42,318 [INFO] [Thread-1 (_run_server)] [cli_server/cli_server.py:212]: CLI server started v1.1.4
2025-12-28 23:50:42,318 [INFO] [MainThread] [cli_server/cli_server.py:104]: Log pipe server started
2025-12-28 23:50:42,598 [ERROR] [MainThread] [root/weather.py:60]: API key or location is missing. Please provide a valid API key and location.
2025-12-28 23:50:42,933 [INFO] [MainThread] [root/service.py:48]: AudioOutputService starting...
2025-12-28 23:50:43,405 [DEBUG] [MainThread] [root/pin_manager.py:163]: Loaded 0 pinned apps from C:\Users\ratta\AppData\Local\YASB\taskbar_pinned.json
2025-12-28 23:50:43,470 [INFO] [MainThread] [core.utils.widgets.taskbar.window_manager/window_manager.py:191]: TaskbarWindowManager is starting...
2025-12-28 23:50:43,507 [ERROR] [MainThread] [root/weather.py:60]: API key or location is missing. Please provide a valid API key and location.
2025-12-28 23:50:43,646 [INFO] [MainThread] [root/bar_manager.py:85]: Starting SystemEventListener...
2025-12-28 23:50:43,646 [INFO] [MainThread] [root/bar_manager.py:85]: Starting WindowsNotificationEventListener...
2025-12-28 23:50:43,647 [INFO] [MainThread] [root/watcher.py:54]: Created file watcher for path C:\Users\ratta\.config\yasb
2025-12-28 23:50:43,692 [INFO] [MainThread] [root/update_service.py:409]: Background update checker started
2025-12-28 23:50:43,692 [DEBUG] [MainThread] [qasync._windows._EventPoller/_windows.py:215]: Starting (proactor: <_IocpProactor overlapped#=0 result#=0>)...
2025-12-28 23:50:43,694 [DEBUG] [Dummy-5] [qasync._windows._EventWorker/_windows.py:195]: Thread started
2025-12-28 23:50:43,696 [DEBUG] [MainThread] [systray_widget/systray.py:526]: Loading state from C:\Users\ratta\AppData\Local\YASB\systray_state_INCG27Q30UMB6CBWL.json
2025-12-28 23:50:43,703 [DEBUG] [SystrayMonitor] [systray_widget/systray.py:57]: Systray thread is starting...
2025-12-28 23:50:43,704 [DEBUG] [MainThread] [systray_widget/systray.py:526]: Loading state from C:\Users\ratta\AppData\Local\YASB\systray_state_EKLTDLU28R55H4ZMB00043.json
2025-12-28 23:50:43,729 [DEBUG] [MainThread] [systray_widget/systray.py:277]: Systray thread started
2025-12-28 23:50:43,931 [DEBUG] [SystrayMonitor] [systray_widget/systray_monitor.py:164]: Adding TaskbandHWND prop to hwnd 67170
2025-12-28 23:50:43,931 [DEBUG] [SystrayMonitor] [systray_widget/systray_monitor.py:242]: Finding real tray hwnd
2025-12-28 23:50:43,933 [DEBUG] [MainThread] [systray_widget/systray_monitor.py:157]: Sending TaskbarCreated message: 49333
2025-12-29 07:29:24,520 [INFO] [MainThread] [root/bar_manager.py:92]: Stopping SystemEventListener...
2025-12-29 07:29:24,522 [INFO] [MainThread] [root/bar_manager.py:92]: Stopping WindowsNotificationEventListener...
2025-12-29 07:29:24,522 [INFO] [MainThread] [core.utils.widgets.taskbar.window_manager/window_manager.py:218]: TaskbarWindowManager stopped
2025-12-29 07:29:24,524 [DEBUG] [MainThread] [systray_widget/systray.py:504]: Saving state to disk
2025-12-29 07:29:24,525 [DEBUG] [MainThread] [systray_widget/systray.py:508]: Saving state to C:\Users\ratta\AppData\Local\YASB\systray_state_INCG27Q30UMB6CBWL.json
2025-12-29 07:29:24,536 [DEBUG] [MainThread] [systray_widget/utils.py:96]: Destroying window 67170
2025-12-29 07:29:24,537 [DEBUG] [MainThread] [systray_widget/systray.py:504]: Saving state to disk
2025-12-29 07:29:24,538 [DEBUG] [MainThread] [systray_widget/systray.py:508]: Saving state to C:\Users\ratta\AppData\Local\YASB\systray_state_EKLTDLU28R55H4ZMB00043.json
2025-12-29 07:29:24,547 [DEBUG] [MainThread] [systray_widget/utils.py:96]: Destroying window 67170
2025-12-29 10:46:42,747 [INFO] [MainThread] [root/log.py:69]: YASB v1.8.6
2025-12-29 10:46:42,748 [INFO] [Thread-1 (_run_server)] [cli_server/cli_server.py:212]: CLI server started v1.1.4
2025-12-29 10:46:42,748 [INFO] [MainThread] [cli_server/cli_server.py:104]: Log pipe server started
2025-12-29 10:46:43,096 [ERROR] [MainThread] [root/weather.py:60]: API key or location is missing. Please provide a valid API key and location.
2025-12-29 10:46:43,454 [INFO] [MainThread] [root/service.py:48]: AudioOutputService starting...
2025-12-29 10:46:44,057 [DEBUG] [MainThread] [root/pin_manager.py:163]: Loaded 0 pinned apps from C:\Users\ratta\AppData\Local\YASB\taskbar_pinned.json
2025-12-29 10:46:44,142 [INFO] [MainThread] [core.utils.widgets.taskbar.window_manager/window_manager.py:191]: TaskbarWindowManager is starting...
2025-12-29 10:46:44,209 [ERROR] [MainThread] [root/weather.py:60]: API key or location is missing. Please provide a valid API key and location.
2025-12-29 10:46:44,388 [INFO] [MainThread] [root/bar_manager.py:85]: Starting WindowsNotificationEventListener...
2025-12-29 10:46:44,389 [INFO] [MainThread] [root/bar_manager.py:85]: Starting SystemEventListener...
2025-12-29 10:46:44,389 [INFO] [MainThread] [root/watcher.py:54]: Created file watcher for path C:\Users\ratta\.config\yasb
2025-12-29 10:46:44,455 [INFO] [MainThread] [root/update_service.py:409]: Background update checker started
2025-12-29 10:46:44,455 [DEBUG] [MainThread] [qasync._windows._EventPoller/_windows.py:215]: Starting (proactor: <_IocpProactor overlapped#=0 result#=0>)...
2025-12-29 10:46:44,458 [DEBUG] [Dummy-5] [qasync._windows._EventWorker/_windows.py:195]: Thread started
2025-12-29 10:46:44,463 [DEBUG] [MainThread] [systray_widget/systray.py:526]: Loading state from C:\Users\ratta\AppData\Local\YASB\systray_state_INCG27Q30UMB6CBWL.json
2025-12-29 10:46:44,483 [DEBUG] [SystrayMonitor] [systray_widget/systray.py:57]: Systray thread is starting...
2025-12-29 10:46:44,488 [DEBUG] [MainThread] [systray_widget/systray.py:526]: Loading state from C:\Users\ratta\AppData\Local\YASB\systray_state_EKLTDLU28R55H4ZMB00043.json
2025-12-29 10:46:44,564 [DEBUG] [MainThread] [systray_widget/systray.py:277]: Systray thread started
2025-12-29 10:46:44,765 [DEBUG] [SystrayMonitor] [systray_widget/systray_monitor.py:164]: Adding TaskbandHWND prop to hwnd 132598
2025-12-29 10:46:44,766 [DEBUG] [SystrayMonitor] [systray_widget/systray_monitor.py:242]: Finding real tray hwnd
2025-12-29 10:46:44,770 [DEBUG] [MainThread] [systray_widget/systray_monitor.py:157]: Sending TaskbarCreated message: 49332
